date,open,high,low,close,volume
2015-11-30 00:00:00-05:00,16.66415966863948,16.842196248218585,16.646357368987697,16.708669662475586,11926100
2015-12-01 00:00:00-05:00,16.681967010542568,17.118154850286544,16.664163009438816,17.073646545410156,17276500
2015-12-02 00:00:00-05:00,16.993532256510292,17.21607720308808,16.984630254901198,17.029138565063477,10679400
2015-12-03 00:00:00-05:00,17.118155741526483,17.1893700517662,16.628557570863798,16.699771881103516,15094900
2015-12-04 00:00:00-05:00,16.681962128174646,16.993525264772074,16.681962128174646,16.940114974975586,12265900
2015-12-07 00:00:00-05:00,17.002430418757253,17.046938718868997,16.80658982334682,16.833295822143555,13871100
2015-12-08 00:00:00-05:00,16.58403958988128,16.931210670979617,16.566237294295476,16.868898391723633,10641200
2015-12-09 00:00:00-05:00,16.66415813228165,17.171561827937033,16.65525613433515,16.940114974975586,13953500
2015-12-10 00:00:00-05:00,16.806583302411017,16.895601565978335,16.655252763711225,16.690860748291016,13511000
2015-12-11 00:00:00-05:00,16.55733723940196,16.57514123495808,16.254676106477778,16.308086395263672,13903800
2015-12-14 00:00:00-05:00,16.379308487971336,16.40601449403684,15.863004255887871,16.067745208740234,16391900
2015-12-15 00:00:00-05:00,16.20127114285593,16.530636679490335,16.174565140743805,16.432716369628906,16828400
2015-12-16 00:00:00-05:00,16.4772285704947,16.557344889632077,16.15676329394518,16.468326568603516,14933200
2015-12-17 00:00:00-05:00,16.65525938655942,16.65525938655942,16.058840688625605,16.076642990112305,13475400
2015-12-18 00:00:00-05:00,15.960916901243454,16.201265746548252,15.889702617214159,16.112247467041016,29994500
2015-12-21 00:00:00-05:00,16.290294778617366,16.51283979853227,16.156768106245178,16.486135482788086,9573300
2015-12-22 00:00:00-05:00,16.521735256562675,16.770986191343237,16.397110638113936,16.699771881103516,9538800
2015-12-23 00:00:00-05:00,16.73537359380143,17.144857038698213,16.708669295968186,16.993526458740234,15180500
2015-12-24 00:00:00-05:00,16.98462365642682,17.082543938201937,16.93121336540518,17.011329650878906,3195700
2015-12-28 00:00:00-05:00,17.07364084004305,17.12705112762361,16.690863433637116,16.913408279418945,8102300
2015-12-29 00:00:00-05:00,16.922310648598813,17.278382070092345,16.922310648598813,17.144855499267578,10880400
2015-12-30 00:00:00-05:00,16.99352041549456,17.224967202410266,16.859993880165277,16.877796173095703,6435400
2015-12-31 00:00:00-05:00,16.86000067359978,16.87780297370333,16.619651794433594,16.619651794433594,8685100
2016-01-04 00:00:00-05:00,16.299185572053123,16.441614151000977,16.20126698520309,16.441614151000977,13331700
2016-01-05 00:00:00-05:00,16.44161525245643,16.58404384094585,16.28138436381786,16.45941925048828,9442800
2016-01-06 00:00:00-05:00,16.17456411448948,16.227974417441892,15.346696778253971,15.78288459777832,28687200
2016-01-07 00:00:00-05:00,15.400108375533268,15.676065309393627,15.150859142218183,15.319992065429688,17003200
2016-01-08 00:00:00-05:00,15.33779229553116,15.364498291626177,14.705765668892871,14.946114540100098,30972800
2016-01-11 00:00:00-05:00,15.11524340608942,15.177555682540795,14.598939503929499,14.848190307617188,23412700
2016-01-12 00:00:00-05:00,15.070736898243542,15.311085733920622,14.750271784007435,14.910504341125488,13943700
2016-01-13 00:00:00-05:00,15.061836576120552,15.230971149433053,14.260675399303173,14.420907974243164,26701100
2016-01-14 00:00:00-05:00,14.563336097924605,15.15975638720809,14.420907524174746,14.963915824890137,20913200
2016-01-15 00:00:00-05:00,14.198360634268342,14.616745171527148,14.109343207557467,14.31408405303955,25362700
2016-01-19 00:00:00-05:00,14.563337306404721,14.91940877032653,14.527729311071205,14.643453598022461,21473700
2016-01-20 00:00:00-05:00,14.527729879883836,14.768078764147578,14.207265549806882,14.572239875793457,27857800
2016-01-21 00:00:00-05:00,14.732468968075983,15.222068675988337,14.474317814860312,14.963915824890137,17693100
2016-01-22 00:00:00-05:00,15.29328702168449,15.453519634149268,15.008429798583983,15.177562713623047,14021300
2016-01-25 00:00:00-05:00,15.133049975692867,15.275478545515847,15.044031695082882,15.052933692932129,9212100
2016-01-26 00:00:00-05:00,15.177560483250002,15.560337957247503,15.133052185387248,15.444615364074707,15786700
2016-01-27 00:00:00-05:00,15.400110820942315,15.595951475796955,15.115253538844653,15.213173866271973,12590200
2016-01-28 00:00:00-05:00,15.33778822077701,15.649351300916075,14.839288311283822,14.848190307617188,17497100
2016-01-29 00:00:00-05:00,14.981716541028417,15.74727123073761,14.981716541028417,15.711663246154785,18896700
2016-02-01 00:00:00-05:00,15.533628416887124,15.862993784867482,15.489118436158591,15.711663246154785,8861100
2016-02-02 00:00:00-05:00,15.489125938095343,15.515831939467132,15.124152408762447,15.177562713623047,11379600
2016-02-03 00:00:00-05:00,15.506922621180944,15.515824617437291,15.026225010631286,15.391200065612793,9221600
2016-02-04 00:00:00-05:00,15.43571206673034,15.818489508534972,15.364497777409657,15.649354934692383,13648100
2016-02-05 00:00:00-05:00,15.506925823488055,15.587042108457668,14.857095243519007,14.963915824890137,16145200
2016-02-08 00:00:00-05:00,14.74137281320695,14.75027481241702,14.127149299715565,14.412007331848145,15377300
2016-02-09 00:00:00-05:00,14.225065927367316,14.554433041387881,13.904601659735256,14.331888198852539,13838900
2016-02-10 00:00:00-05:00,14.412006263655647,14.509924851943358,14.198362543155765,14.233969688415527,13051600
2016-02-11 00:00:00-05:00,13.993621439614886,14.189460310846652,13.744370577961432,13.922407150268555,11210400
2016-02-12 00:00:00-05:00,14.06483392107163,14.367494187419032,13.797779945879277,14.296279907226562,8707200
2016-02-16 00:00:00-05:00,14.376397546255212,15.124148408036195,14.376397546255212,14.88379955291748,22150100
2016-02-17 00:00:00-05:00,15.035130309255775,15.373399449766849,14.937211724693139,15.257675170898438,11855600
2016-02-18 00:00:00-05:00,15.284379959106445,15.39120223133155,15.15975538974584,15.284379959106445,12865500
2016-02-19 00:00:00-05:00,16.468322082085937,16.77988527186412,16.227973190152813,16.361499786376953,35168200
2016-02-22 00:00:00-05:00,16.646357407312486,16.753177996999753,16.423812531267572,16.548437118530273,15303400
2016-02-23 00:00:00-05:00,16.53949286620476,16.76324142242636,16.485793690690063,16.566343307495117,12056300
2016-02-24 00:00:00-05:00,16.36048871208629,16.754284789504645,16.190439397207932,16.727436065673828,10671000
2016-02-25 00:00:00-05:00,16.790084657280232,16.96013396500063,16.62898549281515,16.90643310546875,10102000
2016-02-26 00:00:00-05:00,17.004880905151367,17.022781189483986,16.834831618121633,17.004880905151367,10634400
2016-02-29 00:00:00-05:00,16.986982707692185,17.210731168142498,16.888534545898438,16.888534545898438,9630500
2016-03-01 00:00:00-05:00,17.085439596268674,17.34498702935466,16.995939833903655,17.33603858947754,10150500
2016-03-02 00:00:00-05:00,17.139130026992987,17.461328324304795,17.09438102217306,17.44342803955078,11373300
2016-03-03 00:00:00-05:00,17.36288020404352,17.49712893901286,17.28233062164886,17.407630920410156,8138300
2016-03-04 00:00:00-05:00,17.497130316518312,17.497130316518312,17.24653311339739,17.353931427001953,8932600
2016-03-07 00:00:00-05:00,17.192831749252814,17.45238079586474,17.174933168883143,17.398681640625,9190700
2016-03-08 00:00:00-05:00,17.23758194890177,17.371830686492242,16.790085018889986,16.807985305786133,12899000
2016-03-09 00:00:00-05:00,17.013831243409584,17.25547996348983,16.95118195458843,17.15703010559082,10108300
2016-03-10 00:00:00-05:00,17.309176070327847,17.5776734629998,17.183877514689573,17.515024185180664,15402100
2016-03-11 00:00:00-05:00,17.6313841710508,17.98938146391632,17.541884421067984,17.93568229675293,15394400
2016-03-14 00:00:00-04:00,17.881977607608203,17.989377626088167,17.75667900860273,17.81932830810547,11496400
2016-03-15 00:00:00-04:00,17.729829437319093,17.846179605238838,17.694030567466033,17.810379028320312,10204300
2016-03-16 00:00:00-04:00,17.819325368806094,18.02517352095052,17.747725937318247,17.944623947143555,14361000
2016-03-17 00:00:00-04:00,17.78352536479292,18.28472135302827,17.78352536479292,18.15047264099121,13491100
2016-03-18 00:00:00-04:00,18.213126083722173,18.37422525776741,18.043076765889385,18.338424682617188,19742300
2016-03-21 00:00:00-04:00,18.31157578232599,18.70537360657783,18.21312760656217,18.553224563598633,13961000
2016-03-22 00:00:00-04:00,18.463722426343065,18.687470889472632,18.347373976624425,18.597972869873047,7568600
2016-03-23 00:00:00-04:00,18.508469775445032,18.580069202335796,18.078873214100444,18.15047264099121,12699200
2016-03-24 00:00:00-04:00,18.15046876309837,18.18626761536274,17.64032103504789,18.03411865234375,14108500
2016-03-28 00:00:00-04:00,18.096775075033815,18.186274801657444,18.034125778516863,18.078876495361328,5424300
2016-03-29 00:00:00-04:00,18.007278578343215,18.508474699930062,17.935679132402235,18.42792510986328,7850900
2016-03-30 00:00:00-04:00,18.624823315288296,18.97387211085369,18.624823315288296,18.830673217773438,12446200
2016-03-31 00:00:00-04:00,18.714320122394728,19.161817020026483,18.69641983679381,18.955968856811523,14526500
2016-04-01 00:00:00-04:00,18.78592110108224,19.17076873779297,18.69642137279004,19.17076873779297,11886700
2016-04-04 00:00:00-04:00,19.108118740642112,19.206566901800972,18.920169147401985,18.947019577026367,7935300
2016-04-05 00:00:00-04:00,18.794871080535266,18.911219531353648,18.687471066109183,18.7501220703125,8911600
2016-04-06 00:00:00-04:00,18.58901878083249,18.90226690413753,18.544268073466093,18.84856605529785,8766800
2016-04-07 00:00:00-04:00,18.705369239492946,18.785918814444834,18.50847122686896,18.615869522094727,9180800
2016-04-08 00:00:00-04:00,18.830674462972162,19.000722092833634,18.526376368288215,18.60692596435547,8668100
2016-04-11 00:00:00-04:00,18.750117209618868,18.947015193447562,18.723266786206597,18.741167068481445,13810000
2016-04-12 00:00:00-04:00,18.821723246506032,18.830673390788963,18.589024616346226,18.732223510742188,8306100
2016-04-13 00:00:00-04:00,18.759070832565026,19.134968328987988,18.750122396017286,19.07231903076172,8393600
2016-04-14 00:00:00-04:00,19.0902232779848,19.260272627777113,18.544276353794892,19.224472045898438,18154200
2016-04-15 00:00:00-04:00,19.21551513671875,19.251315705995907,19.05441769616684,19.21551513671875,12349900
2016-04-18 00:00:00-04:00,19.15286930271688,19.394518067735714,19.02757070177322,19.29606819152832,9351900
2016-04-19 00:00:00-04:00,19.13497062156853,19.260270940098778,18.94702270437149,18.973873138427734,12243000
2016-04-20 00:00:00-04:00,18.911219686791085,19.081268999752858,18.768020804422854,18.920169830322266,13615900
2016-04-21 00:00:00-04:00,18.8754206645885,19.009669402322118,18.66062234280165,18.7501220703125,8925900
2016-04-22 00:00:00-04:00,18.741168136903042,19.027565841368443,18.678518852434358,18.884366989135742,9139300
2016-04-25 00:00:00-04:00,18.81276649051596,18.91121462889787,18.678517787584354,18.741167068481445,6772300
2016-04-26 00:00:00-04:00,18.902269371431164,19.197617250341093,18.794869366797933,19.036518096923828,9230900
2016-04-27 00:00:00-04:00,19.01861971181583,19.26026846608517,18.947020270595136,19.17076873779297,9512600
2016-04-28 00:00:00-04:00,19.027566657984906,19.054417084080256,18.544269230658877,18.624818801879883,10875700
2016-04-29 00:00:00-04:00,18.48162338816644,18.49952367556632,18.05202673296149,18.320524215698242,14884500
2016-05-02 00:00:00-04:00,18.34737552671608,18.48162427452286,18.1683760582634,18.177326202392578,11773500
2016-05-03 00:00:00-04:00,17.998331936028304,18.204180169775903,17.88198174682086,17.989381790161133,16630800
2016-05-04 00:00:00-04:00,17.899881398469912,17.917781689564155,17.640332298800555,17.76563262939453,12115100
2016-05-05 00:00:00-04:00,17.8014315045173,17.88198110737567,17.63138386031915,17.76563262939453,9268100
2016-05-06 00:00:00-04:00,17.6761311599223,17.81037991592632,17.56873113087975,17.783531188964844,7069100
2016-05-09 00:00:00-04:00,17.783523544548697,17.90882210201627,17.720872558750095,17.801422119140625,5616400
2016-05-10 00:00:00-04:00,17.810371940973166,17.899871640589065,17.71192380775398,17.88197135925293,11661700
2016-05-11 00:00:00-04:00,17.801424920875156,18.04307364007941,17.756675916755146,17.908824920654297,20502400
2016-05-12 00:00:00-04:00,18.025178448650777,18.06097902771437,17.41658226109427,17.5687313079834,11787900
2016-05-13 00:00:00-04:00,17.523976600788433,17.64927517269259,17.47027745669594,17.550827026367188,10177800
2016-05-16 00:00:00-04:00,17.48818494569665,17.88198110737567,17.48818494569665,17.76563262939453,7795900
2016-05-17 00:00:00-04:00,17.720883328619305,17.88198254730844,17.53293537819255,17.57768440246582,7844900
2016-05-18 00:00:00-04:00,17.577678694959054,17.989376754270545,17.532929685215876,17.828277587890625,10025000
2016-05-19 00:00:00-04:00,17.711929996690888,17.935678470380875,17.64927899012277,17.81932830810547,14193300
2016-05-20 00:00:00-04:00,19.4392721957384,20.387967217592806,19.421373610226055,20.280567169189453,53385000
2016-05-23 00:00:00-04:00,20.47746103924191,20.60276135435804,20.37901286451592,20.495361328125,24854300
2016-05-24 00:00:00-04:00,20.61222147642902,21.115615844726562,20.603232076961774,21.115615844726562,19040300
2016-05-25 00:00:00-04:00,21.38528734447933,21.466188490375643,21.016728916573744,21.2684268951416,14740200
2016-05-26 00:00:00-04:00,21.27741756188708,21.45720208795562,21.214493492128785,21.33135223388672,12330500
2016-05-27 00:00:00-04:00,21.448212358625184,22.09543355627225,21.39427597290705,21.969585418701172,18555600
2016-05-31 00:00:00-04:00,21.861720186937504,21.99655775805615,21.663958530267013,21.95161247253418,18801400
2016-06-01 00:00:00-04:00,21.843737847496712,22.005543592442272,21.78081377214065,21.915651321411133,10480900
2016-06-02 00:00:00-04:00,22.02352129532928,22.158358837900415,21.969586621211306,22.041500091552734,18034800
2016-06-03 00:00:00-04:00,21.942623270406866,21.99655795643018,21.67294812573754,21.924644470214844,16194500
2016-06-06 00:00:00-04:00,21.951612794582605,22.050494481644897,21.663958848095316,21.726882934570312,13550500
2016-06-07 00:00:00-04:00,21.852731107520313,21.89767810825443,21.67294824824214,21.726882934570312,10476100
2016-06-08 00:00:00-04:00,21.753844831740402,21.84373537805693,21.654963173329495,21.780811309814453,8014900
2016-06-09 00:00:00-04:00,21.601034444715165,21.987568358041205,21.493163359088605,21.95161247253418,11920900
2016-06-10 00:00:00-04:00,21.933630992189176,21.97857798677131,21.538106012629065,21.636987686157227,12630200
2016-06-13 00:00:00-04:00,21.556082219564956,21.708898553671645,21.439223476802113,21.520126342773438,11253000
2016-06-14 00:00:00-04:00,21.322368489754666,21.4661954629243,21.088649229715827,21.340347290039062,14600500
2016-06-15 00:00:00-04:00,21.430238117930735,21.529119798210246,21.142584191175043,21.30438995361328,13912700
2016-06-16 00:00:00-04:00,21.142580468806415,21.349331477942346,20.9627959389607,21.29539680480957,12827600
2016-06-17 00:00:00-04:00,21.259433771260916,21.259433771260916,20.998748155719678,21.06167221069336,22138500
2016-06-20 00:00:00-04:00,21.457204852418073,21.538106013564366,21.24146270751953,21.24146270751953,13020700
2016-06-21 00:00:00-04:00,21.295395532958132,21.502146529746014,21.250448545904955,21.42124366760254,7720100
2016-06-22 00:00:00-04:00,21.4212461955966,21.816771155580582,21.376300917791518,21.547094345092773,11645700
2016-06-23 00:00:00-04:00,21.879694354646425,22.05048948966446,21.690920423404936,22.041500091552734,10942900
2016-06-24 00:00:00-04:00,21.12460175988426,21.53810377985857,20.80997968863509,20.881893157958984,35722800
2016-06-27 00:00:00-04:00,20.71110242330972,20.827961183144527,19.929041842852666,20.03691291809082,20293800
2016-06-28 00:00:00-04:00,20.450414943934845,20.648176581098806,20.279619789603085,20.6212100982666,13573800
2016-06-29 00:00:00-04:00,20.899874759405694,21.313376834886117,20.83695067961977,21.178539276123047,13315300
2016-06-30 00:00:00-04:00,21.313375128490986,21.55608374356428,21.097634708832206,21.547094345092773,10256700
2016-07-01 00:00:00-04:00,21.367310325713767,21.592040131290346,21.34034213180573,21.47517967224121,8593000
2016-07-05 00:00:00-04:00,21.34933584024867,21.45720692310785,21.115616589514364,21.430238723754883,8747100
2016-07-06 00:00:00-04:00,21.23247002701646,21.59203732631795,21.142577773553057,21.574058532714844,9625800
2016-07-07 00:00:00-04:00,21.592044387145172,21.987567688441054,21.57406558766281,21.834753036499023,10056500
2016-07-08 00:00:00-04:00,22.023523392372134,22.44601485653791,21.960599314150905,22.410058975219727,14148100
2016-07-11 00:00:00-04:00,22.472982956038535,22.742658065689984,22.472982956038535,22.607820510864258,11026200
2016-07-12 00:00:00-04:00,22.760636508391038,22.88648466232431,22.589841360515518,22.84153938293457,10623000
2016-07-13 00:00:00-04:00,22.913450415419238,23.344931223940783,22.85052634516222,23.290996551513672,15989700
2016-07-14 00:00:00-04:00,23.44381510217639,23.58764205194936,23.138182405270708,23.461793899536133,14888600
2016-07-15 00:00:00-04:00,23.506735171993313,23.67753028869629,23.32695237269477,23.67753028869629,11635400
2016-07-18 00:00:00-04:00,23.848332705417853,23.947212675206124,23.695516336233016,23.911256790161133,13473000
2016-07-19 00:00:00-04:00,23.821362449732437,24.109016363476265,23.65955669461339,23.72248077392578,15996700
2016-07-20 00:00:00-04:00,23.884288070268283,24.064072635235735,23.749450503819034,23.956201553344727,9809500
2016-07-21 00:00:00-04:00,23.920241702100242,23.965186978611946,23.425835087709505,23.578651428222656,14638500
2016-07-22 00:00:00-04:00,23.722477279410647,23.740456075009355,23.443812805839944,23.704500198364258,5292100
2016-07-25 00:00:00-04:00,23.767426928167424,23.89327508233713,23.596631779971023,23.8123722076416,6859600
2016-07-26 00:00:00-04:00,23.96518952593086,24.11800588268724,23.785404971669507,24.100027084350586,11877000
2016-07-27 00:00:00-04:00,24.162948480271528,24.369701209074464,23.92923098606366,24.180927276611328,10220900
2016-07-28 00:00:00-04:00,24.109016390037066,24.225876864219597,23.893275954491514,23.92923355102539,8239100
2016-07-29 00:00:00-04:00,23.89326540502803,23.983157642120524,23.515719380881013,23.632579803466797,8805600
2016-08-01 00:00:00-04:00,23.740460744183313,23.785406027467417,23.54269909735955,23.614612579345703,6456700
2016-08-02 00:00:00-04:00,23.578651769410445,23.59663056609624,23.084246862417967,23.344932556152344,10462200
2016-08-03 00:00:00-04:00,23.28200475509744,23.569658597810122,23.24604888203443,23.551681518554688,5615600
2016-08-04 00:00:00-04:00,23.551683864879873,23.704500198364258,23.49774747808375,23.704500198364258,4926200
2016-08-05 00:00:00-04:00,23.82136256834281,24.15396347936054,23.71349149287548,24.100027084350586,6914600
2016-08-08 00:00:00-04:00,24.135984550803126,24.19890863008933,24.01912407679797,24.118005752563477,5746100
2016-08-09 00:00:00-04:00,24.22587536426295,24.22587536426295,24.0101332275226,24.082048416137695,6923700
2016-08-10 00:00:00-04:00,24.091037433274664,24.144973827720634,23.70450356039392,23.740459442138672,6234300
2016-08-11 00:00:00-04:00,23.875295295510742,24.26183085536254,23.740457748122367,24.1090145111084,7599100
2016-08-12 00:00:00-04:00,24.14497470892521,24.46858451464881,24.14497470892521,24.432628631591797,9852900
2016-08-15 00:00:00-04:00,24.63038571432208,24.94500777694172,24.585440440184552,24.693309783935547,10768500
2016-08-16 00:00:00-04:00,24.657354171384377,24.738257037339487,24.45959084813752,24.46858024597168,6704700
2016-08-17 00:00:00-04:00,24.657357557268785,24.657357557268785,24.270821970083492,24.531509399414062,10255300
2016-08-18 00:00:00-04:00,24.81017422860686,24.909054190516418,24.504541514589874,24.88208770751953,20765000
2016-08-19 00:00:00-04:00,26.05966949088488,26.733858944919838,25.74504740275808,26.643966674804688,53886000
2016-08-22 00:00:00-04:00,26.518117096812503,26.545085290759975,25.951798740334457,26.203495025634766,29150800
2016-08-23 00:00:00-04:00,26.383900026021458,27.195711990423515,26.33880003039811,27.015310287475586,23549500
2016-08-24 00:00:00-04:00,27.015311704166724,27.060411702155125,26.708626900572593,26.78980827331543,12402100
2016-08-25 00:00:00-04:00,26.726664513731894,27.024328958560066,26.690584861259612,26.744705200195312,10441700
2016-08-26 00:00:00-04:00,26.86197052169434,27.204734995147103,26.78980948936456,27.03335189819336,12175200
2016-08-29 00:00:00-04:00,26.988245890709003,27.303950982047922,26.699601825640617,27.105506896972656,9799100
2016-08-30 00:00:00-04:00,27.23179119590942,27.240811538407073,26.789804736251025,27.051387786865234,12069300
2016-08-31 00:00:00-04:00,26.96119001020094,26.979230697824512,26.654505202418907,26.91609001159668,10595700
2016-09-01 00:00:00-04:00,27.006289654158383,27.32199478149414,26.907067600307407,27.32199478149414,10705200
2016-09-02 00:00:00-04:00,27.412195255625733,27.430235942181536,26.898047731967317,27.07845115661621,11528100
2016-09-06 00:00:00-04:00,27.09649763581272,27.258858688160505,26.870994167021156,27.042375564575195,14689400
2016-09-07 00:00:00-04:00,27.087475201758956,27.285917619628894,26.94315313049813,26.979232788085938,11248800
2016-09-08 00:00:00-04:00,26.934133352971383,27.033353703767617,26.735689210469246,26.87099266052246,8170400
2016-09-09 00:00:00-04:00,26.609408053108623,26.744709783863968,25.860736641110538,26.032119750976562,14681900
2016-09-12 00:00:00-04:00,25.833672368623546,26.852948834824684,25.734452029415777,26.69058609008789,16269100
2016-09-13 00:00:00-04:00,26.419985728679542,26.717650221757705,26.239582275711943,26.50116539001465,13010400
2016-09-14 00:00:00-04:00,26.50116292915626,26.60940533497656,26.401942587646882,26.5462646484375,12243000
2016-09-15 00:00:00-04:00,26.68156737449259,27.412198049935032,26.627447029762898,27.195714950561523,15579400
2016-09-16 00:00:00-04:00,27.40317130413122,27.457293356672295,26.961184864438465,27.105506896972656,16245800
2016-09-19 00:00:00-04:00,27.45729197357979,27.763976707380056,27.30394960667966,27.331008911132812,13655500
2016-09-20 00:00:00-04:00,27.60162089379899,27.700841235669802,27.231795396619013,27.41219711303711,13183700
2016-09-21 00:00:00-04:00,27.44827689186458,27.664759971245786,27.060410729469453,27.57455825805664,21288300
2016-09-22 00:00:00-04:00,27.745940585345025,28.025564340206056,27.213752384524483,27.32199478149414,15660400
2016-09-23 00:00:00-04:00,27.358072323229813,27.43925368458144,26.70862315287119,26.75372314453125,13971800
2016-09-26 00:00:00-04:00,26.6003833857204,26.717646128319846,26.356839277664225,26.474102020263672,12610300
2016-09-27 00:00:00-04:00,26.47410416048714,26.843929663897523,26.392922784572207,26.735687255859375,17381900
2016-09-28 00:00:00-04:00,26.816863523033792,27.042366919736978,26.582339784007953,26.825883865356445,14034800
2016-09-29 00:00:00-04:00,26.75372726845524,26.89804932855908,26.429001772994273,26.68156623840332,11534000
2016-09-30 00:00:00-04:00,26.771769096011905,27.249835295291216,26.753728407617096,27.195714950561523,13210900
2016-10-03 00:00:00-04:00,27.222770659630864,27.421213031803358,26.88000452897772,26.98824691772461,9867600
2016-10-04 00:00:00-04:00,26.970206941735956,27.177669661794788,26.62744252252808,26.7086238861084,8483100
2016-10-05 00:00:00-04:00,26.82589079831997,27.222777360817357,26.690589069421154,27.00629425048828,7940000
2016-10-06 00:00:00-04:00,27.105511326136604,27.123552013264895,26.555284132360747,26.96118927001953,13015400
2016-10-07 00:00:00-04:00,26.90707238375903,26.97923342108251,26.591367200298233,26.834911346435547,11641500
2016-10-10 00:00:00-04:00,27.03335368376876,27.06041471785035,26.47410607638789,26.50116539001465,10270700
2016-10-11 00:00:00-04:00,26.492144828022703,26.510183795636145,25.53600900586719,25.83367347717285,20018700
2016-10-12 00:00:00-04:00,25.851714165241003,25.977995540808646,25.49090900615152,25.83367347717285,11687700
2016-10-13 00:00:00-04:00,25.48188308090061,25.490903422958986,24.85949324250715,25.130098342895508,16963800
2016-10-14 00:00:00-04:00,25.21127838482751,25.626203775126005,25.094015664644548,25.31951904296875,12138200
2016-10-17 00:00:00-04:00,25.84269512450139,25.84269512450139,25.021862701006217,25.07598304748535,11038600
2016-10-18 00:00:00-04:00,25.472869833128694,25.563071558379654,25.22030534651697,25.27442741394043,11970800
2016-10-19 00:00:00-04:00,25.23834011024866,25.644246918352543,25.21128080334467,25.545024871826172,11794000
2016-10-20 00:00:00-04:00,25.45482764028547,25.662292112243495,25.274425920895297,25.599149703979492,12119100
2016-10-21 00:00:00-04:00,25.490906569390987,25.76150998272654,25.301482803692462,25.644248962402344,9875700
2016-10-24 00:00:00-04:00,25.89681087241246,26.302717700064957,25.842690535543625,26.293697357177734,12300700
2016-10-25 00:00:00-04:00,26.230562174720745,26.429004598464928,25.932897678877048,26.032119750976562,9773200
2016-10-26 00:00:00-04:00,25.89681679046662,26.176442322508255,25.81563712683908,26.023099899291992,7343500
2016-10-27 00:00:00-04:00,26.221541829943078,26.429004598464928,25.860736641110538,26.032119750976562,9128000
2016-10-28 00:00:00-04:00,26.122318536751916,26.32076267167465,25.770533709141283,25.851715087890625,11541600
2016-10-31 00:00:00-04:00,25.914851371081724,26.31173785298148,25.896810685437536,26.23055648803711,10929200
2016-11-01 00:00:00-04:00,26.257619112889007,26.365859792425894,25.71641055384082,26.068195343017578,10437400
2016-11-02 00:00:00-04:00,25.92387594224097,26.23958111068973,25.68033180768437,25.78857421875,9944300
2016-11-03 00:00:00-04:00,25.725432868277377,25.78857355625412,25.364627708085454,25.499929428100586,12013800
2016-11-04 00:00:00-04:00,25.30148205913296,25.833670247425854,25.27442275086842,25.454824447631836,8665800
2016-11-07 00:00:00-05:00,25.860735264251844,26.474104912837994,25.824653887062183,26.456064224243164,12024900
2016-11-08 00:00:00-05:00,26.465086759120894,26.76275126375498,26.25762398447242,26.61842918395996,7395800
2016-11-09 00:00:00-05:00,26.456059156944924,26.456059156944924,25.581106573138037,26.27565574645996,12558600
2016-11-10 00:00:00-05:00,26.34781800327284,26.970207906159736,25.346584017403373,25.418745040893555,14796800
2016-11-11 00:00:00-05:00,25.70739051276044,26.01407530914553,25.472866743733338,25.996034622192383,12748400
2016-11-14 00:00:00-05:00,26.519197511520286,26.60939920886152,26.09525177060705,26.149372100830078,12293800
2016-11-15 00:00:00-05:00,26.43801876735586,26.735683193665537,26.248596732638088,26.7086238861084,12678700
2016-11-16 00:00:00-05:00,27.060410470060408,27.331013886579186,26.64548500200434,27.07845115661621,16103200
2016-11-17 00:00:00-05:00,27.41219114140881,27.827118267644227,27.060406408641846,27.718875885009766,19147600
2016-11-18 00:00:00-05:00,27.484361123392,28.187932538927377,27.37612042589724,27.7279052734375,23958900
2016-11-21 00:00:00-05:00,27.854185798972594,28.368335117759056,27.818106141075454,28.278133392333984,13076800
2016-11-22 00:00:00-05:00,28.53150239731184,28.775824126480092,28.36862009389296,28.658187866210938,8955600
2016-11-23 00:00:00-05:00,28.631035495206913,28.911555738363482,28.513399254433992,28.84821128845215,9876700
2016-11-25 00:00:00-05:00,28.694378219158466,28.929652426664084,28.45005653048244,28.84821128845215,4703900
2016-11-28 00:00:00-05:00,28.812023162841797,29.10159095728882,28.61294573564952,28.812023162841797,8412900
2016-11-29 00:00:00-05:00,28.65818457204419,29.273515154509575,28.567694222106383,29.101585388183594,8982900
2016-11-30 00:00:00-05:00,29.101591934082084,29.445454995999814,29.002052354164807,29.137788772583008,14878900
2016-12-01 00:00:00-05:00,29.083490868964674,29.119687704172595,27.011270380194087,27.23749542236328,25173900
2016-12-02 00:00:00-05:00,27.327987627715494,28.459112914856693,27.20130042190273,28.450063705444336,15229600
2016-12-05 00:00:00-05:00,28.6853348614263,28.812020327540097,28.359570261750786,28.53150177001953,13035900
2016-12-06 00:00:00-05:00,28.694387651201783,28.802976446498178,28.241937501727442,28.603899002075195,10088000
2016-12-07 00:00:00-05:00,28.775822388383123,29.544989541829167,28.314324857851435,29.41830062866211,12589000
2016-12-08 00:00:00-05:00,29.662629775891272,29.7893152615117,29.364014481488912,29.599287033081055,10131400
2016-12-09 00:00:00-05:00,29.662624937823892,29.70787270552593,28.87536279707287,29.273517608642578,10774400
2016-12-12 00:00:00-05:00,29.119696166103495,29.246381674224722,28.658196738855395,28.95681381225586,7709200
2016-12-13 00:00:00-05:00,28.993000595505816,29.291615839306566,28.911559446847427,28.983949661254883,6322000
2016-12-14 00:00:00-05:00,28.893460273105635,29.282567589619056,28.83916675074282,29.08348846435547,10482800
2016-12-15 00:00:00-05:00,29.264471150013485,29.95219374895068,28.920608124584813,29.916000366210938,11742600
2016-12-16 00:00:00-05:00,30.2236646144416,30.2236646144416,29.33685948187182,29.41830062866211,13336500
2016-12-19 00:00:00-05:00,29.183022118189534,29.644519553772263,29.183022118189534,29.354951858520508,10385100
2016-12-20 00:00:00-05:00,29.63548025470152,29.780264142296534,29.27351880975389,29.5087947845459,8185600
2016-12-21 00:00:00-05:00,29.409257630447886,29.85266026433656,29.409257630447886,29.481651306152344,6521200
2016-12-22 00:00:00-05:00,29.816462438883754,30.4227439191849,29.735021282374014,29.87075424194336,9492900
2016-12-23 00:00:00-05:00,29.789308495112145,29.86170215726338,29.554035996960238,29.77121353149414,4028100
2016-12-27 00:00:00-05:00,29.99743420295683,30.27795097336282,29.952186444706168,30.160316467285156,5008500
2016-12-28 00:00:00-05:00,30.35939650283381,30.477034477869665,29.753115115956334,29.77121353149414,5388600
2016-12-29 00:00:00-05:00,29.680722555664108,29.85265578369619,29.39115480014894,29.55403709411621,4472500
2016-12-30 00:00:00-05:00,29.73501728578917,29.78026159956448,29.119684953069306,29.201126098632812,5887700
2017-01-03 00:00:00-05:00,29.28256393566884,29.599277548231598,28.649133258623845,28.90250587463379,13209400
2017-01-04 00:00:00-05:00,29.03825380963403,29.41831031855966,29.0111079024025,29.17399024963379,9460600
2017-01-05 00:00:00-05:00,29.22827726368314,29.318769359461033,28.8753667199506,29.04729652404785,7290200
2017-01-06 00:00:00-05:00,28.993000030517578,29.16492980681488,28.830117736374902,28.993000030517578,7063600
2017-01-09 00:00:00-05:00,29.20112682408577,29.92504621823491,29.1468315750546,29.66262435913086,9271800
2017-01-10 00:00:00-05:00,29.74407122323771,30.042689972420817,29.626436672275233,29.979347229003906,8753300
2017-01-11 00:00:00-05:00,30.051741782629023,30.296065307518827,29.68073275266772,30.287017822265625,10620100
2017-01-12 00:00:00-05:00,30.087928109851365,30.169369256345806,29.499741668289314,30.142223358154297,6484100
2017-01-13 00:00:00-05:00,30.151270186213903,30.676113885997765,30.13317177050551,30.576574325561523,6911200
2017-01-17 00:00:00-05:00,30.576579432705522,30.612776270168194,29.943148584790478,30.133176803588867,6428600
2017-01-18 00:00:00-05:00,30.477044129095447,30.7666119655588,30.341307695537857,30.48609161376953,10609400
2017-01-19 00:00:00-05:00,30.495139969219842,30.88424736376813,30.46799061365374,30.54038429260254,8333400
2017-01-20 00:00:00-05:00,30.69421257688157,30.929488557739603,30.558479620466784,30.621822357177734,8571700
2017-01-23 00:00:00-05:00,30.549431776510836,30.947590106888025,30.368454482980045,30.54038429260254,7254400
2017-01-24 00:00:00-05:00,30.66706529522147,30.956633064839746,30.65801781263594,30.793750762939453,9702800
2017-01-25 00:00:00-05:00,31.038078507478765,31.51767799690917,30.965688281024725,31.146665573120117,12086300
2017-01-26 00:00:00-05:00,31.14666716369779,31.1919149409529,30.630874260660477,30.748512268066406,9375500
2017-01-27 00:00:00-05:00,31.00187816011961,31.807242207259666,30.96568477694852,31.70770263671875,11055900
2017-01-30 00:00:00-05:00,31.481481789689123,31.517678629603058,30.55848308340769,31.074275970458984,11183800
2017-01-31 00:00:00-05:00,30.89328690479003,31.05616918862602,30.703258724287952,30.992826461791992,9468000
2017-02-01 00:00:00-05:00,31.300497430109917,31.71675068532455,31.219056275661817,31.698652267456055,15244900
2017-02-02 00:00:00-05:00,31.644348286405346,31.69864006719461,31.345729684388722,31.617198944091797,7518000
2017-02-03 00:00:00-05:00,31.65340954255036,32.02441849773484,31.65340954255036,31.952028274536133,8560300
2017-02-06 00:00:00-05:00,31.961070376419883,32.02441310552338,31.680550110447374,31.83438491821289,5877100
2017-02-07 00:00:00-05:00,32.01536854813771,32.25064107031081,31.734848256540403,32.160152435302734,8155200
2017-02-08 00:00:00-05:00,32.395431595200364,32.395431595200364,31.834394348971102,32.21445083618164,8735900
2017-02-09 00:00:00-05:00,32.35018869877886,32.44067735632871,32.01537652353917,32.04252243041992,6515500
2017-02-10 00:00:00-05:00,32.25063299417552,32.25063299417552,31.7529387224223,31.9610652923584,11636400
2017-02-13 00:00:00-05:00,32.32303307255286,32.422572637079355,32.0063159625213,32.0877571105957,11900300
2017-02-14 00:00:00-05:00,32.1239506469339,32.16919495746115,31.78008767347148,31.879627227783203,9956600
2017-02-15 00:00:00-05:00,32.0877607719964,32.34113517931715,31.906780038744547,32.11491012573242,17410000
2017-02-16 00:00:00-05:00,32.232539708566264,32.25968905812479,31.291446253920125,31.83438491821289,21684900
2017-02-17 00:00:00-05:00,31.734563781092934,32.48777007416797,31.507693873505502,32.36979675292969,14892800
2017-02-21 00:00:00-05:00,32.23368399452737,33.413407081816274,32.23368399452737,33.195613861083984,13814800
2017-02-22 00:00:00-05:00,33.07763732377052,33.27728051322776,32.85984066228203,33.132083892822266,10380000
2017-02-23 00:00:00-05:00,33.17745396313457,33.26820053443967,32.578517591945364,32.81446075439453,7852500
2017-02-24 00:00:00-05:00,32.49684993841783,32.95966307128944,32.26090327322023,32.94151306152344,7505800
2017-02-27 00:00:00-05:00,33.09578258980082,33.12300587042427,32.76001264056494,33.05948257446289,6490900
2017-02-28 00:00:00-05:00,32.96875035672842,33.06857024974221,32.76002690851017,32.868927001953125,8585600
2017-03-01 00:00:00-05:00,33.14116908963372,33.513235740769815,33.123019074729356,33.440635681152344,7298300
2017-03-02 00:00:00-05:00,33.31357289219763,33.53136950372724,32.96873316143531,33.113929748535156,7854800
2017-03-03 00:00:00-05:00,33.06855048999192,33.467843670499825,33.05040048526343,33.45876693725586,7244100
2017-03-06 00:00:00-05:00,33.28636038518471,33.54045362939257,33.13208701422935,33.44970703125,9219100
2017-03-07 00:00:00-05:00,33.404337194858506,33.81270039059167,33.3498871532722,33.54953384399414,7841500
2017-03-08 00:00:00-05:00,33.585821774995004,33.78546841438751,33.54044848288587,33.749168395996094,8052700
2017-03-09 00:00:00-05:00,33.60397273512973,34.01233929918858,33.59489946115526,33.921592712402344,8494100
2017-03-10 00:00:00-05:00,34.17568833685048,34.65665151193147,34.166615062235635,34.5931282043457,11486500
2017-03-13 00:00:00-04:00,34.665732612606774,35.01964921707315,34.63850586181324,34.88352584838867,9111400
2017-03-14 00:00:00-04:00,34.8018446217405,34.88351793206437,34.284581476942776,34.729248046875,9646600
2017-03-15 00:00:00-04:00,34.8562939476508,35.34633379973088,34.75647063017965,35.31910705566406,9405800
2017-03-16 00:00:00-04:00,35.39170328238832,35.645796454601296,35.25557996198289,35.437076568603516,8305200
2017-03-17 00:00:00-04:00,35.70024775195376,35.73654776692814,35.47337785100382,35.64579772949219,11023700
2017-03-20 00:00:00-04:00,35.69118428239723,36.0904741715086,35.582284207562466,35.90897750854492,6916900
2017-03-21 00:00:00-04:00,36.02693902912821,36.12676233406885,34.75646626730876,35.010562896728516,13550100
2017-03-22 00:00:00-04:00,34.91981978872713,35.23743977304558,34.792773179703936,35.228363037109375,9075700
2017-03-23 00:00:00-04:00,35.24652288418066,35.491542896434,35.037802902282216,35.25559616088867,6904600
2017-03-24 00:00:00-04:00,35.736553250515115,36.008796481077354,35.155766768846206,35.36448669433594,9059900
2017-03-27 00:00:00-04:00,34.892604685552946,35.39171796449485,34.7564813086773,35.264671325683594,6823900
2017-03-28 00:00:00-04:00,35.15576645842203,35.57320630571552,35.12853971237387,35.228363037109375,7924900
2017-03-29 00:00:00-04:00,35.22836556343049,35.34633890673813,35.08316893388291,35.273738861083984,6404400
2017-03-30 00:00:00-04:00,35.3100315689328,35.509678191361346,35.21020825771853,35.2918815612793,5997700
2017-03-31 00:00:00-04:00,35.2102143016238,35.4280109690911,34.965194348883315,35.30096435546875,8567600
2017-04-03 00:00:00-04:00,35.38263159954682,35.44615489545408,34.95611507408947,35.2918815612793,7165100
2017-04-04 00:00:00-04:00,35.128538429650526,35.40985838347264,35.08316513690769,35.39170837402344,7241400
2017-04-05 00:00:00-04:00,35.53689630224224,35.7093161572278,34.829063415527344,34.829063415527344,6927400
2017-04-06 00:00:00-04:00,34.80183955271093,35.07408618864351,34.348099775169665,35.010562896728516,7158900
2017-04-07 00:00:00-04:00,34.89259241411605,35.418928798620406,34.89259241411605,35.328182220458984,6318100
2017-04-10 00:00:00-04:00,35.22837129694859,35.573214646408616,35.15577470123984,35.264671325683594,7339600
2017-04-11 00:00:00-04:00,35.11038882852335,35.11038882852335,34.12123580348055,34.66572570800781,10549700
2017-04-12 00:00:00-04:00,34.80184530951278,34.81999531902792,34.14846227576963,34.275508880615234,6802500
2017-04-13 00:00:00-04:00,34.184757262606425,34.71109712908449,33.94881407326948,34.04863739013672,5754000
2017-04-17 00:00:00-04:00,34.157529545052746,34.51144601398161,34.09400625379678,34.50237274169922,5242500
2017-04-18 00:00:00-04:00,34.2936664281376,34.58405972068972,34.12124303072402,34.52960968017578,6047300
2017-04-19 00:00:00-04:00,35.57319895008981,35.990638711067454,35.52782566507219,35.61857223510742,13394400
2017-04-20 00:00:00-04:00,35.88175098794332,36.27196756654229,35.52783443101882,36.19936752319336,9402800
2017-04-21 00:00:00-04:00,36.208443015235574,36.38086291962338,35.818226450045906,36.108619689941406,8762000
2017-04-24 00:00:00-04:00,36.63495539515331,36.85275205153243,36.38086218084469,36.69847869873047,6925300
2017-04-25 00:00:00-04:00,36.861828471191274,37.08869842097268,36.55328520101812,37.0161018371582,7236900
2017-04-26 00:00:00-04:00,37.00701236183866,37.13405893610192,36.680319192727694,36.94348907470703,5578300
2017-04-27 00:00:00-04:00,37.170364084227906,37.950797104587615,37.15221407657303,37.506134033203125,8312500
2017-04-28 00:00:00-04:00,37.29741195751178,37.506135321834144,36.82552558931196,36.85274887084961,9209000
2017-05-01 00:00:00-04:00,37.18850595682558,37.850965513394286,37.07053266375577,37.84189224243164,7478300
2017-05-02 00:00:00-04:00,37.860055587238705,37.88727887147881,37.32464240603361,37.85097885131836,6950800
2017-05-03 00:00:00-04:00,37.85098046908125,37.85098046908125,37.388167308416286,37.70578384399414,5673900
2017-05-04 00:00:00-04:00,37.79652911188043,37.94172571858045,37.57873247095032,37.76930236816406,5016100
2017-05-05 00:00:00-04:00,37.9780197450519,38.0143197597498,37.47890665911558,37.95987319946289,4748200
2017-05-08 00:00:00-04:00,38.02339423919018,38.07784079624795,37.6059510184422,37.69670104980469,6380000
2017-05-09 00:00:00-04:00,37.95079361199419,38.34101008626261,37.860047043831166,38.15044021606445,8074600
2017-05-10 00:00:00-04:00,38.59510518276801,39.10329499055099,38.54065862384259,38.903648376464844,11555100
2017-05-11 00:00:00-04:00,39.039774551640654,39.45721435546875,38.77660462506029,39.45721435546875,11149900
2017-05-12 00:00:00-04:00,39.50258700107685,39.602410313790806,39.076073930971795,39.42091369628906,9365100
2017-05-15 00:00:00-04:00,39.820211659018085,40.31932481988725,39.66593830427062,40.21950149536133,12098100
2017-05-16 00:00:00-04:00,40.65509220361,40.90918888820693,40.210429063646316,40.90011215209961,13410500
2017-05-17 00:00:00-04:00,40.45543742436148,40.564333994133996,38.77659828671746,38.8038215637207,20062000
2017-05-18 00:00:00-04:00,39.11237142215994,40.01985106965098,38.87642823698672,39.84743118286133,21882200
2017-05-19 00:00:00-04:00,40.88196978389989,41.50813314545621,39.84744322695088,40.00171661376953,23338600
2017-05-22 00:00:00-04:00,40.10152810710724,40.83658793619247,39.58426493685631,40.59156799316406,12606300
2017-05-23 00:00:00-04:00,40.75526822050008,40.87350238181692,40.29141476774188,40.84621810913086,8541900
2017-05-24 00:00:00-04:00,40.92808300056233,41.04632065625082,40.44604224435657,40.5915641784668,7565600
2017-05-25 00:00:00-04:00,40.70979849159648,41.22822406984229,40.518801603015525,40.94627380371094,8662600
2017-05-26 00:00:00-04:00,40.80986388261394,41.38285827636719,40.700723249833665,41.38285827636719,6633400
2017-05-30 00:00:00-04:00,41.35555976284684,41.60112870428679,41.119084425378595,41.437416076660156,6593500
2017-05-31 00:00:00-04:00,41.52836442953371,41.87398034922355,41.228226936539585,41.728458404541016,13082100
2017-06-01 00:00:00-04:00,41.810316426487155,42.07407257672647,41.655697402330475,41.83760070800781,7176800
2017-06-02 00:00:00-04:00,42.037688922751926,42.619776645431195,41.746645061412295,42.56520462036133,9523900
2017-06-05 00:00:00-04:00,42.41059820835687,42.9654017725833,42.301454134743075,42.492454528808594,6807600
2017-06-06 00:00:00-04:00,42.35602569580078,42.93811353713394,42.27416937626848,42.35602569580078,7806200
2017-06-07 00:00:00-04:00,42.474264037978905,43.05635188842806,42.40150132191413,42.98358917236328,8026500
2017-06-08 00:00:00-04:00,43.11091457469138,43.17458020268031,42.68344238432297,43.13819885253906,7936100
2017-06-09 00:00:00-04:00,43.31101118773311,43.52929584994023,39.481962016422585,40.69161605834961,20477200
2017-06-12 00:00:00-04:00,40.14589748302696,40.47332267099355,38.49058433898807,40.32780075073242,20623500
2017-06-13 00:00:00-04:00,40.846228522941836,41.38284132951178,40.27323436383775,40.791656494140625,12330600
2017-06-14 00:00:00-04:00,41.000847855089994,41.19184475310343,39.445577982577916,40.00038146972656,10697300
2017-06-15 00:00:00-04:00,39.28186573152527,39.71843156085736,38.954443961663806,39.254581451416016,11523000
2017-06-16 00:00:00-04:00,39.281865682017745,39.927622556429604,39.16363148868212,39.2091064453125,10775100
2017-06-19 00:00:00-04:00,39.74572430552679,40.373287113526224,39.682058664259486,40.2823371887207,9649900
2017-06-20 00:00:00-04:00,40.25505661235369,40.555197662852194,39.38192468829636,39.43649673461914,9083700
2017-06-21 00:00:00-04:00,39.481961465704465,39.85486167840591,39.19091756649929,39.67295837402344,9713600
2017-06-22 00:00:00-04:00,39.73662115694245,39.945808727631174,39.181821149211494,39.41829299926758,7632100
2017-06-23 00:00:00-04:00,39.51834927088473,40.29143410380117,39.481967910166475,40.10043716430664,13947700
2017-06-26 00:00:00-04:00,40.44604027258889,40.609752874171384,39.02719888204609,39.33643341064453,10911400
2017-06-27 00:00:00-04:00,39.10905872685091,39.20000863840899,38.04493018965114,38.0994987487793,12734900
2017-06-28 00:00:00-04:00,38.108597628314804,38.908966602616985,37.672028317492114,38.827110290527344,14308300
2017-06-29 00:00:00-04:00,38.51788052171791,38.61792752335893,37.099042227950235,37.690223693847656,12362500
2017-06-30 00:00:00-04:00,38.02674369897777,38.217740615982486,37.371893161227746,37.57198715209961,10044100
2017-07-03 00:00:00-04:00,37.59018454946022,38.163175402894936,37.27185282803431,37.299137115478516,6519500
2017-07-05 00:00:00-04:00,37.5447129626998,38.40875140779771,37.51742867027638,38.3087043762207,10942500
2017-07-06 00:00:00-04:00,37.94488156736398,38.73615686621797,37.799359633442364,38.299591064453125,11934200
2017-07-07 00:00:00-04:00,38.52697122120526,39.836668691706116,38.52697122120526,39.600196838378906,10748700
2017-07-10 00:00:00-04:00,39.65476831267603,40.47333146035519,39.57291199790812,40.209571838378906,10357900
2017-07-11 00:00:00-04:00,40.20957027772388,41.382842920686734,40.054954727783915,41.291893005371094,13527400
2017-07-12 00:00:00-04:00,41.54654962094136,41.81940279750687,40.78255864484811,41.182743072509766,10395800
2017-07-13 00:00:00-04:00,41.18275231470851,41.52836826632973,40.918996150895865,41.20094299316406,9036100
2017-07-14 00:00:00-04:00,41.27370150994745,41.955836269838635,41.246413760280376,41.946739196777344,8085700
2017-07-17 00:00:00-04:00,42.019489225262106,42.24686740995561,41.54654218475773,41.97401428222656,7679900
2017-07-18 00:00:00-04:00,41.855782920660495,42.410586329490926,41.546548404403346,42.4014892578125,6594200
2017-07-19 00:00:00-04:00,42.65616129105344,42.938108101906124,42.510639349140725,42.910823822021484,9533900
2017-07-20 00:00:00-04:00,42.84717125915208,43.05635889761628,42.174129904056876,42.97450256347656,8782300
2017-07-21 00:00:00-04:00,42.547026362174854,42.74712037630957,42.046794796355584,42.57431411743164,7539500
2017-07-24 00:00:00-04:00,42.45607384658506,42.7653084543775,42.346933240751646,42.54702377319336,8495500
2017-07-25 00:00:00-04:00,42.410584477897956,42.44696235447461,41.7011621071533,42.20139694213867,7271900
2017-07-26 00:00:00-04:00,42.392400109803994,43.17458181955068,42.310543803678954,43.15639114379883,9161300
2017-07-27 00:00:00-04:00,43.201869690474275,43.28372600340533,41.20094029511735,41.87398147583008,17026600
2017-07-28 00:00:00-04:00,41.74665289291358,41.83760281557536,40.84623339268648,41.15546798706055,9584300
2017-07-31 00:00:00-04:00,41.31918716164946,41.36466213017613,40.02767654448232,40.300533294677734,11121300
2017-08-01 00:00:00-04:00,40.37328338811529,40.73708999280187,40.03676453396619,40.10952377319336,9452300
2017-08-02 00:00:00-04:00,40.33689722489521,40.418753527715175,38.663393287977655,38.863487243652344,15632000
2017-08-03 00:00:00-04:00,38.83621597290039,39.218209867653194,38.481506365053455,38.83621597290039,11475800
2017-08-04 00:00:00-04:00,38.972634929714935,39.23639456128076,38.5269754538444,38.945350646972656,7510900
2017-08-07 00:00:00-04:00,38.98172630302809,40.06404548424026,38.972629230432915,39.9821891784668,7758400
2017-08-08 00:00:00-04:00,40.054958845816074,40.491524729344654,39.77300852812341,39.92762756347656,9798300
2017-08-09 00:00:00-04:00,39.463770689653636,40.04585848660875,39.16363318726231,39.845767974853516,5634700
2017-08-10 00:00:00-04:00,39.445577063647605,39.63657742672824,38.14497322163595,38.226829528808594,11299300
2017-08-11 00:00:00-04:00,38.2268322554969,39.236392292798385,38.18135729704989,39.18182373046875,10761600
2017-08-14 00:00:00-04:00,39.74571458776651,40.2368523884753,39.64566761323142,39.81847381591797,9764800
2017-08-15 00:00:00-04:00,40.05496105612042,40.336907919854184,39.65477303866487,39.90943908691406,6250200
2017-08-16 00:00:00-04:00,40.3369036897218,40.58247263753922,39.80029083401345,40.43695068359375,8490600
2017-08-17 00:00:00-04:00,40.318714081155235,40.382379715371584,39.10906009201099,39.21820068359375,14283400
2017-08-18 00:00:00-04:00,40.7188960029094,41.155461811306125,39.70933605307846,40.29142379760742,20996200
2017-08-21 00:00:00-04:00,40.118627779412286,40.255052677607544,39.12725825331634,39.39101791381836,14374500
2017-08-22 00:00:00-04:00,39.76477868311173,40.59435097609859,39.755664032659965,40.52142333984375,8664500
2017-08-23 00:00:00-04:00,40.293524228733695,40.293524228733695,39.956226476037614,40.129432678222656,8480900
2017-08-24 00:00:00-04:00,40.384662965469374,40.3937810897935,39.4274650866212,39.855926513671875,9253000
2017-08-25 00:00:00-04:00,39.91974239614594,40.06560109810019,39.30895669089983,39.4821662902832,6385800
2017-08-28 00:00:00-04:00,39.527754189397186,39.85593720216708,39.527754189397186,39.77389144897461,5545100
2017-08-29 00:00:00-04:00,39.217814498737944,40.28440609951232,39.13576872348243,40.129432678222656,6768800
2017-08-30 00:00:00-04:00,40.11118780961381,41.46950001783248,40.10207316068655,41.45126724243164,8797200
2017-08-31 00:00:00-04:00,41.41480881413018,41.45127437120318,40.87695401871757,41.132205963134766,9213400
2017-09-01 00:00:00-04:00,41.196013649593866,41.29629217987088,40.804017655354535,41.11396789550781,5307500
2017-09-05 00:00:00-04:00,40.68551883216549,40.9863510120392,39.99268709373693,40.54877471923828,9198600
2017-09-06 00:00:00-04:00,40.7493363727539,40.98635558706434,40.30264190120453,40.77668380737305,12116700
2017-09-07 00:00:00-04:00,40.968110386941916,41.38745729676372,40.64904548793829,41.223365783691406,8291500
2017-09-08 00:00:00-04:00,41.20513325688896,41.25071346023073,40.220584172483186,40.43025588989258,8128900
2017-09-11 00:00:00-04:00,40.92252939038766,41.74298693984056,40.88606383762386,41.55154800415039,8893000
2017-09-12 00:00:00-04:00,41.78855875516147,41.95265023211929,41.36009729004427,41.615352630615234,7233800
2017-09-13 00:00:00-04:00,42.02559046399033,42.31730796005129,41.50596845678508,42.0438232421875,7500500
2017-09-14 00:00:00-04:00,41.91619723671633,43.17423111087639,41.73387293244653,42.89162826538086,12338900
2017-09-15 00:00:00-04:00,42.818701373256715,43.475064011452595,42.72753748076637,42.97367477416992,13880400
2017-09-18 00:00:00-04:00,43.575337242612264,44.24081792770896,43.520642391332245,43.80324172973633,11215500
2017-09-19 00:00:00-04:00,43.78500300027643,44.213464490629214,43.374777761266174,43.99467468261719,9385000
2017-09-20 00:00:00-04:00,44.09495917367243,44.09495917367243,42.64548649716426,43.101295471191406,11021300
2017-09-21 00:00:00-04:00,43.12864682003154,43.32920040594428,42.62725416138339,42.9827880859375,8533600
2017-09-22 00:00:00-04:00,42.745771629107345,43.68473714779326,42.70019142017495,43.547996520996094,5867700
2017-09-25 00:00:00-04:00,43.320080172717,43.42947333980059,41.907073216271506,42.23525619506836,11445900
2017-09-26 00:00:00-04:00,42.44493826787316,42.71842299128102,41.551552983382464,41.86149978637695,11086600
2017-09-27 00:00:00-04:00,42.5999077487787,45.31652890936592,42.55432754533009,44.52342224121094,20364400
2017-09-28 00:00:00-04:00,44.59634052585973,46.383114033519874,44.35020678330632,46.14609146118164,22109100
2017-09-29 00:00:00-04:00,46.11875983082396,47.659393168332,46.091412400631484,47.48618698120117,21008700
2017-10-02 00:00:00-04:00,47.59556622509833,47.97844752327246,47.057711564540284,47.47705841064453,15636000
2017-10-03 00:00:00-04:00,47.595575583878144,47.73231967673123,46.72953777675101,47.258277893066406,11304600
2017-10-04 00:00:00-04:00,47.2035697884371,47.40412682242362,46.629253063460105,47.03947830200195,8294700
2017-10-05 00:00:00-04:00,47.08507475811252,47.167120523604304,46.28284988192033,46.884517669677734,9337000
2017-10-06 00:00:00-04:00,46.67483756988619,47.77789440359531,46.62925737001033,47.76877975463867,8509500
2017-10-09 00:00:00-04:00,48.033145904541016,48.35221425610506,47.59556972979686,48.033145904541016,8763000
2017-10-10 00:00:00-04:00,48.36133333654443,48.37956611352281,47.2126962072797,47.94198989868164,8217200
2017-10-11 00:00:00-04:00,47.759658201254,48.66216139524305,47.677612456345905,48.52541732788086,7746000
2017-10-12 00:00:00-04:00,48.45249560618169,49.34588078305974,48.35221707491691,48.59835433959961,12611400
2017-10-13 00:00:00-04:00,48.862714440124144,49.27294316033511,48.53453494150143,49.172664642333984,10208300
2017-10-16 00:00:00-04:00,49.48262911536122,50.22104102469937,49.48262911536122,50.17546081542969,9921100
2017-10-17 00:00:00-04:00,50.111633351372184,50.39423265373894,49.48261482149304,50.25749206542969,10241700
2017-10-18 00:00:00-04:00,50.40335626134197,50.69507372118409,49.838150640044745,50.448936462402344,9459400
2017-10-19 00:00:00-04:00,49.865506636177955,50.44894161545654,49.3641174182071,50.43982696533203,7969200
2017-10-20 00:00:00-04:00,50.904740193905894,51.26938871998739,50.80446167535618,51.13264465332031,10575300
2017-10-23 00:00:00-04:00,51.497297960661356,51.71608431458658,50.86827936864694,51.387901306152344,11003900
2017-10-24 00:00:00-04:00,51.606674812323085,51.65225499850977,50.922961586887,51.397003173828125,7763900
2017-10-25 00:00:00-04:00,51.31497118585918,51.39701693397884,49.74698732292631,50.41246795654297,13694600
2017-10-26 00:00:00-04:00,50.749770897613956,51.442602504655554,50.676843268083914,50.986793518066406,8210500
2017-10-27 00:00:00-04:00,51.287626635871355,51.79813396267183,50.594798492935475,51.679622650146484,10523600
2017-10-30 00:00:00-04:00,51.506415344772876,51.59757575082464,50.6677284809476,50.95944595336914,7336200
2017-10-31 00:00:00-04:00,51.096184461904606,51.67050473355107,50.7680014495352,51.44260025024414,7661500
2017-11-01 00:00:00-04:00,51.96222381447547,52.27217406054087,50.321312179001346,50.78623580932617,10479900
2017-11-02 00:00:00-04:00,50.79534575268688,51.39701337134375,50.239258329260096,51.28761672973633,6545500
2017-11-03 00:00:00-04:00,51.314978984254346,51.551998138427734,50.97767781431004,51.551998138427734,5566400
2017-11-06 00:00:00-05:00,51.67961996822834,51.7069708712666,50.7771201515347,51.3514404296875,7887700
2017-11-07 00:00:00-05:00,51.39701918968578,52.1536602532889,51.33320621363057,51.47906494140625,8177400
2017-11-08 00:00:00-05:00,51.49729735333504,52.08073226031685,51.25116009991215,51.88928985595703,7468200
2017-11-09 00:00:00-05:00,51.4881905298841,51.57935442757949,49.9566718240727,50.57657241821289,10275700
2017-11-10 00:00:00-05:00,50.73153255403537,51.51552095006108,50.42158235931043,51.378780364990234,7373100
2017-11-13 00:00:00-05:00,51.41524249487385,52.04425749050455,51.141754387816746,51.989559173583984,9414500
2017-11-14 00:00:00-05:00,51.80724597969773,51.87105895332815,50.86827719512131,51.43347930908203,9640800
2017-11-15 00:00:00-05:00,51.26027434007607,51.54287714231799,50.558328136478785,50.8409309387207,9612500
2017-11-16 00:00:00-05:00,51.37879487332641,52.87384794856807,51.28763097999037,52.727989196777344,16712300
2017-11-17 00:00:00-05:00,55.116415985036255,55.50841195018088,51.13264683797746,51.49729537963867,27436500
2017-11-20 00:00:00-05:00,51.652275236497196,53.0744005545265,51.652275236497196,52.527427673339844,14360200
2017-11-21 00:00:00-05:00,52.8738404990714,53.65783248356851,52.8738404990714,53.60313415527344,10199400
2017-11-22 00:00:00-05:00,53.82229726108883,53.87708877490945,52.50733228063209,52.67170333862305,8302400
2017-11-24 00:00:00-05:00,52.82693380464771,53.082624018791364,52.662562768223374,52.8817253112793,3703300
2017-11-27 00:00:00-05:00,51.977681142481515,52.352084520941176,51.384122202531046,51.99594497680664,7962100
2017-11-28 00:00:00-05:00,52.05074465443355,52.62604333388068,51.83158209158249,52.35209274291992,7878900
2017-11-29 00:00:00-05:00,51.92290204451048,52.105536935672305,47.1104906022712,48.31587600708008,25319800
2017-11-30 00:00:00-05:00,49.046413543026155,49.09207139630317,47.78624007192019,48.18803405761719,14549700
2017-12-01 00:00:00-05:00,47.484887853705516,48.14237203100588,45.99641827830413,47.40270233154297,16271800
2017-12-04 00:00:00-05:00,47.53968705697594,47.795373841320476,44.99193894107032,45.448524475097656,19956100
2017-12-05 00:00:00-05:00,45.15631058888639,47.39358043089653,44.060504596527224,45.73160934448242,21045700
2017-12-06 00:00:00-05:00,45.539841825592596,46.81828276021533,44.83669965989722,46.58085632324219,19296300
2017-12-07 00:00:00-05:00,47.20180006207231,48.02365522184678,46.873061481632874,47.75883483886719,14690100
2017-12-08 00:00:00-05:00,48.398060282452256,49.11946616797839,46.74521961120962,46.96438217163086,15131800
2017-12-11 00:00:00-05:00,47.09223962706184,47.66753847213756,46.544338287399476,47.13789749145508,9740800
2017-12-12 00:00:00-05:00,47.028302982039556,47.24746553837227,46.03294652715853,46.087738037109375,9547500
2017-12-13 00:00:00-05:00,46.398215654021044,46.644772220197176,46.179053100707605,46.35255432128906,13858300
2017-12-14 00:00:00-05:00,46.57171314696606,47.31138278629072,46.17904940450029,46.85479736328125,8940300
2017-12-15 00:00:00-05:00,47.0922349726966,48.28849040900926,46.70870476953354,47.97801208496094,14575400
2017-12-18 00:00:00-05:00,48.544173593685215,48.891179573168294,48.178903774916584,48.763336181640625,13304300
2017-12-19 00:00:00-05:00,48.26108094702655,48.79072174411495,47.78623514177079,48.36153030395508,10922600
2017-12-20 00:00:00-05:00,49.41168370498377,49.53952708850198,48.325007978137165,48.66288375854492,9950800
2017-12-21 00:00:00-05:00,48.56242495145466,48.681138134563476,47.31138189144265,47.38443374633789,9530900
2017-12-22 00:00:00-05:00,47.25660002695055,47.704055357034406,46.845672373500264,47.5396842956543,8087600
2017-12-26 00:00:00-05:00,46.77261911420868,46.96438418563164,46.04207953712354,46.61737823486328,7393600
2017-12-27 00:00:00-05:00,46.88219069232376,47.32964593309436,46.54431845958082,47.19266891479492,5962100
2017-12-28 00:00:00-05:00,47.38443965869875,47.621866054541094,47.028303548405944,47.22920227050781,5634400
2017-12-29 00:00:00-05:00,47.32052925534043,47.43010881922124,46.62652070613325,46.68130874633789,6971500
2018-01-02 00:00:00-05:00,47.19268373547806,48.452860855787826,46.77262585653193,48.43459701538086,9819500
2018-01-03 00:00:00-05:00,48.89118234276506,49.56692701725423,48.57157036236928,49.29297637939453,10898900
2018-01-04 00:00:00-05:00,49.76781103132577,50.16960494890551,49.29296177411136,49.576045989990234,9462800
2018-01-05 00:00:00-05:00,49.90478837397971,50.14221126238641,49.51212462958106,49.859127044677734,10902200
2018-01-08 00:00:00-05:00,50.23352504245253,51.54849324657367,50.197000857259326,51.064510345458984,12658000
2018-01-09 00:00:00-05:00,51.292809302246425,51.301942962260824,49.34775773565621,50.0965576171875,13564900
2018-01-10 00:00:00-05:00,49.39343759243797,49.41170143713354,47.996286566212824,48.67203140258789,14537200
2018-01-11 00:00:00-05:00,48.827252684885195,48.88204071344426,48.05105527341412,48.58069610595703,10694200
2018-01-12 00:00:00-05:00,48.6172254052094,49.31123383009089,48.47111818505167,48.808990478515625,9072300
2018-01-16 00:00:00-05:00,50.06002521189944,50.5896659716072,49.320355576832846,49.7678108215332,14385000
2018-01-17 00:00:00-05:00,50.872748014584985,52.525588533032426,50.6535889578944,52.3612174987793,17924200
2018-01-18 00:00:00-05:00,51.82244178034442,53.539203822624366,51.7585201044031,52.4160041809082,17677700
2018-01-19 00:00:00-05:00,52.689954718295304,52.70821855191712,51.33846238151154,52.4160041809082,11458700
2018-01-22 00:00:00-05:00,52.4799435981571,52.53473163407405,51.93203885468879,52.47080993652344,11479800
2018-01-23 00:00:00-05:00,52.85433747483564,53.12828807305922,52.215117090000064,52.772151947021484,8813500
2018-01-24 00:00:00-05:00,52.34295605397119,52.43427175118424,51.46631282023192,51.941162109375,11787300
2018-01-25 00:00:00-05:00,53.12827485123617,53.63051807023326,50.64444928074442,50.918399810791016,15271900
2018-01-26 00:00:00-05:00,51.52109242613949,52.16031265258789,51.0736407060546,52.16031265258789,11253500
2018-01-29 00:00:00-05:00,51.80418641789322,51.97768764046678,50.06003008170609,50.52574920654297,12350600
2018-01-30 00:00:00-05:00,49.56691938344105,49.61258071894482,48.58982671935855,48.74506759643555,14603700
2018-01-31 00:00:00-05:00,49.019004549530905,49.43906224488027,48.31586267680966,48.97334671020508,13166800
2018-02-01 00:00:00-05:00,48.544175631146956,49.47561057297645,48.33414669575472,48.65375518798828,9706000
2018-02-02 00:00:00-05:00,48.01452110827927,48.20628613534278,46.13338805433275,46.27949523925781,16813100
2018-02-05 00:00:00-05:00,45.640289416846,47.000915836607035,44.11529541015625,44.11529541015625,17999700
2018-02-06 00:00:00-05:00,43.29343515003462,45.895970997201346,42.37113401154751,45.8868408203125,21455700
2018-02-07 00:00:00-05:00,45.53983370305565,46.188187716478595,44.44402788075267,44.4622917175293,14763400
2018-02-08 00:00:00-05:00,44.72710633213833,44.88234718289618,41.76843482697105,41.777565002441406,19922900
2018-02-09 00:00:00-05:00,42.77292102309178,44.28878443343338,41.21139976879121,43.90525436401367,22648200
2018-02-12 00:00:00-05:00,44.708840827674564,45.548959761844756,44.20659759228037,45.20195388793945,16326100
2018-02-13 00:00:00-05:00,44.98280301118932,45.33894263588652,44.28879456719353,45.247623443603516,12878600
2018-02-14 00:00:00-05:00,45.11064510374084,47.594467651826136,44.882352372413145,47.448360443115234,22166600
2018-02-15 00:00:00-05:00,47.630989253485616,49.311223681221605,46.18818118680993,49.302093505859375,26888200
2018-02-16 00:00:00-05:00,49.12860804997762,51.21977085682638,49.009894822987235,50.251808166503906,27810900
2018-02-20 00:00:00-05:00,50.077986413939136,52.47484916316102,49.72119842399101,51.83446502685547,22000700
2018-02-21 00:00:00-05:00,52.1455058578675,52.456549365735,51.30386077176284,51.34960174560547,16464300
2018-02-22 00:00:00-05:00,51.67894009310607,52.127206503003315,51.056853104429834,51.294708251953125,14924600
2018-02-23 00:00:00-05:00,51.77042706786315,52.26443798743388,51.514274808743274,52.15465545654297,13532400
2018-02-26 00:00:00-05:00,52.621221263279224,53.97517437109875,52.45655096058916,53.80135726928711,14822200
2018-02-27 00:00:00-05:00,53.64582079149291,53.883679388880395,52.7218407519187,52.730987548828125,13102700
2018-02-28 00:00:00-05:00,52.968852740173496,53.764756783224605,52.67610634526246,52.68525314331055,13152700
2018-03-01 00:00:00-05:00,52.63951028499665,53.46285818246662,51.34044515059729,52.209537506103516,17330200
2018-03-02 00:00:00-05:00,51.13918740932366,53.18841222908978,50.42561499885497,53.0877799987793,15719300
2018-03-05 00:00:00-05:00,52.429108725083445,53.44457097057861,52.2461413285735,52.72185516357422,13326700
2018-03-06 00:00:00-05:00,53.3530857217921,55.0546764715513,53.1518212490813,54.880859375,23269600
2018-03-07 00:00:00-05:00,54.06664389679516,54.97233035345949,53.6092272699532,54.35939025878906,17284000
2018-03-08 00:00:00-05:00,54.67044414668136,54.80767055686894,53.97517227660199,54.31365966796875,12223400
2018-03-09 00:00:00-05:00,54.624703418460754,56.500111257172705,54.40514534895002,56.36288833618164,18066500
2018-03-12 00:00:00-04:00,56.63732385752445,57.085593665672654,55.695046768529586,55.777381896972656,16207800
2018-03-13 00:00:00-04:00,56.15247400089746,56.93923126830011,54.42343946616077,54.60640335083008,15676500
2018-03-14 00:00:00-04:00,54.88086001784819,55.539537726577194,54.3319578557926,55.10041809082031,11896400
2018-03-15 00:00:00-04:00,55.2559273649768,56.024387402152115,54.51491120740397,55.14614486694336,11944200
2018-03-16 00:00:00-04:00,55.237642635490914,55.36571875536152,54.18558281116089,54.3776969909668,15070200
2018-03-19 00:00:00-04:00,53.810507679382006,54.04836635025712,52.57548381614252,53.51776123046875,13747300
2018-03-20 00:00:00-04:00,53.44456114338405,54.450879894244025,53.35307920685686,54.185577392578125,8527300
2018-03-21 00:00:00-04:00,54.51492609755979,56.32629593212637,54.395996770445194,55.60357666015625,17171400
2018-03-22 00:00:00-04:00,54.58811047349748,55.45720295193893,53.88369178561814,53.93857955932617,14876400
2018-03-23 00:00:00-04:00,53.67327025087481,53.819646935135076,50.654320934251444,50.66347122192383,19399900
2018-03-26 00:00:00-04:00,52.3376186165525,53.536051641542244,51.788719965764265,53.49031066894531,14489000
2018-03-27 00:00:00-04:00,53.9751770817056,54.1764415706148,50.16946982028295,50.71836853027344,17542500
2018-03-28 00:00:00-04:00,50.315836603098965,50.709215241180914,49.153997775486275,49.455894470214844,16677800
2018-03-29 00:00:00-04:00,49.949909907734025,51.78872727815303,49.57482829577892,50.87389373779297,12580200
2018-04-02 00:00:00-04:00,50.56282862411123,50.800683707616905,47.95555205247507,48.38552474975586,21063600
2018-04-03 00:00:00-04:00,48.96188316905975,49.803528207893365,48.49531618855696,49.38270568847656,10802200
2018-04-04 00:00:00-04:00,47.83664566926866,51.01111561530174,47.83664566926866,50.82815170288086,11991900
2018-04-05 00:00:00-04:00,51.111740482364524,51.42278397431489,49.27292690541342,49.66630554199219,12344400
2018-04-06 00:00:00-04:00,48.72402263045123,49.2820715316909,47.498145803243304,47.88237762451172,15088600
2018-04-09 00:00:00-04:00,48.467872837151496,50.29753962672979,48.30320254690445,48.50446701049805,11143500
2018-04-10 00:00:00-04:00,49.95904502750779,50.55368455429339,49.21802882849097,50.13286209106445,10495400
2018-04-11 00:00:00-04:00,49.84927330044771,51.14833504809789,49.721193693521855,50.27009582519531,9364800
2018-04-12 00:00:00-04:00,50.590287399222156,51.84360820676078,50.46221127886511,51.62405014038086,9133700
2018-04-13 00:00:00-04:00,52.03572455929723,52.200394849818146,50.94707058420759,51.294708251953125,6786400
2018-04-16 00:00:00-04:00,51.633205907356285,52.3650755619097,51.39535071249563,52.02658462524414,7982800
2018-04-17 00:00:00-04:00,52.328464958613964,53.42626560610053,52.30101758680366,52.932254791259766,9833000
2018-04-18 00:00:00-04:00,51.230659543946764,51.59659422232822,49.9224477799789,50.06882095336914,18705500
2018-04-19 00:00:00-04:00,49.108267054035416,49.5656838459025,46.47354535573331,46.83032989501953,24443500
2018-04-20 00:00:00-04:00,46.72968758343599,47.60792673162879,46.36375286011625,46.738834381103516,16258000
2018-04-23 00:00:00-04:00,47.14137703272255,47.33349475215303,45.67764458352585,45.90635299682617,12427900
2018-04-24 00:00:00-04:00,46.391191021198665,46.70223445071375,44.076664127631844,44.570674896240234,16358900
2018-04-25 00:00:00-04:00,44.607268842837975,45.25680311873398,43.67414197568708,44.95490646362305,13284600
2018-04-26 00:00:00-04:00,45.750822067341005,46.345465241747625,45.329999492432286,46.189945220947266,12701500
2018-04-27 00:00:00-04:00,46.6930981476993,47.01328844571142,45.04639870541377,45.192771911621094,11514300
2018-04-30 00:00:00-04:00,45.30255444585996,45.695933122291464,44.9823606332833,45.43977737426758,12695000
2018-05-01 00:00:00-04:00,45.503823189316044,46.61077096859033,45.293408397726154,46.57417678833008,10935500
2018-05-02 00:00:00-04:00,46.345461305163916,46.912657053159485,46.080158773590355,46.226531982421875,10285000
2018-05-03 00:00:00-04:00,45.98867179678215,46.57416456807051,45.63188735739157,46.391197204589844,11661500
2018-05-04 00:00:00-04:00,46.09845456983932,48.20257069654206,45.90634039296835,48.08364486694336,12523300
2018-05-07 00:00:00-04:00,48.248325679316316,48.394698915965876,47.70857371483109,48.11109924316406,10071100
2018-05-08 00:00:00-04:00,48.211709884288496,48.93442894304249,48.12022447126235,48.89783477783203,13492900
2018-05-09 00:00:00-04:00,48.971029671805795,49.556522476123455,48.72402424064446,49.51993179321289,9581400
2018-05-10 00:00:00-04:00,49.88585643931487,50.88302483007367,49.69374229270007,50.800689697265625,9880400
2018-05-11 00:00:00-04:00,50.70920824884156,51.13003071393944,49.904153997054166,50.169456481933594,10897300
2018-05-14 00:00:00-04:00,51.07514625566123,52.09060831587961,50.5262441662817,50.553688049316406,12333800
2018-05-15 00:00:00-04:00,50.087131151604844,50.196910187940276,48.92529225679923,49.483341217041016,12837300
2018-05-16 00:00:00-04:00,49.858418754344,50.7366579535628,49.82182458192346,50.47135543823242,10166700
2018-05-17 00:00:00-04:00,50.02309930932158,50.29754867919073,48.90700125006555,49.364418029785156,20101000
2018-05-18 00:00:00-04:00,46.006972231331076,46.162492233233266,44.39686350326307,45.293399810791016,51042200
2018-05-21 00:00:00-04:00,46.39119182144175,46.99498160799674,45.16531516512565,45.741661071777344,20898900
2018-05-22 00:00:00-04:00,46.299723303895355,46.958404530826684,45.741674318835514,45.97038269042969,15094000
2018-05-23 00:00:00-04:00,45.74993070082008,46.65923269665786,45.67644991130432,46.23672866821289,15595400
2018-05-24 00:00:00-04:00,46.46636646559306,46.760282714727914,45.79586980326931,46.63169479370117,10442000
2018-05-25 00:00:00-04:00,46.59495577166933,47.146051382997214,46.29185616363344,46.70517349243164,12202900
2018-05-29 00:00:00-04:00,46.93478117945443,47.991044811252785,46.879674088104416,47.77979278564453,16094900
2018-05-30 00:00:00-04:00,48.11046447453266,48.21149884544865,47.25626925248064,47.384857177734375,13439600
2018-05-31 00:00:00-04:00,47.1276822446284,47.403228304644294,46.493922452457774,46.6408805847168,16462700
2018-06-01 00:00:00-04:00,47.118486808342524,48.009422293752,46.943975152994916,47.981868743896484,11341200
2018-06-04 00:00:00-04:00,48.08289334743404,48.19311454005079,47.66038928700794,48.02778625488281,9911300
2018-06-05 00:00:00-04:00,48.413560995513976,48.89117576153382,48.05535079693858,48.597259521484375,13547100
2018-06-06 00:00:00-04:00,48.61562701191034,48.61562701191034,47.86246625083707,48.24822998046875,10027100
2018-06-07 00:00:00-04:00,47.40321978548451,47.59610164245568,46.291848891022866,47.07256317138672,16869000
2018-06-08 00:00:00-04:00,46.30103326093523,47.04501065906402,46.13570495023994,46.980716705322266,9954400
2018-06-11 00:00:00-04:00,47.02664739754032,47.04501760185724,45.52032568113513,45.82342529296875,18725500
2018-06-12 00:00:00-04:00,45.988736983665994,46.73271422232652,45.7683016191601,46.7143440246582,17236800
2018-06-13 00:00:00-04:00,46.200004417437775,47.38485628423364,46.15408065982142,46.82457733154297,17174100
2018-06-14 00:00:00-04:00,46.83375951833609,46.879683271376145,45.57542696174041,45.63972091674805,16482500
2018-06-15 00:00:00-04:00,45.15292423794613,45.648909195287644,44.78552719463585,45.29069900512695,23243800
2018-06-18 00:00:00-04:00,44.89575245352387,45.00597017494081,44.22525576728695,44.38139724731445,13780900
2018-06-19 00:00:00-04:00,43.683337781850575,44.83144902345323,43.35268118366781,44.5926399230957,13586400
2018-06-20 00:00:00-04:00,44.77634257236539,44.98759463994818,44.216063673935565,44.620201110839844,9735900
2018-06-21 00:00:00-04:00,45.54787628902707,45.73157481655373,44.69368111422239,44.99678421020508,13209300
2018-06-22 00:00:00-04:00,45.37335806313695,45.37335806313695,43.839479609099484,44.05073165893555,13200500
2018-06-25 00:00:00-04:00,43.168988723816724,43.47209181580904,42.323980413579875,42.902626037597656,14442800
2018-06-26 00:00:00-04:00,43.31594020115355,43.44452809788448,42.76484821409031,42.86587905883789,14748300
2018-06-27 00:00:00-04:00,43.09550926338454,43.34350175449196,41.51571030694334,41.5616340637207,14900200
2018-06-28 00:00:00-04:00,41.29526653239488,41.78206810774027,40.93705636622596,41.59836959838867,13760400
2018-06-29 00:00:00-04:00,42.00250275522891,43.00365593411726,41.96576235327249,42.42500686645508,15112200
2018-07-02 00:00:00-04:00,41.42385953808476,41.98413848389999,41.2585312096882,41.95658493041992,11042900
2018-07-03 00:00:00-04:00,42.03005642727067,42.140277633461075,41.09320070095536,41.14830780029297,7538500
2018-07-05 00:00:00-04:00,41.70858765451387,41.95658011866792,41.322823935001566,41.736141204833984,8950700
2018-07-06 00:00:00-04:00,41.754517798975314,42.45257154652441,41.2309792401926,42.36990737915039,11467600
2018-07-09 00:00:00-04:00,42.48930594401738,42.84751965067198,41.809625944613074,42.72811508178711,9727700
2018-07-10 00:00:00-04:00,42.73728663811696,43.095496742165196,42.48929421906272,42.930171966552734,8802000
2018-07-11 00:00:00-04:00,42.29641550094272,42.45256044459658,41.313632603484066,41.51570129394531,13333000
2018-07-12 00:00:00-04:00,41.644298477199534,42.14946681229655,41.644298477199534,41.95658493041992,9735400
2018-07-13 00:00:00-04:00,41.87392237490628,42.46175489678454,41.79125820753226,42.36990737915039,6349000
2018-07-16 00:00:00-04:00,42.28724006030499,42.8567023354654,42.21375924866728,42.53523254394531,7228500
2018-07-17 00:00:00-04:00,42.204571696099606,43.59148859194301,42.204571696099606,43.44453048706055,9692800
2018-07-18 00:00:00-04:00,44.97840608704075,45.14373438232706,43.940512567467195,44.34464645385742,15309300
2018-07-19 00:00:00-04:00,43.82110843992109,44.087471085296535,42.76484821409031,42.86587905883789,11481100
2018-07-20 00:00:00-04:00,42.865879399491824,43.26082994473686,42.44337530580189,42.948543548583984,7792500
2018-07-23 00:00:00-04:00,42.526046024072436,42.74648495695613,41.72696146191523,42.645450592041016,7364300
2018-07-24 00:00:00-04:00,42.81077444560409,43.4169770680391,42.09435412011478,42.16783142089844,10903300
2018-07-25 00:00:00-04:00,42.05761130153893,42.31478709514281,41.45140871393163,42.21375274658203,9276400
2018-07-26 00:00:00-04:00,42.250503585346515,43.45372570967349,42.222950030297845,43.32513427734375,11637500
2018-07-27 00:00:00-04:00,44.6661210879426,45.446835337084416,43.97725433737365,44.36301803588867,17601100
2018-07-30 00:00:00-04:00,44.34465030137866,44.48242506065694,43.72926431845306,44.00481033325195,9305400
2018-07-31 00:00:00-04:00,44.41813377189776,45.06107684750267,44.23443524975951,44.6661262512207,10816400
2018-08-01 00:00:00-04:00,44.9049217410871,44.9784025348589,43.87621515458149,44.059913635253906,8326600
2018-08-02 00:00:00-04:00,43.527182595135955,44.8498086768367,43.270006858697094,44.18849563598633,9371700
2018-08-03 00:00:00-04:00,44.26199322311343,44.877382808184386,43.949706755411356,44.859012603759766,7032700
2018-08-06 00:00:00-04:00,45.07944107240798,45.73156741095463,44.91411277478243,45.446834564208984,8555000
2018-08-07 00:00:00-04:00,45.73157956597532,45.89690790754358,45.07945305409962,45.58462142944336,7530600
2018-08-08 00:00:00-04:00,45.557061132620355,46.2826684130779,45.41928986027605,46.089786529541016,8458800
2018-08-09 00:00:00-04:00,44.969228864167476,45.53869467153719,44.23443822986894,45.15292739868164,9514900
2018-08-10 00:00:00-04:00,44.252794776230694,44.69366902074553,44.004802356736654,44.206871032714844,8088800
2018-08-13 00:00:00-04:00,44.142585051869986,44.63856647654806,43.77518802997143,44.31709671020508,6436600
2018-08-14 00:00:00-04:00,44.473237447906065,44.90492841609247,44.29872579239295,44.436500549316406,6879800
2018-08-15 00:00:00-04:00,43.94969559863219,44.17931784001221,43.32512282177796,43.63740921020508,10296200
2018-08-16 00:00:00-04:00,44.0782894366852,44.298724838506956,43.30675852279398,43.563934326171875,13733100
2018-08-17 00:00:00-04:00,41.120759657626564,41.16668341436566,39.146006584023105,40.2022705078125,52584200
2018-08-20 00:00:00-04:00,40.229819243429276,40.551292509621376,39.51339891357097,39.98182678222656,15056100
2018-08-21 00:00:00-04:00,39.80731338931097,40.62476803848719,39.35725223778023,40.193077087402344,15570800
2018-08-22 00:00:00-04:00,40.156177980515615,40.18385804273925,39.64869022729315,39.667144775390625,11214300
2018-08-23 00:00:00-04:00,39.501059529578725,39.953183663314505,39.353426656544244,39.48260498046875,9504400
2018-08-24 00:00:00-04:00,39.52872524359999,39.73172169027262,39.23345960471838,39.42722702026367,8294700
2018-08-27 00:00:00-04:00,39.6394617528934,40.78361911217217,39.445694274902344,40.36840057373047,12581300
2018-08-28 00:00:00-04:00,39.88859022721582,40.266899643820466,39.630233607050194,40.04545211791992,13190500
2018-08-29 00:00:00-04:00,39.962405768274614,40.02699491903705,39.54718728491272,39.76863479614258,14226400
2018-08-30 00:00:00-04:00,39.58409449150428,40.13771676305689,39.57486545906648,39.8055419921875,10122300
2018-08-31 00:00:00-04:00,39.787093437953686,39.95318084839639,39.51951129432496,39.69482421875,9982200
2018-09-04 00:00:00-04:00,39.528733488525475,39.67636633875963,38.799794750562256,39.32573699951172,15147400
2018-09-05 00:00:00-04:00,39.03046966166756,39.2888297786224,38.67984033712898,39.21501159667969,15022100
2018-09-06 00:00:00-04:00,38.735205909921284,38.93820240056669,37.12969909070073,37.157379150390625,22590500
2018-09-07 00:00:00-04:00,36.90823991871679,37.277323725841576,36.566839685024995,36.769832611083984,11910100
2018-09-10 00:00:00-04:00,37.00051861431057,37.166606018192546,36.35462706570838,36.53916549682617,15560700
2018-09-11 00:00:00-04:00,36.11471749681668,36.40998317790662,35.53341164723887,36.15162658691406,14716700
2018-09-12 00:00:00-04:00,35.18278927591635,35.764091662239785,34.49998512202156,35.422691345214844,17214800
2018-09-13 00:00:00-04:00,35.78254259504442,36.12394639743244,35.63490975503822,35.88404083251953,13402900
2018-09-14 00:00:00-04:00,35.902503074381464,36.52071814433524,35.87482301089759,36.077816009521484,10359200
2018-09-17 00:00:00-04:00,35.93940532830849,36.14239828827639,35.653365154013066,35.7087287902832,10794500
2018-09-18 00:00:00-04:00,35.84713787562887,36.38230921211642,35.77332320291912,36.160858154296875,9846200
2018-09-19 00:00:00-04:00,36.34539524292489,36.419213425582804,35.84713306951799,36.0224494934082,8213400
2018-09-20 00:00:00-04:00,36.24389970042885,36.760616457975175,36.15163048508073,36.34539794921875,12464200
2018-09-21 00:00:00-04:00,36.2900300191624,36.87133228649349,36.12394265139804,36.56684112548828,20729500
2018-09-24 00:00:00-04:00,36.20699785208526,36.44689994858451,35.85636846195991,36.077816009521484,10678400
2018-09-25 00:00:00-04:00,36.12395333029625,36.19776800454349,35.53341833709218,35.5980110168457,9222500
2018-09-26 00:00:00-04:00,35.155097738800485,35.86558179223134,35.1366467159763,35.302730560302734,10927600
2018-09-27 00:00:00-04:00,35.348878573345175,35.74564255218328,35.1274275191712,35.38578414916992,7146400
2018-09-28 00:00:00-04:00,35.31196452159072,36.299259813197665,35.17355719217701,35.662593841552734,11751200
2018-10-01 00:00:00-04:00,35.524193080592894,35.77332420769537,35.10897453542211,35.37656021118164,10337000
2018-10-02 00:00:00-04:00,35.36731887384309,36.31770482549592,35.21968255063738,35.89326095581055,9626500
2018-10-03 00:00:00-04:00,36.12393426789012,36.58528717797892,35.699486915527466,35.91170883178711,7441700
2018-10-04 00:00:00-04:00,35.58877466999629,35.717952963269745,34.601479405869696,34.961334228515625,12199100
2018-10-05 00:00:00-04:00,34.89674765226328,35.10896965253621,34.12167431568856,34.36157989501953,9790200
2018-10-08 00:00:00-04:00,34.14012731017763,34.41693844926421,33.50346133829405,33.761817932128906,10259500
2018-10-09 00:00:00-04:00,33.70645810637004,33.75259623463685,32.93138471741076,32.959068298339844,13392700
2018-10-10 00:00:00-04:00,32.29471433424282,32.93138029254529,31.455051902346288,31.76877212524414,23974600
2018-10-11 00:00:00-04:00,31.704179484221882,32.11016886682364,30.246302279700945,30.255531311035156,31702100
2018-10-12 00:00:00-04:00,31.23360468928234,31.685732293778905,30.753800543893476,31.08597183227539,16781800
2018-10-15 00:00:00-04:00,30.8552891256843,31.233598466381547,30.495434328416707,30.8460636138916,10151000
2018-10-16 00:00:00-04:00,31.279744442630843,32.11017798651206,31.11365702988557,32.07326889038086,11705500
2018-10-17 00:00:00-04:00,33.235874617677695,33.291238251610096,32.19321572427324,32.25780487060547,15149200
2018-10-18 00:00:00-04:00,32.11017738572226,32.19322109054113,31.159791057119175,31.298194885253906,12345600
2018-10-19 00:00:00-04:00,31.528862056367313,32.11939684790229,31.270505504963523,31.639589309692383,14616500
2018-10-22 00:00:00-04:00,31.731863253834078,31.87027058129942,30.587709623519537,30.938335418701172,13210100
2018-10-23 00:00:00-04:00,29.628095911714095,31.31664638559372,29.628095911714095,30.92911148071289,16111600
2018-10-24 00:00:00-04:00,30.541574122019874,31.012156259908778,29.323603967169035,29.35128402709961,14457700
2018-10-25 00:00:00-04:00,29.72036444347834,30.393939515055873,29.609640690301873,30.117128372192383,12494800
2018-10-26 00:00:00-04:00,29.259021203503057,30.44008787393864,29.129842861388035,29.858781814575195,13317000
2018-10-29 00:00:00-04:00,30.126359849852378,30.21862906501368,28.170221865781787,28.714618682861328,14150400
2018-10-30 00:00:00-04:00,28.788435746095406,29.951044074064857,28.696164768975883,29.914134979248047,15142300
2018-10-31 00:00:00-04:00,30.35703944875236,30.68921076851676,29.729598867233015,30.338584899902344,12942900
2018-11-01 00:00:00-04:00,30.430862199950457,32.70994854998712,30.366273021757586,32.61767578125,14184200
2018-11-02 00:00:00-04:00,33.04211216613542,33.23587963437982,32.03636221020896,32.54384994506836,11959700
2018-11-05 00:00:00-05:00,32.589980616026715,32.65456976430418,31.141332256355664,31.667274475097656,7785300
2018-11-06 00:00:00-05:00,31.5196459358058,32.220901149902296,31.46428229264881,32.174766540527344,6816400
2018-11-07 00:00:00-05:00,32.5346199532179,32.54384898658345,31.861044831174354,32.525394439697266,11028800
2018-11-08 00:00:00-05:00,32.11017487583175,32.86679367399809,32.064040270059614,32.23935317993164,9029900
2018-11-09 00:00:00-05:00,31.833365688154494,31.953318486449074,31.215154188953626,31.630369186401367,11136200
2018-11-12 00:00:00-05:00,31.122879202866123,31.18746835423933,29.95104192533906,30.098674774169922,10618000
2018-11-13 00:00:00-05:00,30.40317172359345,31.42737622703521,30.17249516047035,30.90143394470215,11847500
2018-11-14 00:00:00-05:00,31.187463301785698,31.731860003626657,30.633841088319446,30.98447036743164,9513500
2018-11-15 00:00:00-05:00,30.744559261947284,32.756058337199406,30.67074462277365,32.31315994262695,15175700
2018-11-16 00:00:00-05:00,29.66499735401366,33.05132646144351,29.591179189350648,32.66379165649414,28075300
2018-11-19 00:00:00-05:00,32.51616666284674,32.91292707382544,31.630366073191855,31.759544372558594,15053300
2018-11-20 00:00:00-05:00,30.763023204621657,34.06630939375367,30.57848127051579,33.00519943237305,25487100
2018-11-21 00:00:00-05:00,33.56193925023911,33.66400820210536,32.59693174994977,32.65260314941406,11659600
2018-11-23 00:00:00-05:00,32.34639879005327,33.042319577998875,32.290723852748606,32.52269744873047,5203200
2018-11-26 00:00:00-05:00,33.00519524788093,33.45058402343126,32.59692308853529,33.41346740722656,11741200
2018-11-27 00:00:00-05:00,33.07942852038023,33.96092514868037,32.81961574626782,33.40419006347656,11117800
2018-11-28 00:00:00-05:00,33.7382301192151,34.45270900259928,32.98663462223394,34.43415069580078,12038400
2018-11-29 00:00:00-05:00,34.137231751023464,34.41559932987133,33.664003681309865,33.90525817871094,7934200
2018-11-30 00:00:00-05:00,33.840300257963335,34.59189224243164,33.71039564532117,34.59189224243164,13387000
2018-12-03 00:00:00-05:00,35.53834191456892,35.8538260376595,35.055836576922445,35.57545852661133,14371100
2018-12-04 00:00:00-05:00,35.25997350061296,35.32492580020646,32.61547690392093,32.87528610229492,21733000
2018-12-06 00:00:00-05:00,32.13298445396149,32.3649580567832,31.529851670770533,32.188655853271484,17391700
2018-12-07 00:00:00-05:00,31.96596460109127,32.318565484189534,31.16797480548613,31.21436882019043,15636700
2018-12-10 00:00:00-05:00,31.21436152067851,31.836052499169625,31.038062890175212,31.706144332885742,10337700
2018-12-11 00:00:00-05:00,32.25360686467597,32.828903924770714,31.511292073820325,31.566967010498047,13436900
2018-12-12 00:00:00-05:00,32.09585639665702,32.467015444833336,31.50200475128293,31.733978271484375,11895500
2018-12-13 00:00:00-05:00,31.96595928671872,32.00307590816606,31.11229469160915,31.279315948486328,9675800
2018-12-14 00:00:00-05:00,30.79681764106696,31.09374360233434,30.27719897866738,30.295757293701172,10822900
2018-12-17 00:00:00-05:00,30.17511853675772,31.32570531406015,30.17511853675772,30.314300537109375,12262100
2018-12-18 00:00:00-05:00,30.685474023672846,31.845342269320103,30.518452713128685,30.88033103942871,13636700
2018-12-19 00:00:00-05:00,30.36998392990377,31.32571404944441,29.098769566101712,29.256511688232422,14660000
2018-12-20 00:00:00-05:00,29.59982647853091,29.924589822819655,28.560585900588347,28.671932220458984,16178300
2018-12-21 00:00:00-05:00,28.662654097390057,29.53487522692767,28.068802317186357,28.124475479125977,24879500
2018-12-24 00:00:00-05:00,27.836827803524535,28.133753683591276,26.871816923489785,26.899654388427734,10464900
2018-12-26 00:00:00-05:00,27.2615305222165,28.458514876773517,26.714074578374177,28.43067741394043,13325600
2018-12-27 00:00:00-05:00,28.040968773587217,29.293626596262772,27.948180747314932,29.275068283081055,10920200
2018-12-28 00:00:00-05:00,29.37713250561293,30.676185902076124,29.37713250561293,30.045217514038086,13042900
2018-12-31 00:00:00-05:00,30.351417969620876,30.6205081330297,29.878193492277273,30.379257202148438,9697100
2019-01-02 00:00:00-05:00,29.729734282155682,31.35354931046796,29.692617660567368,31.065900802612305,11106300
2019-01-03 00:00:00-05:00,30.369984027994253,30.852489552519334,29.21011599970405,29.265790939331055,21580700
2019-01-04 00:00:00-05:00,29.933879503018307,31.409232120925218,29.88748547898594,31.270050048828125,15631800
2019-01-07 00:00:00-05:00,31.362821796651968,32.290715953592176,31.214358873126947,31.82676887512207,13868800
2019-01-08 00:00:00-05:00,32.21649057955698,32.21649057955698,30.314304471175237,30.53700065612793,12485300
2019-01-09 00:00:00-05:00,30.917433026076903,32.32783256938226,30.889597334051995,31.82676887512207,11757100
2019-01-10 00:00:00-05:00,31.622640010066846,32.30927982218326,31.44633782453854,32.253604888916016,7573600
2019-01-11 00:00:00-05:00,31.9381133183793,32.77321942672793,31.724698099498006,32.27215576171875,6449600
2019-01-14 00:00:00-05:00,31.724708024061016,31.82677697363815,31.00095153016673,31.41850471496582,9552400
2019-01-15 00:00:00-05:00,31.631911380079153,31.854607531160152,30.991665697628545,31.31642723083496,6593600
2019-01-16 00:00:00-05:00,31.474178134243665,31.798943316446636,31.140139104590833,31.21436882019043,6778900
2019-01-17 00:00:00-05:00,31.08446920156643,32.20722082172207,30.852495550808474,32.04948043823242,10260700
2019-01-18 00:00:00-05:00,32.43918066235535,33.70111735158433,32.13297741432403,33.135101318359375,11332700
2019-01-22 00:00:00-05:00,32.773222452735915,32.819616454231124,31.659748718673832,31.956674575805664,10047400
2019-01-23 00:00:00-05:00,32.20720943447055,32.42062469295586,31.279315159507046,31.8360538482666,9560200
2019-01-24 00:00:00-05:00,33.571214349418284,35.18574836709159,33.41347048583201,35.092960357666016,21529900
2019-01-25 00:00:00-05:00,35.75177133497393,36.633271753367715,35.54763696687125,36.36418151855469,17553400
2019-01-28 00:00:00-05:00,34.90738769096139,36.14148898985764,34.81459966321663,35.909515380859375,12459600
2019-01-29 00:00:00-05:00,36.43840308122347,36.51263277136226,35.11151418591239,35.445556640625,8754600
2019-01-30 00:00:00-05:00,35.82599653374414,37.11576893799788,35.7146502180281,36.74460983276367,12546200
2019-01-31 00:00:00-05:00,36.44768002735949,36.88379139795568,35.928061583723355,36.26210403442383,11588900
2019-02-01 00:00:00-05:00,36.2620944762239,37.08791946187085,36.2620944762239,36.47550964355469,11091000
2019-02-04 00:00:00-05:00,36.33633991444061,36.475525472491135,35.67753582422443,36.095088958740234,12458400
2019-02-05 00:00:00-05:00,36.07653219862823,36.456968728727134,35.816719381745024,36.299224853515625,13240200
2019-02-06 00:00:00-05:00,36.456959052627035,37.77456693997085,36.37344844429997,37.375572204589844,21058100
2019-02-07 00:00:00-05:00,36.86523200517931,37.42197058649776,36.70749170790187,37.04153060913086,13395500
2019-02-08 00:00:00-05:00,36.466247486372644,36.93019466441717,35.93734798657277,36.91163635253906,9891300
2019-02-11 00:00:00-05:00,37.08793968948135,37.292074047164625,36.49408784960972,37.022987365722656,9969500
2019-02-12 00:00:00-05:00,37.4683632540374,37.94158766871539,37.37557172395891,37.75600814819336,8911900
2019-02-13 00:00:00-05:00,38.00655656770644,38.266369425753524,37.783863877536355,37.90448760986328,10134200
2019-02-14 00:00:00-05:00,37.76529308091245,38.24779846964786,37.58899092486114,37.77457046508789,13938400
2019-02-15 00:00:00-05:00,37.11577265183911,37.30135222302548,35.80744180744721,36.28066635131836,22396300
2019-02-19 00:00:00-05:00,36.18787617356543,36.84668024926392,36.18787617356543,36.466243743896484,12353100
2019-02-20 00:00:00-05:00,36.5128718742165,36.708725497874326,36.26105854762472,36.37297439575195,9575900
2019-02-21 00:00:00-05:00,36.372986600323884,36.61547161225295,35.93464434127848,36.214439392089844,7178800
2019-02-22 00:00:00-05:00,36.27037553107877,36.783326911461224,36.18643777372601,36.77400207519531,8149300
2019-02-25 00:00:00-05:00,37.23101421657708,37.380240140723856,36.95122272428557,36.988529205322266,8064800
2019-02-26 00:00:00-05:00,36.86727885431362,37.184376775463356,36.820647539561854,36.91391372680664,6159300
2019-02-27 00:00:00-05:00,36.65277057068587,36.671423807427644,35.72013008004378,36.16779708862305,14038500
2019-02-28 00:00:00-05:00,35.888019252690064,36.0092635585864,35.3657390992264,35.757450103759766,9785100
2019-03-01 00:00:00-05:00,36.055886235116034,36.31702447029829,35.49630328608502,35.962623596191406,7852900
2019-03-04 00:00:00-05:00,36.344998857272614,37.47349292873537,35.82271893336232,36.44758987426758,20810700
2019-03-05 00:00:00-05:00,36.54086511460029,36.606149682918605,36.149154146948234,36.30770492553711,12449100
2019-03-06 00:00:00-05:00,36.261059039086405,36.31701518503808,35.123236634859346,35.505619049072266,12557800
2019-03-07 00:00:00-05:00,35.39371106057737,35.39371106057737,34.55433310746426,35.039306640625,9831700
2019-03-08 00:00:00-05:00,34.35847151414,35.291111887968185,34.32116504532911,35.19784927368164,8174400
2019-03-11 00:00:00-04:00,35.39370117112454,36.27038179895461,35.26313209439884,35.915977478027344,7199500
2019-03-12 00:00:00-04:00,36.09319514758907,36.400964722986906,35.73879069184266,36.10251998901367,6267600
2019-03-13 00:00:00-04:00,36.31701778617779,36.46624011563791,35.96261697729812,35.99991989135742,6404400
2019-03-14 00:00:00-04:00,36.093197978528046,37.1470830292614,36.093197978528046,36.30770492553711,9491100
2019-03-15 00:00:00-04:00,36.69941755099398,38.266254528789325,36.65278621810275,37.66936492919922,23021500
2019-03-18 00:00:00-04:00,37.68799687745814,37.96778827444577,37.22167669656519,37.30561447143555,7670800
2019-03-19 00:00:00-04:00,37.492148624288895,37.995775345631344,37.464166990164664,37.65069580078125,7134500
2019-03-20 00:00:00-04:00,37.6600191432136,37.88385083971714,36.70872553872189,36.904579162597656,7772400
2019-03-21 00:00:00-04:00,37.10977213355459,39.1615822649404,37.10044373476543,38.54603958129883,13135700
2019-03-22 00:00:00-04:00,38.27556484143184,38.43411200988302,37.12841751727118,37.175048828125,9468300
2019-03-25 00:00:00-04:00,37.01651493738778,37.42687919811721,36.43827859278301,36.74605178833008,6710200
2019-03-26 00:00:00-04:00,37.1470734006318,37.75328760041828,36.550180482843054,36.96054458618164,8138100
2019-03-27 00:00:00-04:00,36.99785709282851,37.221692439735705,35.97195368404739,36.30770492553711,7737600
2019-03-28 00:00:00-04:00,36.29835987032711,36.55950158151902,35.66416772019379,35.915977478027344,8298300
2019-03-29 00:00:00-04:00,36.42894622073925,37.16572965363379,36.37298649918421,36.988529205322266,9221500
2019-04-01 00:00:00-04:00,37.58540764051472,38.39680379735709,37.501469861686836,38.359500885009766,11731000
2019-04-02 00:00:00-04:00,38.23825626556322,38.443438291318905,37.87452708008054,38.22893142700195,8688600
2019-04-03 00:00:00-04:00,38.853811424413365,40.11287494646964,38.816504942550765,39.57194519042969,13204800
2019-04-04 00:00:00-04:00,39.23618630509944,39.94499509106862,39.18955499075071,39.74913787841797,8472800
2019-04-05 00:00:00-04:00,40.10354359133532,40.46727283606463,39.81442374047136,40.14085006713867,8502800
2019-04-08 00:00:00-04:00,40.03825906188968,40.112868455800395,39.27349409616281,40.0289306640625,6314200
2019-04-09 00:00:00-04:00,39.683848226434094,39.73047953478956,38.85379884138815,39.18022155761719,7412500
2019-04-10 00:00:00-04:00,39.08695235860132,39.487987946856705,38.91907683059953,39.329437255859375,5442400
2019-04-11 00:00:00-04:00,39.57193120222323,40.04757622573975,39.44136211960068,39.60923767089844,6577500
2019-04-12 00:00:00-04:00,40.10354404795,40.4392952185203,39.8890371462504,40.09421920776367,4923500
2019-04-15 00:00:00-04:00,39.87038295238461,40.22478735257337,39.47867563460333,39.83307647705078,5739300
2019-04-16 00:00:00-04:00,40.1968151021852,41.17609074075817,40.150183776001285,40.775054931640625,9881100
2019-04-17 00:00:00-04:00,41.362607555218155,41.53048314121507,40.635149054392464,40.93359375,8290900
2019-04-18 00:00:00-04:00,41.0455076984059,41.28799622581464,40.84032920337686,40.98955154418945,6122100
2019-04-22 00:00:00-04:00,40.905605125131586,41.017520967694466,40.35534719239842,40.8403205871582,4672200
2019-04-23 00:00:00-04:00,40.8496505086849,41.026854469014545,40.476596467802224,40.87763214111328,6703900
2019-04-24 00:00:00-04:00,40.95225068699661,42.565718580147305,40.924272606050614,41.46520233154297,10613300
2019-04-25 00:00:00-04:00,42.1180416178543,42.66829961309788,41.31597027993239,41.455867767333984,9547000
2019-04-26 00:00:00-04:00,40.66313297852833,41.698364721753364,40.411323121074275,41.6517333984375,7203900
2019-04-29 00:00:00-04:00,41.56778691081176,41.88488482396382,41.22271092106254,41.26001739501953,5847300
2019-04-30 00:00:00-04:00,41.17608390296321,41.57711964548383,40.77504816044258,41.101470947265625,10447200
2019-05-01 00:00:00-04:00,41.0734893785928,41.661050344961495,40.45794677734375,40.45794677734375,9388100
2019-05-02 00:00:00-04:00,40.27142745013436,41.26935275762016,39.97298269786246,40.75640106201172,12709000
2019-05-03 00:00:00-04:00,41.064155392543405,41.17607480135097,40.67244813493922,40.998870849609375,7375400
2019-05-06 00:00:00-04:00,39.55328945046012,40.24344509034536,38.97505324909143,40.206138610839844,11824300
2019-05-07 00:00:00-04:00,39.41337909920425,39.56260141090167,38.42478261836154,39.217525482177734,9898300
2019-05-08 00:00:00-04:00,38.891105916820706,39.35742612311894,38.48074185832413,38.77919006347656,7709200
2019-05-09 00:00:00-04:00,38.02375339126282,38.41546069127384,37.16572228621689,38.18230056762695,11580600
2019-05-10 00:00:00-04:00,38.07039579596611,38.415471883331286,37.109776945149065,38.05174255371094,9025500
2019-05-13 00:00:00-04:00,36.61547164686045,36.96987610254578,36.06521350161554,36.45692443847656,10724700
2019-05-14 00:00:00-04:00,36.86727820330111,37.66934961073675,36.74603749863569,37.314945220947266,8370100
2019-05-15 00:00:00-04:00,37.68799645957644,39.040325680719576,37.40820506569111,38.70457458496094,12051000
2019-05-16 00:00:00-04:00,38.518054371545006,39.34810389973866,38.200956439205044,38.85380554199219,11932500
2019-05-17 00:00:00-04:00,40.42996372468644,41.371932609737975,39.70250528264986,39.82374954223633,20218200
2019-05-20 00:00:00-04:00,38.984383193548325,39.879717472438834,37.510812637592124,37.63205337524414,21371800
2019-05-21 00:00:00-04:00,38.406132563381846,38.57400812265331,38.07038144483893,38.49007034301758,8949900
2019-05-22 00:00:00-04:00,38.199478486907786,38.32134285512234,37.637033608273036,37.955753326416016,5897500
2019-05-23 00:00:00-04:00,37.16832777534944,37.57141457664104,36.69962252509755,37.4401741027832,8459800
2019-05-24 00:00:00-04:00,37.74952027075327,37.87138463380891,36.98084396705558,37.027713775634766,8541800
2019-05-28 00:00:00-04:00,37.31830184989977,37.524529665029405,36.55899829037797,36.5683708190918,10715500
2019-05-29 00:00:00-04:00,36.296534792653404,37.07458362862406,35.99656372626264,36.90584945678711,10137000
2019-05-30 00:00:00-04:00,36.98085103567972,37.87139187265355,36.830865473995345,37.2620735168457,7491700
2019-05-31 00:00:00-04:00,36.74650266527792,37.458933272530096,36.259048638868215,36.2684211730957,8394900
2019-06-03 00:00:00-04:00,36.53088584521892,37.17769775889863,36.127799071553625,36.35277557373047,7795300
2019-06-04 00:00:00-04:00,37.04645436111978,38.105728969243515,36.821474322533625,37.89012145996094,14138900
2019-06-05 00:00:00-04:00,38.246339557875096,38.5931803679127,37.64639753750631,38.04948425292969,10143400
2019-06-06 00:00:00-04:00,38.00262174508394,38.89316241691953,37.95575193623726,38.79004669189453,8101700
2019-06-07 00:00:00-04:00,38.99627045876066,39.2587477973438,38.508820206970874,38.911903381347656,6391200
2019-06-10 00:00:00-04:00,39.371244327030446,40.8242300096262,39.17438896362031,40.43989181518555,9651700
2019-06-11 00:00:00-04:00,41.1616966639519,41.76163883733763,40.908595389066534,41.01171112060547,10536500
2019-06-12 00:00:00-04:00,39.97118184796019,40.018051656248495,38.77129759128116,38.90253448486328,10059800
2019-06-13 00:00:00-04:00,39.00565457426645,39.38999276674608,38.57444656825274,39.04315185546875,6979500
2019-06-14 00:00:00-04:00,38.396343249862426,38.893173376258375,38.0213810974948,38.649444580078125,7695100
2019-06-17 00:00:00-04:00,38.53695089876347,38.6213179970283,37.72140466616192,37.96512985229492,12453300
2019-06-18 00:00:00-04:00,38.368218453752746,39.93369253354058,38.283851351636535,39.66184616088867,11291800
2019-06-19 00:00:00-04:00,40.01804657872843,40.158659561689426,39.59621478171884,39.86806106567383,9333000
2019-06-20 00:00:00-04:00,41.002342300308,41.23669495649739,40.3086568645748,40.50551223754883,8633300
2019-06-21 00:00:00-04:00,40.21490634797778,40.496128744102336,39.94305648215144,40.271148681640625,12096400
2019-06-24 00:00:00-04:00,40.224280126444334,40.243028763559316,39.59621687480845,39.68058395385742,10997100
2019-06-25 00:00:00-04:00,39.6055830385,40.027418365931645,39.27749088157334,39.352481842041016,9637900
2019-06-26 00:00:00-04:00,40.3086523247594,41.05858002491629,40.24303387449176,40.852352142333984,10023900
2019-06-27 00:00:00-04:00,41.142951702306725,42.061613684426085,41.04921207031122,41.892879486083984,8894400
2019-06-28 00:00:00-04:00,42.30535262487051,42.549077872244986,41.88351702755065,42.09912109375,15599700
2019-07-01 00:00:00-04:00,43.711444298810804,44.57386007825969,42.38969588835173,42.82090377807617,11452200
2019-07-02 00:00:00-04:00,42.286581466495655,42.38969717715978,41.35854364645521,41.86474609375,13869000
2019-07-03 00:00:00-04:00,41.733513199254,41.977238340132736,41.583527671958535,41.874122619628906,5559100
2019-07-05 00:00:00-04:00,41.471038894388,41.639769481510044,40.8335995174843,41.22731018066406,6618200
2019-07-08 00:00:00-04:00,40.45863412512932,41.01170642336186,40.36489451225073,40.73048400878906,9733000
2019-07-09 00:00:00-04:00,40.524248432117645,41.30230072813747,40.19615624460125,41.217933654785156,12432400
2019-07-10 00:00:00-04:00,41.714766170665044,42.58655819918313,41.667896362065214,41.920997619628906,7184700
2019-07-11 00:00:00-04:00,42.24909798956045,42.53032047123754,41.592909815021976,42.445953369140625,8128500
2019-07-12 00:00:00-04:00,42.520940944681286,43.63645815477138,42.520940944681286,43.598960876464844,9030900
2019-07-15 00:00:00-04:00,43.91768557716794,44.46138544653958,43.045893425201456,43.38336181640625,6723200
2019-07-16 00:00:00-04:00,43.12088412100078,43.33648811249329,42.65217885881599,43.13025665283203,6671000
2019-07-17 00:00:00-04:00,43.36461544320694,43.56147439899776,42.76467319454773,43.32712173461914,8459900
2019-07-18 00:00:00-04:00,43.561468584824105,45.5956477236773,43.47710149387081,45.15506362915039,14577100
2019-07-19 00:00:00-04:00,45.28629782199489,45.45503198048215,44.676979630131264,44.81759262084961,9415200
2019-07-22 00:00:00-04:00,46.23308755460556,47.62045472492955,46.129971823038,47.55483627319336,21604000
2019-07-23 00:00:00-04:00,47.470466239758785,48.107905653639804,46.98301235997111,47.836055755615234,10063900
2019-07-24 00:00:00-04:00,47.79856316548299,49.13905689614747,47.58295560276925,48.876583099365234,11289800
2019-07-25 00:00:00-04:00,48.48286913010215,48.54848757486644,47.49858530676372,47.639198303222656,8301000
2019-07-26 00:00:00-04:00,47.70481075784648,47.90166606742086,47.301724032944705,47.56420135498047,5737600
2019-07-29 00:00:00-04:00,47.3017294153402,47.59232793582863,46.92676738909451,47.49858474731445,4485700
2019-07-30 00:00:00-04:00,46.92677292773627,47.8548073599695,46.78615991633733,47.55483627319336,4666300
2019-07-31 00:00:00-04:00,47.367348983952624,47.423594898396544,45.64251360964689,46.27995300292969,8334800
2019-08-01 00:00:00-04:00,46.345572656557366,47.85480409540777,44.91133577225373,45.43628692626953,11076800
2019-08-02 00:00:00-04:00,44.99571093242514,45.37067662057048,44.23640702310285,44.573875427246094,8093900
2019-08-05 00:00:00-04:00,43.30836659987754,43.30836659987754,42.15535209309892,42.614681243896484,12069900
2019-08-06 00:00:00-04:00,43.514588875072896,44.03016745373143,42.82090718441084,43.43022537231445,7428200
2019-08-07 00:00:00-04:00,43.15838150453666,43.92705785030302,42.88653159358732,43.758323669433594,7591400
2019-08-08 00:00:00-04:00,44.14266109839198,44.94883470986251,43.95517828103695,44.86446762084961,6122900
2019-08-09 00:00:00-04:00,44.56449930928807,44.56449930928807,43.645837380764014,44.198909759521484,5293200
2019-08-12 00:00:00-04:00,44.03954742333442,44.14266315648418,43.3364895074269,43.552093505859375,7105200
2019-08-13 00:00:00-04:00,43.52397216288298,45.230059079388006,43.18650379242045,45.05195236206055,9013700
2019-08-14 00:00:00-04:00,44.01142188717417,44.292644310465896,43.486470741342394,43.786441802978516,7212300
2019-08-15 00:00:00-04:00,44.05829692209095,44.34889548699971,43.58959163568573,44.208282470703125,8256800
2019-08-16 00:00:00-04:00,43.083381831656126,44.0489169911126,41.82725173203813,43.711448669433594,17658200
2019-08-19 00:00:00-04:00,44.62073617173716,44.930083337949505,43.87080852386387,44.15203094482422,8860000
2019-08-20 00:00:00-04:00,43.99267001908451,44.189525343342765,43.59895579463113,43.8051872253418,7753800
2019-08-21 00:00:00-04:00,44.44551354958107,44.74683877293444,44.00294055624582,44.09710693359375,5198200
2019-08-22 00:00:00-04:00,44.389012123513055,44.520841454969386,43.72986187415156,44.285430908203125,4280700
2019-08-23 00:00:00-04:00,43.79577077860399,44.10651438365588,42.20439698495595,42.48688888549805,11614800
2019-08-26 00:00:00-04:00,43.31552773295748,43.47560513299015,42.78820697175571,42.94828796386719,5715200
2019-08-27 00:00:00-04:00,43.315539850092705,43.54153555156483,42.477478892943246,42.85413360595703,5926900
2019-08-28 00:00:00-04:00,42.75054590797245,43.35319618041008,42.42096907067883,43.22136688232422,4811500
2019-08-29 00:00:00-04:00,43.93701874346218,44.65266513453383,43.90877063089128,44.54908752441406,6786700
2019-08-30 00:00:00-04:00,44.775086011926945,45.283573663392794,44.6244234032052,45.21765899658203,7819300
2019-09-03 00:00:00-04:00,44.859833046458895,44.982247536094214,44.40784522943602,44.83158493041992,7145800
2019-09-04 00:00:00-04:00,45.735562258761895,46.6677896354613,45.575484805837746,46.620704650878906,10227700
2019-09-05 00:00:00-04:00,47.51525569694545,48.71114149917979,47.336345005428534,47.41167449951172,10415400
2019-09-06 00:00:00-04:00,47.52467586466132,47.55292397696441,46.89377381728368,47.176265716552734,6913400
2019-09-09 00:00:00-04:00,47.3551875958983,47.83542354241111,47.04444394244652,47.70359420776367,6653800
2019-09-10 00:00:00-04:00,47.439931147949125,47.543512356180045,46.72428112312437,47.261016845703125,7304000
2019-09-11 00:00:00-04:00,47.48701451812523,48.5604860080973,47.091522942194594,48.55107116699219,8100400
2019-09-12 00:00:00-04:00,48.63581353191559,48.83355750118087,48.06141130417222,48.2591552734375,6251800
2019-09-13 00:00:00-04:00,48.72056067326026,48.946552751032115,48.06141052761359,48.35331726074219,6052700
2019-09-16 00:00:00-04:00,47.76950314361859,48.475734716277785,47.345763481607165,47.94841384887695,5164300
2019-09-17 00:00:00-04:00,47.6000092690872,48.268574323726504,47.48701321851936,48.21207809448242,5435500
2019-09-18 00:00:00-04:00,48.268571907990875,49.05955140653837,48.05199465854185,49.05013656616211,7880200
2019-09-19 00:00:00-04:00,49.426801619370785,49.5492125214529,48.37215974857103,48.66407012939453,5951300
2019-09-20 00:00:00-04:00,48.87122992058405,48.98422597487974,47.90133604563328,47.986083984375,11287300
2019-09-23 00:00:00-04:00,47.882497198065224,48.93713888900514,47.83541581359526,48.7393913269043,4511200
2019-09-24 00:00:00-04:00,48.98422458940215,49.51154548133357,47.90133469078432,48.17441177368164,7074000
2019-09-25 00:00:00-04:00,47.69417434538532,49.078385805546596,47.55292659194375,48.89947509765625,5381400
2019-09-26 00:00:00-04:00,49.125465727986466,49.3985427940559,48.78647759557692,49.10663604736328,4848600
2019-09-27 00:00:00-04:00,48.13674595808756,48.45690443447254,46.28171335534139,46.545372009277344,11206000
2019-09-30 00:00:00-04:00,46.84669399156914,47.289266923467494,46.38528778681559,46.98794174194336,6674800
2019-10-01 00:00:00-04:00,47.468180567569476,48.023749578930484,46.874945008165064,47.1009407043457,7727000
2019-10-02 00:00:00-04:00,46.48887190540865,46.96911141311888,46.33820930520303,46.5736198425293,6426000
2019-10-03 00:00:00-04:00,46.53595585243294,46.86553277805364,45.93330541848414,46.74311828613281,6519300
2019-10-04 00:00:00-04:00,47.091520124534675,47.929584615936584,46.97852407763537,47.91075134277344,4596700
2019-10-07 00:00:00-04:00,47.854245504454084,48.127322542854294,47.62825343907945,47.69416809082031,5257200
2019-10-08 00:00:00-04:00,47.223356430878574,47.34576732711801,46.21579959274885,46.432376861572266,5706200
2019-10-09 00:00:00-04:00,47.19511659591633,48.183840408262036,47.08212051246901,47.87310028076172,6279400
2019-10-10 00:00:00-04:00,47.71301786791061,48.58874557230216,47.68476974585947,48.03317642211914,5330200
2019-10-11 00:00:00-04:00,49.116057445198145,49.33263472207498,48.69231773301305,48.729984283447266,6801000
2019-10-14 00:00:00-04:00,48.78647507768013,49.087800241212264,48.76764180594946,48.90888595581055,3395600
2019-10-15 00:00:00-04:00,49.03130892380454,50.03886578750311,48.85239819947448,49.822288513183594,8052200
2019-10-16 00:00:00-04:00,48.85239637147278,49.71870543633453,48.35332358298698,48.55107116699219,8383000
2019-10-17 00:00:00-04:00,49.39854657666889,50.142444741029315,48.814729446499335,49.09722137451172,5150400
2019-10-18 00:00:00-04:00,49.1725577893787,49.35146851770794,48.06141968441181,48.66407012939453,6419100
2019-10-21 00:00:00-04:00,49.144306846563026,49.63396123876707,48.955981273629206,49.56804656982422,5738200
2019-10-22 00:00:00-04:00,49.5774620321757,49.63395826383759,48.90889335684471,48.94655990600586,4442600
2019-10-23 00:00:00-04:00,48.29682293232392,48.44748552077637,47.3080994710998,47.581172943115234,8493800
2019-10-24 00:00:00-04:00,49.85052928434824,51.90330925926546,49.67161858638,51.85622787475586,18652600
2019-10-25 00:00:00-04:00,51.696153617781576,52.58129591388779,51.34774344847968,52.468299865722656,8567800
2019-10-28 00:00:00-04:00,52.7602056506627,53.94667670681338,52.73195753716181,53.62651824951172,8755200
2019-10-29 00:00:00-04:00,53.37227292141411,53.75834602720093,52.16697221887562,52.27996826171875,6353600
2019-10-30 00:00:00-04:00,52.10106345997198,52.204641082258654,51.47957617377286,51.98806381225586,4246700
2019-10-31 00:00:00-04:00,51.969225661168444,51.969225661168444,50.434351640552535,51.09349822998047,6741600
2019-11-01 00:00:00-04:00,51.72439962867419,52.23288721286149,51.23474531709525,52.22346878051758,5899000
2019-11-04 00:00:00-05:00,52.750795502493716,53.108620537678945,52.11047853093272,52.48713684082031,4150500
2019-11-05 00:00:00-05:00,52.81670914133737,53.005038292620696,52.32705478483263,52.61896514892578,3857900
2019-11-06 00:00:00-05:00,52.35530704042036,52.61896930989867,51.705575188797525,52.562469482421875,3965900
2019-11-07 00:00:00-05:00,53.02386715886977,53.193363021725915,52.383550252986446,52.67545700073242,4486900
2019-11-08 00:00:00-05:00,52.44946809053269,52.863789340359425,51.912732356317264,52.76020812988281,3313900
2019-11-11 00:00:00-05:00,52.515375203315315,53.41935066865714,52.30821281214478,53.28752136230469,5651000
2019-11-12 00:00:00-05:00,53.67360706750784,53.909017624821466,52.92029400252022,53.1274528503418,5115400
2019-11-13 00:00:00-05:00,52.83553372710385,54.04083434978313,52.74136737090753,53.786590576171875,5703000
2019-11-14 00:00:00-05:00,53.80542878699796,53.8619286059027,53.21219326077659,53.63593292236328,8236000
2019-11-15 00:00:00-05:00,56.809283183633134,59.24813335665043,56.70570195316452,58.438323974609375,28389000
2019-11-18 00:00:00-05:00,58.278233099861495,59.389371143505485,57.77916390116844,58.711387634277344,10413100
2019-11-19 00:00:00-05:00,58.65487815547917,59.012699511572485,57.29891144328056,57.38365936279297,9886800
2019-11-20 00:00:00-05:00,56.7222331297198,57.100193820449846,55.834030192354554,56.36317443847656,12037600
2019-11-21 00:00:00-05:00,53.519035605251766,55.229302713065685,52.583588368472874,53.330055236816406,13935300
2019-11-22 00:00:00-05:00,53.44344447046101,53.9914835621788,52.38515587179795,52.85760498046875,8627700
2019-11-25 00:00:00-05:00,53.50013372260356,55.200949718717844,53.44344213891672,55.06866455078125,11193700
2019-11-26 00:00:00-05:00,55.05921460026082,55.20094715740203,53.934787120472535,54.39778518676758,10254000
2019-11-27 00:00:00-05:00,54.70017179995063,55.17262103450471,54.55843919228537,55.07813262939453,5701700
2019-11-29 00:00:00-05:00,54.88914318201511,55.087570962793805,54.539531815238234,54.70961380004883,2905800
2019-12-02 00:00:00-05:00,54.936369763773705,54.936369763773705,53.367839210237506,53.57571792602539,6159400
2019-12-03 00:00:00-05:00,52.1394811104073,52.82925633934051,51.92215496467496,52.29066467285156,7671700
2019-12-04 00:00:00-05:00,53.30170719230096,53.424544967271856,52.5268909584856,52.99934005737305,6564400
2019-12-05 00:00:00-05:00,53.22611277883912,53.41508951905811,52.583581769493804,52.76311111450195,5291000
2019-12-06 00:00:00-05:00,53.62296784803216,54.322194036788375,53.36784492529004,53.481231689453125,6033500
2019-12-09 00:00:00-05:00,53.97257914016015,54.076518509184744,53.433987504760196,53.481231689453125,4729500
2019-12-10 00:00:00-05:00,54.01982293659455,54.01982293659455,53.34894614707611,53.50012969970703,6329100
2019-12-11 00:00:00-05:00,53.68912118764862,55.87183756111515,53.575734400761036,55.78679656982422,8839700
2019-12-12 00:00:00-05:00,55.76790130754422,57.147452039846286,55.75845030547985,57.03406524658203,9280400
2019-12-13 00:00:00-05:00,56.70333771863621,57.45925913987521,56.48601157160517,56.57105255126953,6172600
2019-12-16 00:00:00-05:00,57.63878856257548,58.045095065393014,56.62774780565755,56.65609359741211,6430100
2019-12-17 00:00:00-05:00,57.11909170535046,57.54429657749953,56.91121296685532,57.44035720825195,7848000
2019-12-18 00:00:00-05:00,57.46872107479711,58.0262112815267,57.04351606890142,57.0529670715332,6525100
2019-12-19 00:00:00-05:00,57.23249600697581,57.35533380868119,56.58051740623437,57.32698440551758,6002700
2019-12-20 00:00:00-05:00,57.83722223595077,58.56479433631955,57.35532570427837,58.4041633605957,15663100
2019-12-23 00:00:00-05:00,58.536446442406266,58.58369063330718,57.667138190926494,57.714385986328125,5840900
2019-12-24 00:00:00-05:00,57.98840641603868,58.1301425997943,57.58209986740684,58.111244201660156,1624100
2019-12-26 00:00:00-05:00,58.21518185883294,58.28132444808606,57.67659014377141,57.93171310424805,2960600
2019-12-27 00:00:00-05:00,58.1962746684373,58.28131564241408,57.47815369168911,57.799415588378906,3314500
2019-12-30 00:00:00-05:00,57.969502604984385,57.99785200178891,56.87342084705731,57.57264709472656,3566400
2019-12-31 00:00:00-05:00,57.33642222736863,57.71438294365143,56.78837954920863,57.67658615112305,3878200
2020-01-02 00:00:00-05:00,58.583697983429616,59.19788335570153,58.300229197958416,58.77267837524414,6647900
2020-01-03 00:00:00-05:00,57.3458679485655,58.32856289860248,57.22303378318619,57.837215423583984,5415200
2020-01-06 00:00:00-05:00,56.55214614552021,57.12853452555291,56.03245294540055,56.589942932128906,8586000
2020-01-07 00:00:00-05:00,56.94901353715829,58.67817532602446,56.82617576493813,58.22462463378906,7970400
2020-01-08 00:00:00-05:00,58.30022684608719,58.77267600431399,57.875021882782875,58.18684005737305,4364400
2020-01-09 00:00:00-05:00,58.77267361403251,59.386855332048,57.83722273280774,58.55534744262695,5713500
2020-01-10 00:00:00-05:00,59.08448315435891,59.254565118321125,57.82777042563871,58.08289337158203,4456100
2020-01-13 00:00:00-05:00,58.09234520136586,58.5364485416626,57.96006002029896,58.4041633605957,4111100
2020-01-14 00:00:00-05:00,58.668730059201906,60.048280582041414,58.659282663073135,58.91440200805664,7998000
2020-01-15 00:00:00-05:00,58.867162780362364,58.93330537234079,57.96950868343971,58.51755142211914,6314100
2020-01-16 00:00:00-05:00,59.141180553714726,59.74591484617663,59.027793775003296,59.72701644897461,5733800
2020-01-17 00:00:00-05:00,60.27505890674747,60.29395730387186,59.08448511941534,59.3868522644043,6327800
2020-01-21 00:00:00-05:00,59.28291513341268,60.369545909500125,59.19787415054491,59.717567443847656,5777400
2020-01-22 00:00:00-05:00,60.19001182048104,61.04041797786912,60.11441823964637,60.36954116821289,5598700
2020-01-23 00:00:00-05:00,60.596314701716246,60.71915607282275,59.65142017278516,60.36954116821289,6540700
2020-01-24 00:00:00-05:00,61.229400614273715,61.35223477374013,58.215173326516265,58.583683013916016,8007500
2020-01-27 00:00:00-05:00,56.64664002101643,57.1190890560466,55.57890419258825,55.79623031616211,9350600
2020-01-28 00:00:00-05:00,56.46711420558024,57.02460428143731,55.67339958240238,56.87342071533203,6228100
2020-01-29 00:00:00-05:00,56.76003206514494,57.317522122568974,56.211993007821555,56.523807525634766,6515300
2020-01-30 00:00:00-05:00,58.14903814692381,58.61203626275673,56.145851296930154,56.930118560791016,9656100
2020-01-31 00:00:00-05:00,56.5238090173039,56.552154809353034,54.35999131320722,54.794647216796875,10132200
2020-02-03 00:00:00-05:00,55.446633798929064,56.930123875456395,55.42773539995726,56.42932891845703,7847300
2020-02-04 00:00:00-05:00,58.02620060855221,60.1427742460896,57.827772843798904,59.53803634643555,12322100
2020-02-05 00:00:00-05:00,60.45459355062989,60.889249513436994,59.405755847912246,60.28451156616211,8252100
2020-02-06 00:00:00-05:00,60.492382102933306,60.624674488705516,59.57583326194995,59.7081184387207,4870600
2020-02-07 00:00:00-05:00,59.37740939907711,59.50969458454164,58.23408331956114,58.30967330932617,6093200
2020-02-10 00:00:00-05:00,57.71438970889224,59.490795911949135,57.71438970889224,59.452999114990234,5121100
2020-02-11 00:00:00-05:00,60.09552343570923,61.13491000279676,59.849851492316,60.898685455322266,6203800
2020-02-12 00:00:00-05:00,61.35223643906046,62.06091004314217,61.05932032292025,61.76799392700195,11592200
2020-02-13 00:00:00-05:00,63.07195168782653,65.61373002527237,62.31603028212491,63.65779113769531,21742700
2020-02-14 00:00:00-05:00,63.742819798037104,64.15857723524275,62.88296634536159,63.16643142700195,8104000
2020-02-18 00:00:00-05:00,60.88207072668247,62.55980784605204,60.52187326532926,61.76359558105469,10208500
2020-02-19 00:00:00-05:00,63.03373848007892,64.2091024058038,62.815723871800834,63.89630889892578,8502600
2020-02-20 00:00:00-05:00,63.5076658752702,63.839420892454335,61.8204484464049,62.938941955566406,7535900
2020-02-21 00:00:00-05:00,62.4744982662729,62.68302487035654,60.31333895522476,60.91997528076172,9658100
2020-02-24 00:00:00-05:00,57.943652377725,58.62612053865274,57.25170343330886,57.89625930786133,11223700
2020-02-25 00:00:00-05:00,58.69247090109636,59.03370678566124,55.43177927854414,55.79197311401367,9942500
2020-02-26 00:00:00-05:00,56.47444428245256,57.59293444705481,56.21851737175107,56.69245529174805,10851500
2020-02-27 00:00:00-05:00,54.21850275446476,55.45074071382221,53.460202749926296,54.028926849365234,15746200
2020-02-28 00:00:00-05:00,51.36538956463716,55.14741569070886,51.26112626139249,55.09054183959961,14943900
2020-03-02 00:00:00-05:00,55.64031771081913,57.05265081901426,54.02892790964037,57.02421569824219,10795200
2020-03-03 00:00:00-05:00,56.84412966964966,58.18063479769709,54.55974846168604,55.01472854614258,14036600
2020-03-04 00:00:00-05:00,56.34173283116412,57.48866522761496,55.23271994807756,57.365440368652344,7925800
2020-03-05 00:00:00-05:00,55.50760086366088,57.28960453033257,55.22323526829995,56.047889709472656,9842500
2020-03-06 00:00:00-05:00,54.02892153051012,55.43177730476762,53.318014668266564,54.77774429321289,8958500
2020-03-09 00:00:00-04:00,50.05731412036673,52.445961179965984,49.289533546112416,49.35588455200195,10305900
2020-03-10 00:00:00-04:00,51.56445403557064,53.242191314697266,49.829839280871795,53.242191314697266,10107400
2020-03-11 00:00:00-04:00,51.45069258219246,52.123687086967394,48.73029029633344,49.753997802734375,12974200
2020-03-12 00:00:00-04:00,46.23738092895132,47.73502644676798,42.74919765328289,42.7586784362793,18043700
2020-03-13 00:00:00-04:00,46.13311457075307,48.55967797939269,42.98616712759664,48.23740005493164,15539300
2020-03-16 00:00:00-04:00,41.753931497571166,44.26580400827295,38.3036638971415,38.41740798950195,13763000
2020-03-17 00:00:00-04:00,39.58329581084392,43.66864222275102,37.69702480340666,42.52171325683594,16361200
2020-03-18 00:00:00-04:00,38.455318300263045,39.58328912380752,34.73016637045058,37.13777160644531,18870000
2020-03-19 00:00:00-04:00,36.66383990986062,39.87713861554765,34.93870607013566,38.095130920410156,13066600
2020-03-20 00:00:00-04:00,39.32736495548653,41.005101786911766,35.82970125750852,36.00979995727539,13967100
2020-03-23 00:00:00-04:00,36.62592295429965,39.37476441734188,35.94345117238914,38.076171875,15138400
2020-03-24 00:00:00-04:00,41.934034613378074,43.829786558332856,40.787101938626925,42.7871208190918,16338500
2020-03-25 00:00:00-04:00,42.588062987609774,45.706575457408974,41.488527126678264,42.39848709106445,11550700
2020-03-26 00:00:00-04:00,43.82030528306412,46.815593177919595,42.97669625554284,46.635498046875,11864900
2020-03-27 00:00:00-04:00,45.21367749273205,45.62126438600312,42.50275205966747,42.701805114746094,10624200
2020-03-30 00:00:00-04:00,43.03356049201119,45.033575286988246,42.96720947878659,44.83452224731445,7839200
2020-03-31 00:00:00-04:00,44.7113020932879,44.81556901528903,42.796596058912215,43.431671142578125,11068000
2020-04-01 00:00:00-04:00,41.54540265898081,43.772909589773974,40.597526753816126,41.043025970458984,10665900
2020-04-02 00:00:00-04:00,40.284715442033324,42.14255086284807,39.934002461213694,40.98614501953125,8764600
2020-04-03 00:00:00-04:00,41.194680852178415,41.3463408335265,39.41267697530316,40.07618713378906,9488600
2020-04-06 00:00:00-04:00,42.50275752840846,44.02883837875415,42.31318161619202,43.744476318359375,12046500
2020-04-07 00:00:00-04:00,45.49804248125677,46.41748324680722,43.886652753540346,45.08097839355469,11962600
2020-04-08 00:00:00-04:00,46.095211293739524,48.92935853353164,45.99094435429419,48.7776985168457,14429000
2020-04-09 00:00:00-04:00,49.28955782974111,49.990987743681394,46.142609426803396,47.00517654418945,11654400
2020-04-13 00:00:00-04:00,46.73027864221485,47.36535734142338,45.84875381319336,47.28004837036133,5750000
2020-04-14 00:00:00-04:00,48.730296696531724,50.085759434407116,48.41749955017706,49.73504638671875,8025500
2020-04-15 00:00:00-04:00,48.63550470127328,48.63550470127328,47.15681727008988,47.74449920654297,7206700
2020-04-16 00:00:00-04:00,49.16632480740694,49.82983869953771,48.152097824124404,49.50756072998047,8878100
2020-04-17 00:00:00-04:00,50.844058382627246,51.09050812059389,49.54546952227151,50.42699432373047,9367600
2020-04-20 00:00:00-04:00,49.38432646963747,49.7540010594972,47.97199358866807,47.99095153808594,7041200
2020-04-21 00:00:00-04:00,47.299013247989194,47.44119247667457,45.69710051410376,45.810848236083984,9359600
2020-04-22 00:00:00-04:00,47.48858515672636,49.69713792597492,47.21370387055054,49.39381790161133,7785000
2020-04-23 00:00:00-04:00,49.05256868141134,49.49807142844297,47.953032987003425,48.24687576293945,9048300
2020-04-24 00:00:00-04:00,48.55019879362896,49.17579666617783,47.33691533182268,49.043094635009766,7663900
2020-04-27 00:00:00-04:00,49.76348054093201,49.97201437836898,48.00991172059526,48.37010192871094,6587400
2020-04-28 00:00:00-04:00,49.204237301742715,49.40329037082217,47.64024063701087,47.791900634765625,7759500
2020-04-29 00:00:00-04:00,49.12840181971258,51.80141114335458,48.73976929129167,51.507568359375,8946300
2020-04-30 00:00:00-04:00,50.663969717546195,51.07155666102603,47.05256108433873,47.090476989746094,14457000
2020-05-01 00:00:00-04:00,45.57386676512922,45.83927081205321,43.9529965212263,44.445892333984375,13583100
2020-05-04 00:00:00-04:00,44.13309238012834,45.156796220772975,43.81081450854678,45.09992599487305,7798000
2020-05-05 00:00:00-04:00,46.2847833037758,48.10470335007739,46.000417632663925,46.30373764038086,8220600
2020-05-06 00:00:00-04:00,47.38431410699227,48.49332708719769,46.95776926235199,47.86772918701172,8594600
2020-05-07 00:00:00-04:00,48.777696886099875,49.09997486276552,48.25636582216248,48.578643798828125,6645600
2020-05-08 00:00:00-04:00,49.678171831356785,51.08102761810749,49.51703467675902,51.00519943237305,8082200
2020-05-11 00:00:00-04:00,51.30852233657079,51.573926425583984,50.588134643735664,51.19477462768555,8211500
2020-05-12 00:00:00-04:00,51.56445118083861,51.744546302834166,49.583390375448815,49.60234832763672,7479000
2020-05-13 00:00:00-04:00,49.76348247991616,50.10471836688738,47.77294462706329,48.806129455566406,8696600
2020-05-14 00:00:00-04:00,48.10469700454806,51.80141408276835,47.07151223459433,51.59288024902344,15839000
2020-05-15 00:00:00-04:00,50.38908510358555,50.68292794831516,48.50281038160729,49.32746505737305,20755900
2020-05-18 00:00:00-04:00,50.73978878054538,51.80141224572622,49.67816893122366,51.526527404785156,11293300
2020-05-19 00:00:00-04:00,51.65922984104122,54.02891928329081,51.21372706882337,52.578670501708984,10535600
2020-05-20 00:00:00-04:00,53.76823565090719,55.3479748186262,53.5969383265545,54.12986373901367,9824100
2020-05-21 00:00:00-04:00,54.09178981436953,54.167919931800135,52.198004588597186,52.35978698730469,7467200
2020-05-22 00:00:00-04:00,52.35979069110266,52.50253603272882,51.12264624572346,51.760250091552734,7121000
2020-05-26 00:00:00-04:00,53.587420119009394,53.96807799279697,52.30269026555129,52.4739875793457,7757600
2020-05-27 00:00:00-04:00,52.90224236468229,53.71114369880957,50.74199566464764,53.67308044433594,9071600
2020-05-28 00:00:00-04:00,53.406611747155054,53.939537201368395,51.722190345885856,52.02671813964844,7234100
2020-05-29 00:00:00-04:00,52.34075574190701,53.654033902448646,51.826863814270226,53.46370315551758,10819600
2020-06-01 00:00:00-04:00,52.94030930895574,53.739695737928166,52.52158083695336,52.997406005859375,5374800
2020-06-02 00:00:00-04:00,53.29240546368024,53.50176964682695,52.102842841723096,53.092559814453125,6998700
2020-06-03 00:00:00-04:00,53.94904187190303,55.43361730754701,53.68258101047602,55.014892578125,8026700
2020-06-04 00:00:00-04:00,54.39632187770664,56.3376890353006,54.33922156239252,55.31942367553711,7456900
2020-06-05 00:00:00-04:00,56.82302786597714,58.155339487769055,56.73737920985827,57.27981948852539,8349700
2020-06-08 00:00:00-04:00,57.03238592433469,57.54627780581345,56.23299976323108,57.00383758544922,5528700
2020-06-09 00:00:00-04:00,56.166391254836924,57.346435386173084,56.08074259770308,56.89916229248047,6184300
2020-06-10 00:00:00-04:00,57.28934338221765,57.64145294353263,56.585120629330234,56.965782165527344,5319800
2020-06-11 00:00:00-04:00,55.44312756974127,55.75717381321071,52.67382620660743,52.730926513671875,9386800
2020-06-12 00:00:00-04:00,54.72939823983197,55.205223312316285,52.312209630607164,53.81581497192383,8534200
2020-06-15 00:00:00-04:00,52.264621693358784,54.46293472889093,51.883963831921726,54.2916374206543,7221000
2020-06-16 00:00:00-04:00,56.10929368865681,57.22272628594125,55.10054682217223,55.70960235595703,9718000
2020-06-17 00:00:00-04:00,55.89041804428852,57.50822417500312,55.7096058059542,57.09901428222656,8338100
2020-06-18 00:00:00-04:00,56.68980575010628,57.784205002219515,56.68980575010628,57.46064376831055,5674000
2020-06-19 00:00:00-04:00,58.431317919446606,59.31635280782531,57.489182717855485,58.003074645996094,10092800
2020-06-22 00:00:00-04:00,57.593875659356044,58.42181039048204,56.69932569872897,58.307613372802734,5379900
2020-06-23 00:00:00-04:00,58.93570211790764,58.98328390584567,57.51774160370492,57.89840316772461,7264900
2020-06-24 00:00:00-04:00,57.41305974932938,57.945981551338534,56.290112194727925,57.070465087890625,7937300
2020-06-25 00:00:00-04:00,56.718350847975685,57.165627606655335,55.77621917660647,57.079978942871094,6298900
2020-06-26 00:00:00-04:00,56.689793340864725,57.23223358040611,55.205217951971164,55.55733108520508,12786500
2020-06-29 00:00:00-04:00,55.6144344269893,56.21397504839538,54.776984894200005,56.20446014404297,5035900
2020-06-30 00:00:00-04:00,56.26155575736061,57.993558737041106,56.21397397599169,57.527252197265625,6067600
2020-07-01 00:00:00-04:00,57.508220821724564,57.84129693351301,56.66125274009907,56.79448318481445,5305200
2020-07-02 00:00:00-04:00,57.574837887873414,58.669237084952506,57.42257399900008,58.050662994384766,5596100
2020-07-06 00:00:00-04:00,59.37345066106345,60.62962853444019,59.27828710075741,60.39171600341797,7776900
2020-07-07 00:00:00-04:00,60.31558389521747,60.74382716300815,59.030854091845434,59.17360305786133,5078200
2020-07-08 00:00:00-04:00,59.85879625572803,60.12525713768665,59.02134310209877,59.73508071899414,4045700
2020-07-09 00:00:00-04:00,60.030092600090086,60.620114670677225,59.23070633692869,60.42026901245117,6155900
2020-07-10 00:00:00-04:00,60.22042287735859,60.42027217630677,59.04989357898157,59.563785552978516,5899000
2020-07-13 00:00:00-04:00,59.9634784349383,60.696249535937135,58.4408395434196,58.53600311279297,6178600
2020-07-14 00:00:00-04:00,57.860320750327965,59.60184203728828,57.16561666823251,59.51619338989258,6297500
2020-07-15 00:00:00-04:00,59.716047197082005,59.80169585620046,58.33615374695456,59.09747314453125,5226400
2020-07-16 00:00:00-04:00,58.63117387989409,59.59233905797502,58.526491769059426,59.32587814331055,3934300
2020-07-17 00:00:00-04:00,59.81121435499849,59.81121435499849,58.95473134259781,59.28780746459961,4585200
2020-07-20 00:00:00-04:00,59.58281918183911,60.81044880242667,58.88811497637867,60.64866638183594,5017000
2020-07-21 00:00:00-04:00,61.01980531006629,61.70498726396893,60.20138203598007,60.72479248046875,5833900
2020-07-22 00:00:00-04:00,60.5059118952965,61.48611028468943,60.448811585428786,61.114967346191406,5027800
2020-07-23 00:00:00-04:00,61.219645401963454,62.17129538889708,60.144279900256606,60.553489685058594,5351800
2020-07-24 00:00:00-04:00,57.45111716180676,58.38373385081916,56.73737956641652,57.689029693603516,11041000
2020-07-27 00:00:00-04:00,58.65019968223001,60.02057458949758,58.15534116926352,59.96347427368164,7194700
2020-07-28 00:00:00-04:00,59.506686577666144,59.90638155432576,58.907149558062905,59.28780746459961,4565700
2020-07-29 00:00:00-04:00,59.63991281670139,60.58204805712342,59.16408774442419,60.191871643066406,4621400
2020-07-30 00:00:00-04:00,60.17284302510615,61.31482401610916,59.94444900506004,61.30530548095703,5525000
2020-07-31 00:00:00-04:00,61.657416110031086,61.657416110031086,60.06815841972365,61.21965789794922,5900600
2020-08-03 00:00:00-04:00,61.657411327392914,62.41872705697586,61.55272923474172,61.86677551269531,5540600
2020-08-04 00:00:00-04:00,61.85726467199661,62.04759181293521,61.076911777324334,61.714515686035156,5190200
2020-08-05 00:00:00-04:00,61.73355102539062,62.095175487239786,61.305304079514556,61.733551025390625,4572700
2020-08-06 00:00:00-04:00,60.78189322807881,61.067387543100885,59.573297118570075,60.53446578979492,7395900
2020-08-07 00:00:00-04:00,60.61059974766081,61.86678134769562,59.74459821349218,60.496402740478516,7124200
2020-08-10 00:00:00-04:00,60.572538645110214,62.123725907595045,60.54398666960987,62.08565902709961,7387000
2020-08-11 00:00:00-04:00,62.161784384296304,62.92310737024985,61.12448925796154,61.34336471557617,7608600
2020-08-12 00:00:00-04:00,61.84774283620204,63.44651542051653,61.57176341420859,63.28473663330078,6170100
2020-08-13 00:00:00-04:00,63.15149955461895,63.37989353966341,61.486111923453926,61.92387008666992,10684400
2020-08-14 00:00:00-04:00,64.1317108112028,66.52035501055205,63.28474265574903,64.35059356689453,23421900
2020-08-17 00:00:00-04:00,64.80739821121848,64.93111742412029,63.541701291716116,63.703487396240234,6883000
2020-08-18 00:00:00-04:00,64.13168451041716,64.13168451041716,62.87550696554368,63.218101501464844,6166700
2020-08-19 00:00:00-04:00,63.5618401236248,63.71461355365053,62.72160811239751,62.89347457885742,4979500
2020-08-20 00:00:00-04:00,61.785892303198516,61.890922220686164,60.420510660497605,60.907466888427734,8307800
2020-08-21 00:00:00-04:00,60.24866539919706,60.42053193518021,59.12198639322777,59.456172943115234,11150600
2020-08-24 00:00:00-04:00,60.49691149558803,60.917027621247364,59.84763880172901,60.8597412109375,8366500
2020-08-25 00:00:00-04:00,61.21301760852959,61.728617128668425,60.56374494812956,61.155731201171875,5156900
2020-08-26 00:00:00-04:00,61.155733868443974,61.35624358758089,60.621037641758804,60.87883377075195,5964900
2020-08-27 00:00:00-04:00,61.384890720850684,61.384890720850684,58.520453490487,59.227012634277344,8917800
2020-08-28 00:00:00-04:00,59.255653825276134,60.24865586882104,59.16972057087783,60.22001266479492,5206000
2020-08-31 00:00:00-04:00,59.61848311941188,59.78080311644862,58.64457406415185,58.81644058227539,6454200
2020-09-01 00:00:00-04:00,59.1792750934104,59.29385156732736,58.46316575736867,59.09334182739258,7919800
2020-09-02 00:00:00-04:00,59.666222831492504,62.34924673279216,59.551642731866394,62.13918685913086,10802500
2020-09-03 00:00:00-04:00,61.28939890443614,61.46126539590277,58.291285465695864,58.68275833129883,11013000
2020-09-04 00:00:00-04:00,58.44405967152267,59.03604591657622,55.90425911387439,58.20535659790039,14688100
2020-09-08 00:00:00-04:00,54.491131554574736,55.178597498969104,52.82021021708691,53.11620330810547,20934800
2020-09-09 00:00:00-04:00,54.05192406229472,54.40520358806297,52.046816077450444,52.70563888549805,16267600
2020-09-10 00:00:00-04:00,53.08756670604533,53.70819620804413,52.457390682897085,52.62925720214844,10670500
2020-09-11 00:00:00-04:00,53.09711506807838,53.765484437788835,52.209139296179636,52.514678955078125,9203300
2020-09-14 00:00:00-04:00,53.68909645326088,54.53887883745397,53.58406651502219,53.9087028503418,8495700
2020-09-15 00:00:00-04:00,54.643896646258895,55.26452597500499,53.92778756339147,54.61525344848633,7209800
2020-09-16 00:00:00-04:00,54.89215224066863,55.57006799467366,53.83231016879972,53.918243408203125,8339400
2020-09-17 00:00:00-04:00,52.34280577256119,54.07101720739609,52.21867916372388,53.79412078857422,7098700
2020-09-18 00:00:00-04:00,54.223788299800695,54.2333348196357,52.70563668365935,53.612709045410156,11913000
2020-09-21 00:00:00-04:00,52.715177492889396,54.7680250553985,51.70307895331499,54.72983169555664,8494300
2020-09-22 00:00:00-04:00,55.34092639052395,55.4841497089031,54.14741087843197,55.27408981323242,7629300
2020-09-23 00:00:00-04:00,55.474587108815335,56.219343098179145,54.43384166989261,54.66299819946289,8831800
2020-09-24 00:00:00-04:00,54.367007720600185,56.16205575449693,54.195141225742006,55.1786003112793,6318500
2020-09-25 00:00:00-04:00,54.89215771237624,55.741940029895275,54.090115278769126,55.598716735839844,6542600
2020-09-28 00:00:00-04:00,55.64645156961372,57.1455063707847,55.61780837032999,56.677650451660156,8616000
2020-09-29 00:00:00-04:00,56.69674435947764,57.52742987895931,56.47713801029602,56.95454406738281,5402200
2020-09-30 00:00:00-04:00,56.74449508334535,57.46060430585872,56.32437898403932,56.76359176635742,9074400
2020-10-01 00:00:00-04:00,57.64201289370024,58.262642295696935,56.82087379899184,57.90936279296875,7542800
2020-10-02 00:00:00-04:00,56.41986003600829,56.964102766072685,55.560527492580334,55.57962417602539,7103900
2020-10-05 00:00:00-04:00,56.26709824966644,57.890280151201594,56.1047782383527,57.86163330078125,6694600
2020-10-06 00:00:00-04:00,57.60382916977155,59.35113382609284,57.45105570153105,57.6706657409668,6947900
2020-10-07 00:00:00-04:00,58.72095345463846,58.99784988167072,58.16716060057395,58.358123779296875,5335400
2020-10-08 00:00:00-04:00,58.91191898864022,59.866731278108226,58.59682918480225,59.77124786376953,5411500
2020-10-09 00:00:00-04:00,60.43006896972656,60.92657178332091,60.210462586422864,60.43006896972656,6366800
2020-10-12 00:00:00-04:00,61.165265568828026,62.177371427376265,61.08888248887231,61.75725173950195,7021900
2020-10-13 00:00:00-04:00,62.291953776567,62.463820285716665,61.2607620063089,61.76681137084961,7189900
2020-10-14 00:00:00-04:00,61.967323148895936,62.23466944211701,60.56374782484515,61.08889389038086,5823900
2020-10-15 00:00:00-04:00,59.58028672133039,60.81199177353725,59.217457041216875,60.6401252746582,6397300
2020-10-16 00:00:00-04:00,60.87882338342855,61.0411433490725,59.5898283891147,60.153167724609375,6841000
2020-10-19 00:00:00-04:00,60.31549399911346,60.74516028221324,59.0169522713186,59.2461051940918,5757500
2020-10-20 00:00:00-04:00,59.83807853679024,60.16271482891569,59.2174527951783,59.44660568237305,4479700
2020-10-21 00:00:00-04:00,59.58028693459481,60.019499703382415,59.11242732101167,59.30339050292969,6188900
2020-10-22 00:00:00-04:00,58.940550393453016,59.341573368761765,58.10986488774652,58.91190719604492,6013400
2020-10-23 00:00:00-04:00,58.911913749361744,59.36067300872422,57.91890818247032,58.195804595947266,6519800
2020-10-26 00:00:00-04:00,57.60382649428292,57.76614283326952,55.999741575461094,56.82087707519531,6715400
2020-10-27 00:00:00-04:00,57.078668967356876,57.27918228633767,56.114310301756746,56.171600341796875,4626200
2020-10-28 00:00:00-04:00,55.16904440678022,55.58916408040214,54.30016550313389,54.72983169555664,8976600
2020-10-29 00:00:00-04:00,54.643900973705705,57.50833753202044,54.376554727138554,56.81132507324219,6314400
2020-10-30 00:00:00-04:00,56.08567187997159,56.60126771497127,55.627358805252506,56.55352783203125,7336200
2020-11-02 00:00:00-05:00,57.24099494173339,57.74704426715078,56.83997190394779,57.603824615478516,7475100
2020-11-03 00:00:00-05:00,58.23399508709556,59.61846980158062,58.23399508709556,59.03603744506836,9967600
2020-11-04 00:00:00-05:00,60.57328764002314,62.24421271463634,59.322485927505134,61.92912292480469,9808300
2020-11-05 00:00:00-05:00,63.01762472015554,66.89416112185567,62.93169509216494,66.78913116455078,13118100
2020-11-06 00:00:00-05:00,65.7865618774499,67.65799291075656,65.26141225486737,67.34290313720703,8639700
2020-11-09 00:00:00-05:00,69.89225484538792,72.49889553263387,68.0399240058699,68.07811737060547,10154600
2020-11-10 00:00:00-05:00,67.74393770968487,68.25953728626193,65.9775362046179,66.25443267822266,8206100
2020-11-11 00:00:00-05:00,67.02780153177875,68.46001957548887,66.72226197383942,67.94442749023438,8071900
2020-11-12 00:00:00-05:00,67.65798780430092,67.93488419488772,66.29260617327682,66.64588928222656,8542700
2020-11-13 00:00:00-05:00,69.00427510598531,70.59881703057373,68.2786230724346,69.5198745727539,10179400
2020-11-16 00:00:00-05:00,69.67265699883808,71.16216190497326,69.30028077230429,71.11442565917969,8104400
2020-11-17 00:00:00-05:00,70.42694814511212,71.20034367662782,69.75857525109417,71.00938415527344,5460100
2020-11-18 00:00:00-05:00,71.52652387620226,73.42265732179564,71.43075350912417,72.5033187866211,10667700
2020-11-19 00:00:00-05:00,72.07237656221011,74.22707816547923,71.35414269445374,73.97808837890625,8990100
2020-11-20 00:00:00-05:00,73.93020852469299,75.24218511456405,73.43223622192446,73.47054290771484,7609100
2020-11-23 00:00:00-05:00,73.7099451502895,77.16704457553874,73.7099451502895,77.0904312133789,8809800
2020-11-24 00:00:00-05:00,77.56925568194465,79.61861567965879,76.43923413408103,79.43666076660156,9542000
2020-11-25 00:00:00-05:00,79.38877300272465,79.50368572823118,77.63628087623394,77.70331573486328,5518500
2020-11-27 00:00:00-05:00,78.34495414233217,79.9921051114326,78.22046289234325,79.1589584350586,3098200
2020-11-30 00:00:00-05:00,78.52690698086796,79.0919141460459,77.29154378697955,78.98657989501953,7543100
2020-12-01 00:00:00-05:00,79.53244636951051,81.0359492224958,79.3696411131333,80.70076751708984,7041400
2020-12-02 00:00:00-05:00,80.14534303308761,81.96486338381439,80.06872965029267,81.67757415771484,5272800
2020-12-03 00:00:00-05:00,82.10850182463828,83.34386507592569,82.0606239458114,82.45325469970703,4825000
2020-12-04 00:00:00-05:00,83.2385097587788,85.15379994543962,82.97994879833057,85.07718658447266,6876900
2020-12-07 00:00:00-05:00,85.48898557207558,85.67094050187112,84.10040292561865,85.36449432373047,5524100
2020-12-08 00:00:00-05:00,85.4506819001866,86.43705525820619,85.26872697953151,85.94865417480469,4703000
2020-12-09 00:00:00-05:00,85.77628196511587,86.28383276213529,83.48751047643198,84.10040283203125,7017800
2020-12-10 00:00:00-05:00,83.31513861470194,84.85694808620993,82.7980092913775,84.16744232177734,5731200
2020-12-11 00:00:00-05:00,83.36300231301318,84.83776922137943,82.92247917220052,84.56005859375,5776400
2020-12-14 00:00:00-05:00,84.75159454345703,86.6860345035961,84.57921812671177,84.75159454345703,6425500
2020-12-15 00:00:00-05:00,86.09227950856673,86.77220652295784,84.22486753647063,84.72284698486328,6179500
2020-12-16 00:00:00-05:00,84.56965175620493,85.46984065120476,83.59285679208561,84.79949188232422,5808100
2020-12-17 00:00:00-05:00,85.35491194930394,85.46025350321683,83.43962159634634,83.79395294189453,5559400
2020-12-18 00:00:00-05:00,83.94718993435356,84.4164340824127,81.72544583945266,82.44367980957031,14603100
2020-12-21 00:00:00-05:00,80.81567474888514,82.86503481391028,80.25066760952201,82.7501220703125,5226600
2020-12-22 00:00:00-05:00,82.88418637861668,82.94164274665137,81.91696278126953,82.01272583007812,3901200
2020-12-23 00:00:00-05:00,82.64477522097977,82.83630131886929,80.40388188316031,80.47091674804688,4585900
2020-12-24 00:00:00-05:00,81.15085162563032,81.77332246245795,80.63372234455443,81.71586608886719,1409200
2020-12-28 00:00:00-05:00,82.71180478001926,83.06612876901073,80.97846228842563,81.27533721923828,3018300
2020-12-29 00:00:00-05:00,81.41900150366729,81.5147718802141,79.99211202941787,80.70076751708984,4518000
2020-12-30 00:00:00-05:00,81.76375918037613,83.86100488175623,81.5530833359205,83.2959976196289,6294300
2020-12-31 00:00:00-05:00,83.30554554407685,83.37258040910102,81.56263174719616,82.644775390625,5715900
2021-01-04 00:00:00-05:00,83.54495204394996,85.51770581349405,82.5011224473542,83.19062805175781,8449900
2021-01-05 00:00:00-05:00,82.74053887887578,85.8241572988571,82.74053887887578,85.80500030517578,6987200
2021-01-06 00:00:00-05:00,84.55049061448831,88.00759016776453,84.54091211730052,86.98291015625,9818000
2021-01-07 00:00:00-05:00,88.22785341301042,91.03375426107036,88.093783663786,90.554931640625,8784100
2021-01-08 00:00:00-05:00,92.21164976731048,93.6576959487424,90.86136663692484,91.51256561279297,9059700
2021-01-11 00:00:00-05:00,90.61238932934081,94.13652387494804,90.1910231132211,93.81092071533203,8357500
2021-01-12 00:00:00-05:00,94.35678310573519,96.59767673755444,94.04075842712872,95.77410125732422,7186100
2021-01-13 00:00:00-05:00,96.23376700497502,96.23376700497502,93.81092574489467,93.8971176147461,5310000
2021-01-14 00:00:00-05:00,98.47465556288323,102.08497467489819,98.35015701354462,101.31886291503906,11663000
2021-01-15 00:00:00-05:00,100.70596986221456,100.95495234659988,96.86581067416246,98.77152252197266,8981200
2021-01-19 00:00:00-05:00,100.64851590613459,104.93876990876329,99.96858864462772,104.5940170288086,9362200
2021-01-20 00:00:00-05:00,105.44631197091918,106.18369554907991,100.70597122470022,103.27245330810547,9926000
2021-01-21 00:00:00-05:00,104.48867238303055,104.65147031980334,101.76895611097315,103.39695739746094,7271400
2021-01-22 00:00:00-05:00,103.47355142537295,105.10154510125146,101.74978739870585,101.82640075683594,6207600
2021-01-25 00:00:00-05:00,102.95643188365433,105.43672930940508,102.46803081253543,103.54059600830078,8437500
2021-01-26 00:00:00-05:00,104.23969256264793,104.2875777515822,100.81132053256857,101.06031036376953,6029800
2021-01-27 00:00:00-05:00,97.7755629846882,99.65254649886876,93.92583290783612,94.40465545654297,9782700
2021-01-28 00:00:00-05:00,96.90413615886168,98.97264633384661,95.73580765256037,96.86582946777344,7433000
2021-01-29 00:00:00-05:00,95.98476391036404,96.20501817424561,92.00095710600961,92.58512115478516,7943400
2021-02-01 00:00:00-05:00,95.0462874375358,97.82346001786807,93.54278474462792,96.92327117919922,9083600
2021-02-02 00:00:00-05:00,98.62788317792528,99.53765055772062,97.45955479295341,99.20246887207031,5108600
2021-02-03 00:00:00-05:00,99.90154020675521,99.98773206817019,95.59213709857343,95.64002227783203,5399200
2021-02-04 00:00:00-05:00,95.965637756571,99.33655341367842,95.965637756571,98.86730194091797,6356300
2021-02-05 00:00:00-05:00,100.41865571866754,100.74425151307454,96.42527780490225,96.44442749023438,6349300
2021-02-08 00:00:00-05:00,97.53616075796556,101.7498010387012,97.44997619820478,101.69234466552734,6621400
2021-02-09 00:00:00-05:00,101.71149613675934,102.81278958149113,100.34206320418043,100.9166488647461,5769200
2021-02-10 00:00:00-05:00,102.41058623673568,103.61721400140995,100.58148028680729,101.39547729492188,5001700
2021-02-11 00:00:00-05:00,102.87982922772139,109.45885470807676,102.74575947757616,108.21391296386719,12147100
2021-02-12 00:00:00-05:00,108.21389534405563,112.82974439302986,106.95938261213853,111.7571792602539,8157500
2021-02-16 00:00:00-05:00,113.49053753384618,115.99956334454404,112.70526874247267,113.33731079101562,9260100
2021-02-17 00:00:00-05:00,111.52736172442019,112.10194739661195,107.34244947226352,110.80912780761719,7225200
2021-02-18 00:00:00-05:00,109.1715287381595,110.73248743986687,107.67760489342724,108.62567138671875,8239600
2021-02-19 00:00:00-05:00,116.45923002522652,119.22682398956026,113.86401248421214,114.4002914428711,21054100
2021-02-22 00:00:00-05:00,112.97339471140636,114.7929218802992,109.76528505655052,110.34944915771484,7850600
2021-02-23 00:00:00-05:00,108.07983413967328,112.81060360298478,106.00174588063874,111.22090911865234,9387900
2021-02-24 00:00:00-05:00,110.38618636513576,118.0330979215252,109.78172018034303,117.83161163330078,10098100
2021-02-25 00:00:00-05:00,116.25808417856048,116.30606023771945,108.99495242109789,109.31157684326172,11352800
2021-02-26 00:00:00-05:00,111.80619876293777,115.37540154537356,108.84146222856884,113.39891052246094,11626500
2021-03-01 00:00:00-05:00,116.26767919570968,117.51498351485948,114.61740233780148,117.29430389404297,7003000
2021-03-02 00:00:00-05:00,116.9009424221801,116.9681118445669,112.48741506722142,112.73687744140625,6505000
2021-03-03 00:00:00-05:00,113.48523088556108,114.99158681806193,110.43413963958962,110.76036071777344,7257100
2021-03-04 00:00:00-05:00,110.66442528228895,111.76780886106349,102.78723732409223,103.85224151611328,12433400
2021-03-05 00:00:00-05:00,107.0664274306032,109.70494956606977,101.36722459567609,108.85102844238281,9962700
2021-03-08 00:00:00-05:00,108.22739607844268,109.49388655654678,101.2233154021867,101.3960189819336,12091500
2021-03-09 00:00:00-05:00,105.79035715646498,110.29023214841054,104.9748153424115,109.58982849121094,12040800
2021-03-10 00:00:00-05:00,111.10576169225321,111.77738252184801,108.01629123588111,108.11223602294922,8820300
2021-03-11 00:00:00-05:00,112.50659996342803,113.07267945138362,110.95226773053577,112.43943786621094,7715500
2021-03-12 00:00:00-05:00,109.9064447497592,111.72941785011335,108.7358991959781,109.656982421875,7426000
2021-03-15 00:00:00-04:00,109.983194958443,110.75076796478541,108.51521835492292,110.22306060791016,7061200
2021-03-16 00:00:00-04:00,112.28590836849865,116.35402779582346,112.18036689551523,113.69631958007812,10383000
2021-03-17 00:00:00-04:00,111.47997549511467,116.22931301896242,110.24226771105481,115.03958129882812,8342600
2021-03-18 00:00:00-04:00,113.08227824163096,113.9649821987301,109.48429299464233,109.64739990234375,9040500
2021-03-19 00:00:00-04:00,109.86808505965094,112.31471075818708,107.59415563431303,110.20389556884766,13044700
2021-03-22 00:00:00-04:00,112.83280975267562,116.55552963755873,112.22835089925768,114.49268341064453,11318700
2021-03-23 00:00:00-04:00,115.03957463223324,115.32740903874773,110.87550287289362,111.66226196289062,8263800
2021-03-24 00:00:00-04:00,117.67809563557583,120.70040445092772,115.53849070251339,116.19092559814453,20252500
2021-03-25 00:00:00-04:00,113.94580652505229,115.5960837462692,111.50877008443203,114.86688995361328,10381600
2021-03-26 00:00:00-04:00,114.81890345648414,123.75149915479074,114.3391720901713,123.42528533935547,14037000
2021-03-29 00:00:00-04:00,121.89013893155376,122.64811532210584,118.46485747963477,120.61405181884766,10539600
2021-03-30 00:00:00-04:00,119.82728512792815,122.71526964211222,118.83903980795536,121.6214828491211,7970900
2021-03-31 00:00:00-04:00,124.70135031765192,130.00717711273114,123.77067046156692,128.1842041015625,18589500
2021-04-01 00:00:00-04:00,132.54013914142087,136.58907175645078,131.63824211718654,135.7831268310547,15929200
2021-04-05 00:00:00-04:00,139.60182513460109,140.08155649245194,135.9942505940487,137.2511444091797,14377400
2021-04-06 00:00:00-04:00,138.04750222476034,139.40993754401333,131.39841789546531,133.8834228515625,18004800
2021-04-07 00:00:00-04:00,134.564622545656,136.1189471907194,131.27367302871576,133.49961853027344,13702700
2021-04-08 00:00:00-04:00,134.9100745603472,135.93669221698258,132.60736953144723,133.70115661621094,10238000
2021-04-09 00:00:00-04:00,132.71291211569525,134.49749901149983,131.91655617130587,133.27899169921875,9637200
2021-04-12 00:00:00-04:00,132.23312653414905,133.10622626775876,129.05729341522482,129.52743530273438,11147500
2021-04-13 00:00:00-04:00,131.09137437403245,131.43678148154854,127.80041017738826,129.62339782714844,8034300
2021-04-14 00:00:00-04:00,129.21083030560257,131.5807041670585,127.83880577541117,128.7023162841797,8134200
2021-04-15 00:00:00-04:00,130.4869530034759,130.6212772224286,127.46465075691859,128.96141052246094,8269400
2021-04-16 00:00:00-04:00,128.0882723770953,129.27801141348104,127.61813037653599,128.30894470214844,7686300
2021-04-19 00:00:00-04:00,127.9827094232539,129.796093063724,123.48282770498898,125.58405303955078,12826400
2021-04-20 00:00:00-04:00,124.13528780252516,126.33245092597245,123.10865569454978,123.37730407714844,7583300
2021-04-21 00:00:00-04:00,124.86445941879471,129.68096566361288,123.7706726645777,129.57542419433594,12108800
2021-04-22 00:00:00-04:00,129.30677603787265,130.237455911922,125.1618906639329,126.40919494628906,11483500
2021-04-23 00:00:00-04:00,128.07868346176633,129.69057380025683,127.36867578015169,129.3931427001953,8079100
2021-04-26 00:00:00-04:00,129.36433355357684,133.04866612313242,128.75986748004922,131.7342071533203,7927200
2021-04-27 00:00:00-04:00,132.5497495771296,132.64570169122894,130.0551556531547,131.23529052734375,5767400
2021-04-28 00:00:00-04:00,131.10097019227499,131.36961855133853,129.11489020632393,130.18948364257812,6172700
2021-04-29 00:00:00-04:00,131.68619647604132,132.02201412642654,127.69482992165452,129.90159606933594,6668400
2021-04-30 00:00:00-04:00,126.64907442933615,128.95177901741042,126.07339096219822,127.3302993774414,8691800
2021-05-03 00:00:00-04:00,128.8078798088729,130.11274979142902,126.36124676155015,127.46463775634766,7750200
2021-05-04 00:00:00-04:00,124.72055874832094,125.38257569815268,120.2398624800415,123.50203704833984,14199100
2021-05-05 00:00:00-04:00,126.39002100413003,127.14800475744799,123.54041553201444,125.00839233398438,7276600
2021-05-06 00:00:00-04:00,124.3847111289084,126.54350163614124,122.58092436255174,126.38998413085938,7270500
2021-05-07 00:00:00-04:00,127.1767753061612,128.66394531973182,126.3036607939067,127.56055450439453,7524800
2021-05-10 00:00:00-04:00,126.57231772101703,126.57231772101703,119.4627029152078,119.63540649414062,10471500
2021-05-11 00:00:00-04:00,115.13552286761978,119.29958743100805,112.85200429932165,118.54161834716797,15287800
2021-05-12 00:00:00-04:00,114.49267356049697,116.10457101772109,109.75292598458775,110.22306060791016,18648200
2021-05-13 00:00:00-04:00,113.68671460933332,116.54591620678862,113.11103854786639,115.05874633789062,14228000
2021-05-14 00:00:00-04:00,116.9488920575714,120.70039421947536,115.38497070390287,119.76971435546875,12422300
2021-05-17 00:00:00-04:00,117.05444258650614,118.60877470527474,115.49052111178175,118.56079864501953,9379000
2021-05-18 00:00:00-04:00,120.25905654316367,120.30703260830143,116.75702339170088,116.87215423583984,7536700
2021-05-19 00:00:00-04:00,113.61956016188104,120.00958463803259,113.01510135472566,119.74093627929688,10424200
2021-05-20 00:00:00-04:00,121.66949798285397,125.37302566613448,120.16314139914508,125.02761840820312,18239800
2021-05-21 00:00:00-04:00,124.58622851071166,125.39217360721919,121.87094018761427,123.44446563720703,14252400
2021-05-24 00:00:00-04:00,124.91242612247447,130.13190450272927,124.33674276220907,129.1244659423828,11405600
2021-05-25 00:00:00-04:00,130.91869335546582,133.50923993247815,130.42937260832977,131.92613220214844,12721000
2021-05-26 00:00:00-04:00,132.6085204832709,133.5696607261498,130.91691893550504,131.58009338378906,10577900
2021-05-27 00:00:00-04:00,130.6574221675915,132.81998796571847,130.56130226578404,132.46437072753906,10623400
2021-05-28 00:00:00-04:00,133.76190867179503,134.04064760267286,132.46437792195007,132.7623291015625,7186300
2021-06-01 00:00:00-04:00,133.59851258554707,136.59726587281628,131.92612304758018,132.83921813964844,8839300
2021-06-02 00:00:00-04:00,132.68542204056172,134.90565379861366,131.59932880282628,133.6081085205078,6401200
2021-06-03 00:00:00-04:00,132.06065946517904,132.66618249273594,129.84042791858468,131.08030700683594,8191900
2021-06-04 00:00:00-04:00,132.37785408666744,135.3766219013195,132.2721280633009,134.4154815673828,6662800
2021-06-07 00:00:00-04:00,134.04063566802088,134.2616938354962,132.8199833534757,133.56967163085938,5943100
2021-06-08 00:00:00-04:00,134.88644079263844,135.28051187812378,129.98463353119362,130.58053588867188,8129200
2021-06-09 00:00:00-04:00,131.5320619942039,132.12796431464898,129.3406631822934,129.41754150390625,6887800
2021-06-10 00:00:00-04:00,130.59010756516014,132.80073284464288,130.04226530556818,131.82998657226562,6163000
2021-06-11 00:00:00-04:00,131.6089462267061,131.82039828523273,129.97501050105015,131.50323486328125,6077700
2021-06-14 00:00:00-04:00,131.48398082037957,134.1271163407731,130.47478068851677,133.6273193359375,6062900
2021-06-15 00:00:00-04:00,133.72343588450195,135.1459192226403,132.82956790458388,133.25247192382812,6059300
2021-06-16 00:00:00-04:00,134.08868153091407,134.8383698115377,130.75352342815933,131.65699768066406,8030400
2021-06-17 00:00:00-04:00,131.2437281898626,133.26211428628784,129.80201754991353,131.9838104248047,7690300
2021-06-18 00:00:00-04:00,129.9942358041689,130.964982303855,125.55377196181932,126.13044738769531,13258400
2021-06-21 00:00:00-04:00,126.09198596670284,128.38911047231886,125.25579868058321,127.87970733642578,5984000
2021-06-22 00:00:00-04:00,127.65866009243436,129.21570266593477,126.48606776780123,128.2545623779297,5680900
2021-06-23 00:00:00-04:00,129.08114688739875,130.9169284038682,129.06191997471646,130.23451232910156,6327400
2021-06-24 00:00:00-04:00,131.67619106794643,133.0890681599714,131.39746689748478,132.88722229003906,6374100
2021-06-25 00:00:00-04:00,133.31978283815826,133.80035300752309,130.11918375028802,130.897705078125,7276700
2021-06-28 00:00:00-04:00,133.38707306254068,135.92448331307767,132.5700977978734,135.51119995117188,6984400
2021-06-29 00:00:00-04:00,134.9921820873929,137.2412473675066,134.93451600316033,136.40505981445312,5340500
2021-06-30 00:00:00-04:00,136.47230717528416,137.09704246136982,134.62691968495898,136.86636352539062,5963400
2021-07-01 00:00:00-04:00,136.19360171497235,136.66456582514456,132.24331379521345,132.58932495117188,7693500
2021-07-02 00:00:00-04:00,134.49234534299404,135.05942922472394,132.1760085347519,132.7911376953125,5299600
2021-07-06 00:00:00-04:00,133.86761817672513,135.62650666415635,129.58094070391772,131.4647674560547,7432600
2021-07-07 00:00:00-04:00,133.12756385493518,133.34863672681536,128.8120524453575,129.62901306152344,5956800
2021-07-08 00:00:00-04:00,126.52452184768966,129.16765795141487,124.67913403698941,127.37993621826172,7770900
2021-07-09 00:00:00-04:00,128.2353230147866,130.11916424933406,126.95700479595712,129.65780639648438,5762900
2021-07-12 00:00:00-04:00,130.70547224827183,131.7050516887319,129.43676003624194,131.48399353027344,5459600
2021-07-13 00:00:00-04:00,130.7150806978268,131.64738796136504,129.5136553237659,130.99380493164062,4950600
2021-07-14 00:00:00-04:00,132.82001306087085,134.44434291378954,130.14804354316297,130.3787078857422,5982300
2021-07-15 00:00:00-04:00,129.7347239612034,130.64780438604626,126.4860794602098,128.02389526367188,7057900
2021-07-16 00:00:00-04:00,128.79281103623111,129.3598803411417,122.94907576065674,123.19896697998047,8190600
2021-07-19 00:00:00-04:00,120.32514518088176,123.7179689473485,119.06604651997893,123.6218490600586,8934000
2021-07-20 00:00:00-04:00,124.17933472185119,127.94700326851152,122.83374405012906,126.8416976928711,7417600
2021-07-21 00:00:00-04:00,127.65865997158909,132.89687160309066,127.3799210754628,132.63735961914062,6434100
2021-07-22 00:00:00-04:00,131.67622967960324,133.35822531419672,131.0707065580814,131.84922790527344,5564000
2021-07-23 00:00:00-04:00,132.5893158918779,133.59851624995537,131.2244982771387,133.0506591796875,4345600
2021-07-26 00:00:00-04:00,132.85842402337758,134.44431437112718,132.09912961385209,133.0987091064453,4638200
2021-07-27 00:00:00-04:00,132.28172968737218,132.28172968737218,126.46682857636925,129.65780639648438,6344100
2021-07-28 00:00:00-04:00,130.35947866577473,132.52204459100213,129.75395551364267,131.87808227539062,5041900
2021-07-29 00:00:00-04:00,130.14803451345387,132.5028257308985,128.32185882163827,132.1568145751953,5382600
2021-07-30 00:00:00-04:00,131.1956362674381,135.90521734403757,131.16680323493185,134.49234008789062,8556400
2021-08-02 00:00:00-04:00,135.55920893514718,139.60561567728084,135.41504376980097,136.49151611328125,10230600
2021-08-03 00:00:00-04:00,137.0009044202938,137.78904634775776,134.7902939065145,136.63568115234375,5589600
2021-08-04 00:00:00-04:00,137.44308132637744,139.07701712226446,136.2993218695048,137.21240234375,5434600
2021-08-05 00:00:00-04:00,137.85633608075716,138.28886091671095,135.67455831914387,136.74142456054688,4282200
2021-08-06 00:00:00-04:00,136.21277517096266,137.5968192515963,136.08782226578953,137.10662841796875,3843300
2021-08-09 00:00:00-04:00,137.91403803580874,138.10626317812523,135.95330345300093,136.48193359375,4026600
2021-08-10 00:00:00-04:00,137.35655873261257,137.44305783662506,130.04228073243564,132.6950225830078,6403900
2021-08-11 00:00:00-04:00,133.12749638742648,133.20438934748066,127.44717012206135,129.58090209960938,9630600
2021-08-12 00:00:00-04:00,126.87052394491532,126.88975085800817,122.72801145658127,124.19855499267578,12962600
2021-08-13 00:00:00-04:00,124.11205955634635,125.3711510832026,123.58342942442708,124.85212707519531,8812400
2021-08-16 00:00:00-04:00,124.40037679790102,126.91857425158041,124.08321341807358,126.57256317138672,10412000
2021-08-17 00:00:00-04:00,124.9962937947048,125.7555881474316,121.78608151194075,123.79486846923828,8208400
2021-08-18 00:00:00-04:00,123.80447769709207,126.52450646206556,122.23782167324339,122.42044067382812,6768800
2021-08-19 00:00:00-04:00,121.31512736003052,124.93863032341379,120.41165314996029,124.1793212890625,9020200
2021-08-20 00:00:00-04:00,125.31347567899554,126.8609121322293,120.38282129918275,122.25704193115234,13707600
2021-08-23 00:00:00-04:00,123.32393664198507,126.3899772191592,122.8337602609897,126.38037109375,7710700
2021-08-24 00:00:00-04:00,126.67829411367109,128.19689754326194,125.54414093665437,126.33228302001953,6356600
2021-08-25 00:00:00-04:00,126.65969562122906,129.22100983280313,126.56341456144197,127.89221954345703,6735100
2021-08-26 00:00:00-04:00,127.85367412991505,128.86472059210098,126.7078224522821,127.5744400024414,3958700
2021-08-27 00:00:00-04:00,128.0751261949133,132.06152545943502,127.9306972947248,131.48379516601562,8413900
2021-08-30 00:00:00-04:00,132.46592889585176,132.77404871797657,130.35717922484704,131.0023193359375,4617700
2021-08-31 00:00:00-04:00,131.38750403988118,131.53194763779481,128.59510412554113,130.11648559570312,5586000
2021-09-01 00:00:00-04:00,130.6460592270965,130.99270326896468,128.29659926850627,128.50843811035156,6260300
2021-09-02 00:00:00-04:00,129.731295553584,130.90603276101953,128.91284074031392,129.46168518066406,5142200
2021-09-03 00:00:00-04:00,128.87432364183027,131.3682270743872,128.40251280968738,130.79049682617188,4836000
2021-09-07 00:00:00-04:00,131.58003215867174,132.08074333283315,128.7876332768363,131.4259796142578,5550400
2021-09-08 00:00:00-04:00,130.66530776450955,130.89640866601815,126.8618620864098,128.60470581054688,7440600
2021-09-09 00:00:00-04:00,128.0943611247534,130.8097414139934,127.98844172284697,129.99127197265625,6808600
2021-09-10 00:00:00-04:00,133.149607236591,135.5761156403714,131.54156845843198,131.76303100585938,9054700
2021-09-13 00:00:00-04:00,133.573298119935,136.05757832968757,132.45633219133302,134.26658630371094,8507600
2021-09-14 00:00:00-04:00,132.98589968305654,136.5389971585069,132.79332294003785,134.94058227539062,8073200
2021-09-15 00:00:00-04:00,134.79615815773172,136.09606223857082,132.34076419259446,135.99014282226562,6103200
2021-09-16 00:00:00-04:00,135.15242671722658,139.2640072031664,134.00657521354955,138.74403381347656,8467300
2021-09-17 00:00:00-04:00,137.69446909006143,137.69446909006143,134.20878163712612,135.5760955810547,10884400
2021-09-20 00:00:00-04:00,131.493447720744,131.6186292568246,128.5951278437644,130.5016632080078,8822500
2021-09-21 00:00:00-04:00,132.04229111923084,132.1482105540602,128.49881659348526,130.1646270751953,5782200
2021-09-22 00:00:00-04:00,131.13714819280105,133.65031384877662,130.52089374461028,132.97628784179688,6344300
2021-09-23 00:00:00-04:00,134.16067530819066,136.87604195492722,133.56368282619448,135.8746337890625,5620700
2021-09-24 00:00:00-04:00,134.23771625501885,137.08788828447453,133.99699157112101,136.6545867919922,3729900
2021-09-27 00:00:00-04:00,134.42066670853558,137.95450323518247,134.36288044370065,137.4441680908203,5248600
2021-09-28 00:00:00-04:00,132.50446150601954,134.40137270257276,127.61293542442705,127.95957946777344,12873900
2021-09-29 00:00:00-04:00,127.87291506173372,129.0668997174104,123.28950910943443,123.510986328125,10730100
2021-09-30 00:00:00-04:00,124.5798112908943,125.99527324607396,123.74207961389791,123.95391845703125,7329800
2021-10-01 00:00:00-04:00,124.46426289144003,124.79165956909532,121.72963450035456,124.33909606933594,6459200
2021-10-04 00:00:00-04:00,122.92361479297843,123.07767471879434,118.60019563406237,120.55487823486328,9549500
2021-10-05 00:00:00-04:00,122.75030646371805,124.40648574587271,120.74747578060158,123.31842041015625,7330400
2021-10-06 00:00:00-04:00,121.6140809808732,123.42432013253413,121.0555980992692,121.82591247558594,7388700
2021-10-07 00:00:00-04:00,123.87686550075482,125.12863628064892,122.73102147224452,123.13543701171875,5761300
2021-10-08 00:00:00-04:00,123.53987120303233,124.01168202926443,121.20002773004629,121.53704071044922,6300500
2021-10-11 00:00:00-04:00,121.03631892138817,124.40646312592058,120.9978094523937,122.76953887939453,5472000
2021-10-12 00:00:00-04:00,123.9827963463263,124.05020628879025,120.30453199017485,122.0570068359375,7637900
2021-10-13 00:00:00-04:00,124.00205336490656,124.6760792987005,122.76954460235092,123.45320892333984,4950600
2021-10-14 00:00:00-04:00,126.73668213676189,127.34331282768788,124.83977112187398,127.16999816894531,7947600
2021-10-15 00:00:00-04:00,127.35296501334122,127.97885792614949,126.38044270550084,126.70782470703125,4826600
2021-10-18 00:00:00-04:00,125.52343668660384,128.45064137357045,125.02272540196589,128.33509826660156,4208500
2021-10-19 00:00:00-04:00,128.38325496400773,130.31867560230003,127.68996688913727,129.60614013671875,3694300
2021-10-20 00:00:00-04:00,128.99951631877673,130.18387738827698,128.40252393609074,129.00914001464844,4619000
2021-10-21 00:00:00-04:00,126.7752208627146,128.55657428372857,125.66787876489654,128.39288330078125,5611000
2021-10-22 00:00:00-04:00,130.19350641560476,136.30790278222477,129.51946574374836,130.88677978515625,10744900
2021-10-25 00:00:00-04:00,131.19490900867658,132.80294759817704,130.28015845320388,130.72308349609375,4005600
2021-10-26 00:00:00-04:00,132.18669499157906,132.30223810126137,126.79445791889023,127.10259246826172,7864600
2021-10-27 00:00:00-04:00,128.335117393087,129.29801594177022,126.53450180870243,127.25667572021484,7837600
2021-10-28 00:00:00-04:00,129.57724990986364,132.73555561244874,129.5291020494101,130.97344970703125,6391700
2021-10-29 00:00:00-04:00,129.78908627315988,132.1674468154601,129.55800002948087,131.580078125,5715300
2021-11-01 00:00:00-04:00,131.89785198399642,134.48805168409658,131.35863109482574,134.333984375,5329000
2021-11-02 00:00:00-04:00,134.3243687636686,136.22128037968727,133.73699996846483,135.97093200683594,4822900
2021-11-03 00:00:00-04:00,136.19237113913647,138.03151086719802,134.69025177538603,137.45376586914062,4117500
2021-11-04 00:00:00-04:00,137.95449682351264,144.90662640936137,137.2130607322755,144.5599822998047,9272800
2021-11-05 00:00:00-04:00,144.69476397240953,148.0263846066337,143.2696635913978,147.6027069091797,7706800
2021-11-08 00:00:00-05:00,149.11445911968465,149.1433448986558,145.61913293752644,147.2849578857422,5878500
2021-11-09 00:00:00-05:00,147.3042024870792,150.86692385514712,145.80208323836573,150.49139404296875,7274600
2021-11-10 00:00:00-05:00,147.56416658398106,149.24923863306404,144.69473372291662,144.8199005126953,7149500
2021-11-11 00:00:00-05:00,146.58205503741067,148.45970443642665,145.68656635967503,148.19009399414062,5061000
2021-11-12 00:00:00-05:00,148.93149905284892,151.5698460518851,148.3922782805295,151.00173950195312,5778600
2021-11-15 00:00:00-05:00,151.13655502579184,152.27276820332025,149.44184426247475,150.47215270996094,7304300
2021-11-16 00:00:00-05:00,149.6151743911598,153.1008622772017,147.85306836409484,152.00315856933594,6200700
2021-11-17 00:00:00-05:00,152.0513033279966,152.62903360353224,150.10624427389752,150.19290161132812,5759200
2021-11-18 00:00:00-05:00,152.61942395525986,153.08161115676143,148.99893060694288,152.85052490234375,9929500
2021-11-19 00:00:00-05:00,145.36879581446556,150.64547577432188,144.18443470746723,144.4636688232422,16028700
2021-11-22 00:00:00-05:00,145.3976650278593,147.30419983282167,141.89271527979497,142.07566833496094,9029100
2021-11-23 00:00:00-05:00,143.19263597774219,144.38662066088762,139.71657196093318,143.39483642578125,7254500
2021-11-24 00:00:00-05:00,143.11514823036808,143.82884858942913,140.626858278183,143.71310424804688,6185900
2021-11-26 00:00:00-05:00,140.4339172907204,141.9480999357273,137.16442417962952,138.19638061523438,7334100
2021-11-29 00:00:00-05:00,141.55274654835503,146.1724691474059,140.3278873287473,145.8445587158203,9932300
2021-11-30 00:00:00-05:00,145.73846264393813,146.57753186751376,141.25376302749922,141.9578094482422,13505800
2021-12-01 00:00:00-05:00,145.87346558220977,151.01400005265918,144.51358379261967,146.27853393554688,14372000
2021-12-02 00:00:00-05:00,142.73901805232694,144.57147253266203,138.63045431709673,141.28269958496094,9573200
2021-12-03 00:00:00-05:00,143.23087503157453,145.38161529631208,138.23501676578528,140.64614868164062,7768000
2021-12-06 00:00:00-05:00,140.59793703919397,143.08622718901628,136.00714671416296,142.1410675048828,8579700
2021-12-07 00:00:00-05:00,145.6323769738852,152.38354676737654,144.7933077230793,151.31300354003906,10514900
2021-12-08 00:00:00-05:00,151.28403816588647,152.24849078336214,149.63481771479633,151.69874572753906,6582400
2021-12-09 00:00:00-05:00,150.30030021244488,152.71143188185545,146.9633022231534,147.22369384765625,5420000
2021-12-10 00:00:00-05:00,150.5607279932234,151.31300000389288,145.2948092021551,147.30087280273438,5291900
2021-12-13 00:00:00-05:00,148.61250136467748,148.97899807119774,141.50449023195628,141.87098693847656,6202500
2021-12-14 00:00:00-05:00,139.82633204398456,142.93187055368497,139.39233132279583,142.47857666015625,5691500
2021-12-15 00:00:00-05:00,142.69076850338553,148.41961967445215,139.9999520496559,148.1977996826172,6883000
2021-12-16 00:00:00-05:00,148.91149739960005,149.8277392771209,141.0608526725216,141.48521423339844,7155900
2021-12-17 00:00:00-05:00,140.1253429401135,143.6841761801537,139.09338608114209,140.95477294921875,9334700
2021-12-20 00:00:00-05:00,138.68830607768894,141.56237110411587,138.15785413076932,139.85528564453125,4653400
2021-12-21 00:00:00-05:00,144.05067460248978,146.13389623746036,141.79385852279609,146.03744506835938,5986900
2021-12-22 00:00:00-05:00,144.63901663885505,147.02121671054482,143.6263380522186,146.90548706054688,4293700
2021-12-23 00:00:00-05:00,147.62879458535565,150.97543220392214,147.56127582666983,149.9627685546875,4625500
2021-12-27 00:00:00-05:00,150.63789954965605,157.02257298518026,150.63789954965605,156.93577575683594,6416500
2021-12-28 00:00:00-05:00,157.0611559284135,157.1961787416978,153.10689327077267,153.9652557373047,5834300
2021-12-29 00:00:00-05:00,154.21600330208568,157.2251061714431,153.87845363775614,155.2576141357422,4654400
2021-12-30 00:00:00-05:00,154.96826205644433,155.1997360162091,152.02669291831617,152.36424255371094,4171400
2021-12-31 00:00:00-05:00,152.51856840922065,153.99418004692683,151.45766442036816,151.76629638671875,3594300
2022-01-03 00:00:00-05:00,152.13277969564575,155.06470953443053,151.12974061021194,154.2449188232422,5363900
2022-01-04 00:00:00-05:00,154.30279073895397,156.0870193806301,149.01757941675868,152.73072814941406,6947000
2022-01-05 00:00:00-05:00,152.42208252976133,153.2418731268559,148.04347419806749,148.2749481201172,6840100
2022-01-06 00:00:00-05:00,147.8313088279229,151.8048492466924,146.44249458390004,150.78253173828125,6576000
2022-01-07 00:00:00-05:00,149.58662233678373,151.7855733548732,145.2851567425045,145.44911193847656,6335700
2022-01-10 00:00:00-05:00,142.46898448842413,144.57148476018304,138.17717199889242,144.2725067138672,9683900
2022-01-11 00:00:00-05:00,143.1055373110553,147.23339487168602,141.07054094271382,147.03085327148438,6824400
2022-01-12 00:00:00-05:00,149.22976408927875,154.0713208267691,149.12367370224516,153.87843322753906,10379800
2022-01-13 00:00:00-05:00,158.1702887928373,160.6103536560502,150.93689143950635,151.59271240234375,12553600
2022-01-14 00:00:00-05:00,150.2424383138245,161.12146343937712,150.06884389413062,161.0635986328125,11437300
2022-01-18 00:00:00-05:00,159.48193385599012,159.99309272120294,146.1339091076856,146.9440460205078,12417000
2022-01-19 00:00:00-05:00,148.94045426198144,150.28105792051906,137.83960668245615,137.98428344726562,12929000
2022-01-20 00:00:00-05:00,140.511143400667,142.0832063150373,133.63458961009894,134.20361328125,10573800
2022-01-21 00:00:00-05:00,132.6315632285683,136.85585680558262,129.86357347564615,130.25900268554688,12408200
2022-01-24 00:00:00-05:00,126.83518149547706,134.483299795638,125.07988506493007,134.338623046875,13204800
2022-01-25 00:00:00-05:00,130.00823032045,131.56099979691865,126.7001498199817,128.2625732421875,11800000
2022-01-26 00:00:00-05:00,132.81478699478268,136.54721421213137,128.1178923668444,130.760498046875,11852600
2022-01-27 00:00:00-05:00,129.46816015321784,130.63513989904374,124.703760562413,125.5235366821289,13539100
2022-01-28 00:00:00-05:00,124.99309375287191,127.79000109789553,119.44748257345127,127.74177551269531,13292900
2022-01-31 00:00:00-05:00,128.1950652035356,133.45133005279442,126.95092755904264,133.26808166503906,8588900
2022-02-01 00:00:00-05:00,133.31628831073064,134.32896655642205,128.62904775089552,133.6827850341797,8151400
2022-02-02 00:00:00-05:00,135.69851335731903,136.37362741056288,132.33258232172375,135.75637817382812,8134100
2022-02-03 00:00:00-05:00,133.27772846521464,136.20001913329887,130.29757298649602,131.65744018554688,10040600
2022-02-04 00:00:00-05:00,129.56461248280573,131.88894774464373,127.2499311694537,130.7509002685547,8514400
2022-02-07 00:00:00-05:00,130.93409707329602,133.37416129815938,130.39400590016305,131.29095458984375,7242200
2022-02-08 00:00:00-05:00,130.04681135668747,134.25182613189256,128.75444814321156,133.8178253173828,6644100
2022-02-09 00:00:00-05:00,136.62437794960806,139.8263533767645,134.53151728096725,139.07408142089844,7652600
2022-02-10 00:00:00-05:00,134.8208684285981,139.99999066289013,134.06859632151816,134.8015899658203,8525700
2022-02-11 00:00:00-05:00,134.58940787759278,135.5635000285206,126.61337811166824,127.7803726196289,9473100
2022-02-14 00:00:00-05:00,127.66461803206975,129.6224561247211,125.07989147844663,127.1727523803711,9529300
2022-02-15 00:00:00-05:00,129.9021681217717,135.38990767451534,129.5163781180839,134.8690948486328,9065200
2022-02-16 00:00:00-05:00,133.55741113852645,136.67260408041352,132.03357404536982,135.9492645263672,7990700
2022-02-17 00:00:00-05:00,137.75280192200876,138.67866841408244,129.96002115120615,131.61888122558594,11879800
2022-02-18 00:00:00-05:00,132.12037892137334,132.15895055365525,126.27578327500737,128.60977172851562,8151300
2022-02-22 00:00:00-05:00,125.54694359120627,130.59046511258813,124.15562527594032,125.85611724853516,7667700
2022-02-23 00:00:00-05:00,127.49866140303271,129.6822493064843,123.30538565159581,123.53726959228516,8413800
2022-02-24 00:00:00-05:00,118.91888258236037,129.11220851257644,118.53240440734334,128.9093017578125,8500900
2022-02-25 00:00:00-05:00,128.85131789809859,131.53732948199254,127.28609215662621,131.13153076171875,7784500
2022-02-28 00:00:00-05:00,129.29579050002872,132.42624241781212,127.56629896550244,129.66293334960938,7428100
2022-03-01 00:00:00-05:00,129.2184799748105,130.49384532001645,123.75948816307833,125.22810363769531,9212500
2022-03-02 00:00:00-05:00,125.60490137354316,129.92377877712804,125.2667284342184,128.67738342285156,7008700
2022-03-03 00:00:00-05:00,130.55182439691018,130.55182439691018,125.18947198471352,126.2232894897461,5449700
2022-03-04 00:00:00-05:00,124.03969793403377,125.17979708889736,119.92371913609941,121.48894500732422,7096100
2022-03-07 00:00:00-05:00,123.24740399002879,123.72084320396092,115.08308753089639,115.18936920166016,9207100
2022-03-08 00:00:00-05:00,115.74010146721727,123.5469319591966,114.1748683022322,119.95269775390625,10525000
2022-03-09 00:00:00-05:00,123.38267372808062,125.45032331916325,121.93338621817463,124.27156829833984,7623200
2022-03-10 00:00:00-05:00,121.46962364498101,121.74015614587192,118.53239994545805,120.74497985839844,5604400
2022-03-11 00:00:00-05:00,125.60491768905119,125.60491768905119,119.19906954063428,119.4599380493164,6016000
2022-03-14 00:00:00-04:00,119.55657177698001,120.50344298845283,115.07344239561066,116.06861877441406,6733200
2022-03-15 00:00:00-04:00,117.60485284134232,120.7256478496058,115.80773572113647,120.20391082763672,6875300
2022-03-16 00:00:00-04:00,123.01553297983953,126.31991435814093,120.86092213977079,126.06869506835938,9668900
2022-03-17 00:00:00-04:00,124.9479188329647,127.78851007220455,123.97205577181113,127.52764892578125,6781100
2022-03-18 00:00:00-04:00,126.1846477012128,131.1605292871309,125.36337882140137,130.57115173339844,11516500
2022-03-21 00:00:00-04:00,129.56632301778984,130.8030473112454,127.4600172804594,129.66293334960938,6206600
2022-03-22 00:00:00-04:00,129.46969849699573,132.69677550332236,129.3247756271881,130.899658203125,4997800
2022-03-23 00:00:00-04:00,129.0928523978691,130.53248310157662,126.76432724548687,126.97689056396484,5457900
2022-03-24 00:00:00-04:00,128.51314414347002,133.96246437852741,126.8899492722639,133.9044952392578,7617800
2022-03-25 00:00:00-04:00,133.943167139118,134.29099675914338,130.24265096418358,132.42623901367188,6074200
2022-03-28 00:00:00-04:00,130.52283122008146,133.0929046411059,129.17982536732157,133.00595092773438,5209600
2022-03-29 00:00:00-04:00,135.34413603786075,137.20887895511208,134.21369351022025,136.6581573486328,6162600
2022-03-30 00:00:00-04:00,135.93352427382442,136.52290185101796,130.51318778288584,131.20884704589844,6387500
2022-03-31 00:00:00-04:00,131.49868198306623,132.706421476875,127.19911759077594,127.34405517578125,8474800
2022-04-01 00:00:00-04:00,128.38756328999625,128.54214276397403,121.3246966491444,123.10249328613281,10138100
2022-04-04 00:00:00-04:00,122.87062119648216,125.31508550500223,122.60975262895681,125.06388092041016,8347800
2022-04-05 00:00:00-04:00,124.42616703972215,124.61940243283675,117.2473623507939,117.5951919555664,11653700
2022-04-06 00:00:00-04:00,114.98648086480272,117.12176372234822,113.11206653321504,115.29566192626953,11602000
2022-04-07 00:00:00-04:00,115.05410760942009,119.71115123587606,114.58066837635987,118.2618637084961,11817200
2022-04-08 00:00:00-04:00,117.16041009542786,118.2522040859015,115.42126204989145,115.90435791015625,6408100
2022-04-11 00:00:00-04:00,114.2038466927457,115.02511546804274,112.21349431167003,112.31011199951172,7785100
2022-04-12 00:00:00-04:00,114.10723971101376,115.22802563521488,110.3101059880585,110.68692016601562,9883800
2022-04-13 00:00:00-04:00,111.34393871998215,114.12657576553472,110.61929488461256,112.90917205810547,9351400
2022-04-14 00:00:00-04:00,113.44058373907914,113.55652203832973,109.42122227866646,109.52750396728516,7711200
2022-04-18 00:00:00-04:00,108.69657306893534,112.05892363930931,108.54197884893739,110.9864501953125,6822700
2022-04-19 00:00:00-04:00,110.27147454203623,113.27633182218331,109.70142488183042,113.1024169921875,6086600
2022-04-20 00:00:00-04:00,116.44543205140991,118.23289277180494,113.54685666239104,113.90435028076172,8856100
2022-04-21 00:00:00-04:00,115.17970062600436,116.98648158544805,111.44053645188777,111.7787094116211,7849400
2022-04-22 00:00:00-04:00,111.33429682713498,112.26184017444692,108.82219196860679,108.9864501953125,8489400
2022-04-25 00:00:00-04:00,107.64340878557911,110.84150059571476,107.44050206440996,110.5999526977539,8518300
2022-04-26 00:00:00-04:00,109.0250720741006,109.37290168916697,105.15064851584911,105.23760223388672,9461800
2022-04-27 00:00:00-04:00,104.70617500512314,108.57094098653494,104.25206382287428,105.13129425048828,6891600
2022-04-28 00:00:00-04:00,107.6434235870286,112.06857608384259,105.88494757147664,110.75455474853516,7379100
2022-04-29 00:00:00-04:00,109.20864917616153,112.23283398425119,106.43568365129916,106.61925506591797,7998900
2022-05-02 00:00:00-04:00,107.34389185627924,109.37289286618397,104.52261398073715,109.15067291259766,9425100
2022-05-03 00:00:00-04:00,108.38739572958431,110.85118775249956,107.66275188419257,109.95262908935547,5463700
2022-05-04 00:00:00-04:00,110.31010679223692,115.09276022429849,108.25212108443284,114.7932357788086,6352100
2022-05-05 00:00:00-04:00,112.14588636758583,112.9478273624603,108.06855563085499,109.6337890625,8172500
2022-05-06 00:00:00-04:00,108.09752222691766,111.16035544695539,106.17480285266622,108.69656372070312,6247000
2022-05-09 00:00:00-04:00,104.29073639103073,107.04438131280799,101.81728058056709,102.17477416992188,10088400
2022-05-10 00:00:00-04:00,105.52745118565097,105.86561678242873,101.62403610930612,103.5564193725586,8881000
2022-05-11 00:00:00-04:00,103.05400181830846,105.44048892978745,100.1071144261289,100.40663146972656,8311700
2022-05-12 00:00:00-04:00,99.54672151759351,103.2665577836064,99.50807296818434,103.15061950683594,9287100
2022-05-13 00:00:00-04:00,104.53227961785535,108.82216563983226,104.3776854116434,108.07820129394531,8321100
2022-05-16 00:00:00-04:00,105.90427595988693,108.5129906784825,104.94774821259627,106.74486541748047,7218200
2022-05-17 00:00:00-04:00,110.66758015936699,113.35359146800731,109.49848927755012,112.88981628417969,6646500
2022-05-18 00:00:00-04:00,110.1361923131539,113.09274399469966,107.04438175171931,107.5757827758789,8522800
2022-05-19 00:00:00-04:00,107.64343260328998,109.64344934608113,106.47433403159692,106.99607849121094,10115800
2022-05-20 00:00:00-04:00,108.21347427336752,108.9284540929512,97.90421023451,102.86077117919922,16285500
2022-05-23 00:00:00-04:00,103.46946690482353,107.58544566215232,103.3631925982395,106.21345520019531,7669100
2022-05-24 00:00:00-04:00,104.23275440727699,105.05402322159023,102.13612025853305,102.98636627197266,6785400
2022-05-25 00:00:00-04:00,101.76600558382773,105.97921554188254,101.76600558382773,105.11720275878906,7378200
2022-05-26 00:00:00-04:00,103.59655537681475,112.07140454758967,103.46095838124091,111.45153045654297,9173100
2022-05-27 00:00:00-04:00,112.95279656446294,115.93593796633571,112.73971345229725,115.72286224365234,8510500
2022-05-31 00:00:00-04:00,113.8535565240099,114.9480201805302,111.92612822101543,113.60173034667969,9751200
2022-06-01 00:00:00-04:00,114.2506497614441,114.77366990343809,109.25291405374904,110.86071014404297,6852200
2022-06-02 00:00:00-04:00,111.08348231460134,113.71795089131999,109.97933113016515,113.64046478271484,6408500
2022-06-03 00:00:00-04:00,111.27719509066779,112.68159577086273,110.55077941688096,111.3449935913086,5080700
2022-06-06 00:00:00-04:00,113.45644110301814,114.17316915905863,110.7735491563976,111.38373565673828,3824600
2022-06-07 00:00:00-04:00,109.64033887169204,112.34260613386002,108.86549990024034,112.03266906738281,4725500
2022-06-08 00:00:00-04:00,111.64523405054683,112.03265718994025,107.69353871928283,108.92359924316406,5138300
2022-06-09 00:00:00-04:00,107.60638774886304,108.44903270095176,103.78060098867347,103.86776733398438,5947900
2022-06-10 00:00:00-04:00,102.13403827573882,102.96699548576052,98.60850154984878,98.67630004882812,8391600
2022-06-13 00:00:00-04:00,95.1701273734642,95.74157074214112,92.64220059622276,93.29113006591797,10484200
2022-06-14 00:00:00-04:00,94.33718192002071,94.87956991521791,92.39038588085614,93.58171081542969,7058400
2022-06-15 00:00:00-04:00,94.77302307901218,96.17743104471472,92.58408860833627,94.3565444946289,9377200
2022-06-16 00:00:00-04:00,91.80924424987107,92.11918126704846,85.95917658485158,86.77275848388672,13359300
2022-06-17 00:00:00-04:00,85.43616566065671,88.08032189552718,84.86472222582645,87.0052261352539,14451300
2022-06-21 00:00:00-04:00,88.81642266518455,92.67127187044446,88.29340986765301,92.17730712890625,12207400
2022-06-22 00:00:00-04:00,90.16270025225008,92.91339781902296,89.93024933052386,90.98597717285156,7652000
2022-06-23 00:00:00-04:00,91.65428750346165,92.32259231143262,89.21353400525709,90.34674072265625,8286300
2022-06-24 00:00:00-04:00,92.32258753923523,95.18950713079205,91.69302582117271,94.2984390258789,10582900
2022-06-27 00:00:00-04:00,94.88926852752407,95.7609688990686,93.50423554537083,94.54058837890625,4950100
2022-06-28 00:00:00-04:00,95.0248570108784,95.79970335812766,91.76082656415515,92.03202056884766,6494200
2022-06-29 00:00:00-04:00,91.01502991162538,91.2377932163991,88.53553378155866,89.04886627197266,7570200
2022-06-30 00:00:00-04:00,87.41201651397395,90.5791854952965,86.46283014699303,88.11906433105469,8183600
2022-07-01 00:00:00-04:00,85.9301292618772,85.9301292618772,81.80408632696418,83.55716705322266,13121600
2022-07-05 00:00:00-04:00,80.62245762645034,83.51844029538306,80.07038197264909,83.29566955566406,9549900
2022-07-06 00:00:00-04:00,83.53780900106403,84.72913405036473,82.27868544583453,83.83805847167969,5732400
2022-07-07 00:00:00-04:00,85.90108926541406,88.29341973677103,85.88171403994271,87.89630889892578,7469600
2022-07-08 00:00:00-04:00,86.82120945303645,88.76800572321658,86.49190452815627,88.32247161865234,4890800
2022-07-11 00:00:00-04:00,86.6855921617831,87.23766770455263,85.05842097422848,85.83326721191406,5319300
2022-07-12 00:00:00-04:00,86.43376899529164,87.18924003877233,85.31993026141147,85.93981170654297,5492300
2022-07-13 00:00:00-04:00,83.80901469860783,87.28612898852793,83.76059141018973,86.2788314819336,5786900
2022-07-14 00:00:00-04:00,85.69769302039352,89.18448723834308,83.69278579086127,88.7873764038086,8686500
2022-07-15 00:00:00-04:00,89.45566347061332,91.61553512528371,87.37327053330996,91.49931335449219,8051200
2022-07-18 00:00:00-04:00,92.74876616774891,93.36864035753389,89.63970760631639,90.21115112304688,5683400
2022-07-19 00:00:00-04:00,91.70271973542037,95.53819380624233,91.4024702725691,95.1410903930664,8203200
2022-07-20 00:00:00-04:00,94.52119874871795,99.62548340837901,94.44372003043125,99.01529693603516,8314000
2022-07-21 00:00:00-04:00,100.28411465288761,100.70059330387976,97.84335364119497,100.57467651367188,5463800
2022-07-22 00:00:00-04:00,100.44875177814738,100.6908903199102,97.76585998678743,98.472900390625,5100400
2022-07-25 00:00:00-04:00,97.34937752606312,98.08547334330753,96.3323927353301,97.82396697998047,4367000
2022-07-26 00:00:00-04:00,97.4171893478144,97.80461253012268,95.47039321409015,95.7997055053711,5073900
2022-07-27 00:00:00-04:00,97.40749814273983,101.21391654374413,96.9135334187823,100.20661926269531,7275000
2022-07-28 00:00:00-04:00,100.11945174336587,101.9790740604353,97.58183704292921,101.85316467285156,6090500
2022-07-29 00:00:00-04:00,100.24535190419185,103.19944494025292,99.79981789357767,102.64736938476562,5817700
2022-08-01 00:00:00-04:00,101.20422662605826,103.9646046273567,100.410012474992,103.05416870117188,4737500
2022-08-02 00:00:00-04:00,101.41732068559897,103.1897768423943,100.40034309607267,101.68851470947266,4137900
2022-08-03 00:00:00-04:00,102.41492340734814,107.12209761128639,102.35681251750377,105.58209991455078,6088000
2022-08-04 00:00:00-04:00,105.97919865826587,107.69354372823642,105.60146311189584,107.567626953125,5279600
2022-08-05 00:00:00-04:00,105.63051722830048,107.72259781835416,104.06146417524222,106.17291259765625,4784000
2022-08-08 00:00:00-04:00,105.76610815586879,106.8896344948486,102.60862700904264,104.43919372558594,6038600
2022-08-09 00:00:00-04:00,100.4874906182795,100.70057370841361,94.80207523585601,96.52610778808594,10355800
2022-08-10 00:00:00-04:00,99.53832535495606,101.82411416749191,97.7658765450648,101.74663543701172,8599800
2022-08-11 00:00:00-04:00,102.4633511279317,105.4852429341187,101.68850480137641,102.2115249633789,5555600
2022-08-12 00:00:00-04:00,102.86045491709896,107.81945516967798,102.43429608635299,106.90901184082031,6644700
2022-08-15 00:00:00-04:00,106.34725608184318,108.13907990707234,104.60385553381995,106.327880859375,8342600
2022-08-16 00:00:00-04:00,105.03003740893601,106.14386901395709,103.64500437531396,105.07846069335938,4892400
2022-08-17 00:00:00-04:00,103.63530227373231,103.89680866361157,100.84586876059689,102.666748046875,5495600
2022-08-18 00:00:00-04:00,103.32536638356432,105.89203659161791,102.18247208738676,104.86536407470703,10062400
2022-08-19 00:00:00-04:00,103.27692921548228,103.92586612996662,100.10007269778737,101.3398208618164,12380900
2022-08-22 00:00:00-04:00,99.56738193138808,100.16788084963736,97.19441953573148,97.63995361328125,6180100
2022-08-23 00:00:00-04:00,97.93053242050904,100.0613490673719,97.8724215232531,98.72474670410156,4882300
2022-08-24 00:00:00-04:00,98.31690463039126,99.13256724611739,97.23905945362473,98.54024505615234,4741200
2022-08-25 00:00:00-04:00,99.01604411485383,102.13305310918395,98.53052855670187,101.95826721191406,7645200
2022-08-26 00:00:00-04:00,101.95827980015929,101.95827980015929,95.69513129007309,95.9378890991211,7757100
2022-08-29 00:00:00-04:00,94.72409840317279,95.85049076516863,93.57828126809859,93.74335479736328,5609700
2022-08-30 00:00:00-04:00,95.07364693508805,95.43292365680678,90.84965623973102,91.78184509277344,11623200
2022-08-31 00:00:00-04:00,91.96635371458025,92.07316772723152,89.92718990571097,91.34489440917969,8729700
2022-09-01 00:00:00-04:00,88.88819258533889,89.30573627723255,86.45090231831398,89.1503677368164,9953700
2022-09-02 00:00:00-04:00,90.4515510624146,91.12155750309232,87.91715922545299,88.59687805175781,6795400
2022-09-06 00:00:00-04:00,88.4803502341403,88.94644098044617,86.63538979309739,87.67439270019531,5922500
2022-09-07 00:00:00-04:00,87.94627336358342,90.08253850282482,87.27625963345284,89.2765884399414,5567500
2022-09-08 00:00:00-04:00,88.38325284612645,91.11185544103563,87.64527449920608,91.07301330566406,5233000
2022-09-09 00:00:00-04:00,92.36449295651572,94.19974138242343,92.30622604521143,93.71422576904297,5094300
2022-09-12 00:00:00-04:00,94.09290919515978,94.84059983577629,92.48099411380888,93.51029205322266,5329300
2022-09-13 00:00:00-04:00,89.75241954958807,90.64576652969632,87.39281329430658,87.77151489257812,8422200
2022-09-14 00:00:00-04:00,89.27661822409914,89.27661822409914,87.00440117729917,88.01427459716797,5828200
2022-09-15 00:00:00-04:00,87.43163549282349,88.189038516623,85.53812052494581,86.34407806396484,7120300
2022-09-16 00:00:00-04:00,85.08173588992493,86.76161531205743,84.42143453684957,86.29552459716797,10893600
2022-09-19 00:00:00-04:00,85.30508730825035,87.67440574776995,85.16914353631529,87.12091827392578,5260300
2022-09-20 00:00:00-04:00,85.47015170827223,86.44118278039174,84.81956266796315,85.5672607421875,4435700
2022-09-21 00:00:00-04:00,85.8100111549261,88.61629012013812,84.52825054593092,84.56708526611328,6953400
2022-09-22 00:00:00-04:00,84.13013294057275,84.27578908556792,82.13951624519024,82.57648468017578,8558400
2022-09-23 00:00:00-04:00,81.7511115664234,82.0327114774834,80.30426987769658,81.84821319580078,7384500
2022-09-26 00:00:00-04:00,81.84822902794862,83.10086029184146,80.44022920029502,80.53733825683594,7015800
2022-09-27 00:00:00-04:00,81.98416783511615,82.71244126463274,80.13920699866472,81.7122802734375,6220000
2022-09-28 00:00:00-04:00,80.59558132082917,83.89708854335828,80.44021278876693,83.50867462158203,7992500
2022-09-29 00:00:00-04:00,82.29488356090475,82.63474295529164,80.7897824321324,81.97444152832031,8542500
2022-09-30 00:00:00-04:00,79.56629960567102,82.01329499172662,79.16817325411098,79.55658721923828,9051000
2022-10-03 00:00:00-04:00,80.63443265700835,85.07204499530431,80.6053029060168,83.7514419555664,9631500
2022-10-04 00:00:00-04:00,86.53830058423736,87.65498050363762,85.9071288417199,86.81990051269531,7914900
2022-10-05 00:00:00-04:00,85.1108802823919,87.55787547767126,83.69317571732962,86.6353988647461,7608600
2022-10-06 00:00:00-04:00,86.40234805688061,88.54832583725923,85.33420795084584,85.5672607421875,6686700
2022-10-07 00:00:00-04:00,82.70272611390111,83.06201032747201,79.64397633048122,80.2071762084961,10029900
2022-10-10 00:00:00-04:00,79.62453726504857,79.7507686205258,75.11895428564777,76.89594268798828,14211900
2022-10-11 00:00:00-04:00,75.48795564981049,76.48811649760435,72.7982027621355,74.08967590332031,12441100
2022-10-12 00:00:00-04:00,74.33244799402297,74.76940910988426,73.28373242589892,73.80809020996094,7770200
2022-10-13 00:00:00-04:00,70.08900886312132,79.15843368080168,69.0597185061658,77.11927032470703,17560200
2022-10-14 00:00:00-04:00,77.25523528210395,77.58538972272116,72.42920932131896,72.65254974365234,10453000
2022-10-17 00:00:00-04:00,74.97329966729134,75.63360101761278,72.01165967899746,72.2544174194336,10772300
2022-10-18 00:00:00-04:00,74.4683867625415,75.19666017881343,72.00196657042824,73.0506820678711,10231000
2022-10-19 00:00:00-04:00,72.82733345558533,75.53651114913865,72.28355840313174,75.02186584472656,10579200
2022-10-20 00:00:00-04:00,76.08999721734722,79.74107620987598,74.97330997612083,76.38130950927734,13287900
2022-10-21 00:00:00-04:00,76.54638845613643,80.25572720725066,75.86666219613086,80.03238677978516,11569500
2022-10-24 00:00:00-04:00,80.43050168836957,82.615321497597,79.52744253755375,82.47937774658203,12005000
2022-10-25 00:00:00-04:00,83.45041080521979,85.9362479224652,83.26591253504397,84.99434661865234,10349400
2022-10-26 00:00:00-04:00,83.96505744931252,87.63555369288147,83.31446841320461,85.58667755126953,8989100
2022-10-27 00:00:00-04:00,86.20813511863123,87.38308179583218,83.86795414903996,84.03302764892578,6822500
2022-10-28 00:00:00-04:00,84.11072311076657,87.32483393182838,83.95535456662368,87.12091827392578,6388600
2022-10-31 00:00:00-04:00,86.28581771170415,86.8101753556531,85.12058344184793,85.73233032226562,6875400
2022-11-01 00:00:00-04:00,87.87831209312976,88.1696243783371,86.42176548385136,87.18888092041016,6105600
2022-11-02 00:00:00-04:00,87.73265645117732,90.58749019233557,84.9943491064428,85.21768951416016,10650300
2022-11-03 00:00:00-04:00,83.46983336306718,85.1691378063097,82.24633208958632,83.79998779296875,6849700
2022-11-04 00:00:00-04:00,87.44135320149368,89.14065762033597,86.26639905537748,89.04354858398438,8692700
2022-11-07 00:00:00-05:00,89.58731648655619,92.36446556414863,89.43194798032924,92.28678131103516,7684200
2022-11-08 00:00:00-05:00,94.1706050542153,95.928169081225,92.03433205950745,94.6366958618164,10067000
2022-11-09 00:00:00-05:00,92.51984934060485,93.81132258376621,91.50997602772244,91.64591979980469,6864600
2022-11-10 00:00:00-05:00,97.25849206224045,101.8514656555044,96.59819052604672,101.75436401367188,11692800
2022-11-11 00:00:00-05:00,102.259287816756,107.6776434001598,101.75435487952477,107.32807159423828,11160000
2022-11-14 00:00:00-05:00,105.70644171729738,107.036756935671,104.3372843675429,104.4926528930664,7761700
2022-11-15 00:00:00-05:00,107.9495248762798,108.87200886004604,105.61904877042207,107.26009368896484,9438600
2022-11-16 00:00:00-05:00,102.32725897040861,104.02656346713943,100.00649513611516,101.20086669921875,12082500
2022-11-17 00:00:00-05:00,97.51093289552477,102.54087385715484,97.30701727107233,101.42418670654297,10682800
2022-11-18 00:00:00-05:00,106.80371750553701,106.81342989169174,100.64738337507463,101.66696166992188,10921100
2022-11-21 00:00:00-05:00,100.53084712293504,102.84190584839605,98.88980221732675,102.09420776367188,9282400
2022-11-22 00:00:00-05:00,102.85161332787636,104.18192861474819,100.84157922778795,103.93917083740234,8497200
2022-11-23 00:00:00-05:00,103.49141371951661,105.68155368882898,103.49141371951661,104.80549621582031,4077500
2022-11-25 00:00:00-05:00,104.07544856642929,104.64001975769499,102.97551428806838,103.00471496582031,3012500
2022-11-28 00:00:00-05:00,101.23314550487316,102.29414317673336,100.07480232889208,100.71724700927734,6382700
2022-11-29 00:00:00-05:00,101.29153791886752,102.12865868071094,100.18186759296692,100.50308990478516,3450400
2022-11-30 00:00:00-05:00,101.20393642789266,106.72308740893493,99.92879063502893,106.68415069580078,11167000
2022-12-01 00:00:00-05:00,107.21950886852821,107.72567122813348,102.9463034943035,104.16304779052734,6976200
2022-12-02 00:00:00-05:00,101.54462552693181,104.46481223582718,101.4472874552524,103.87104034423828,3903300
2022-12-05 00:00:00-05:00,103.5400788728319,104.82496059686292,102.41093656234683,103.59848022460938,4692500
2022-12-06 00:00:00-05:00,103.97812074138318,104.22146964851302,101.00926110383136,101.92425537109375,4571700
2022-12-07 00:00:00-05:00,101.9242473060968,104.78603260395242,101.36941213880017,103.28700256347656,6383600
2022-12-08 00:00:00-05:00,104.19223625388062,106.52838651411268,103.66660188834715,105.72046661376953,5493200
2022-12-09 00:00:00-05:00,104.91257990127949,106.8204344465114,104.15333249746895,104.48428344726562,4705700
2022-12-12 00:00:00-05:00,103.97811957658422,106.50894669709955,102.82951245074169,106.46028137207031,4831400
2022-12-13 00:00:00-05:00,112.32010968122192,113.00148358207088,108.20265074560025,108.89376068115234,9557300
2022-12-14 00:00:00-05:00,108.39731721830256,109.61406152308199,105.66207839761215,106.72307586669922,6429300
2022-12-15 00:00:00-05:00,104.8833627097135,105.1461762210373,101.25259431069989,101.77822875976562,6773500
2022-12-16 00:00:00-05:00,101.37914676219474,103.11178963150883,100.7951109247118,101.94371795654297,12925700
2022-12-19 00:00:00-05:00,102.04106007674126,102.26493690056341,99.93852206661609,101.22340393066406,6162500
2022-12-20 00:00:00-05:00,99.3544811716968,101.8269067021404,99.32528049410557,100.7464370727539,4761800
2022-12-21 00:00:00-05:00,101.84636417500569,103.6763523903543,101.42780383068852,103.08258056640625,4889100
2022-12-22 00:00:00-05:00,99.393402687366,99.88010037658965,93.41675565781306,95.00338745117188,11326600
2022-12-23 00:00:00-05:00,94.11762355057414,94.79899750442354,92.79380493187892,94.6335220336914,4753500
2022-12-27 00:00:00-05:00,93.62119164938501,94.26362890110651,92.63805998726926,92.80353546142578,6121400
2022-12-28 00:00:00-05:00,92.15135724004769,93.23182692167414,91.18769770085234,91.72306823730469,4274000
2022-12-29 00:00:00-05:00,93.49464361147426,95.04233893923524,92.59911407994554,94.5556411743164,5071800
2022-12-30 00:00:00-05:00,93.05660290443105,94.88659109094375,92.50176779874575,94.78924560546875,3407000
2023-01-03 00:00:00-05:00,97.11567899290989,97.35902790104994,93.56279087520049,94.15656280517578,5921500
2023-01-04 00:00:00-05:00,95.60691015174784,96.96966537913019,94.60431394400223,96.66790771484375,6289500
2023-01-05 00:00:00-05:00,95.23702219932963,96.59977752833396,94.76979646884871,95.31489562988281,4557100
2023-01-06 00:00:00-05:00,97.33956045700857,102.07026368933272,95.95734048085964,101.49595642089844,7241700
2023-01-09 00:00:00-05:00,102.74189653273802,105.8664951520801,101.38887740111565,103.6568832397461,6212300
2023-01-10 00:00:00-05:00,103.31620399681319,105.31166786253236,103.04365442862922,105.16565704345703,4638800
2023-01-11 00:00:00-05:00,103.8418379344427,107.25845840629611,103.69582711614801,107.13191223144531,5532600
2023-01-12 00:00:00-05:00,107.63808354480547,108.9132293606903,104.3772098817418,107.2681884765625,5330900
2023-01-13 00:00:00-05:00,104.66922396722615,107.26818834470205,104.58162193101448,107.0443115234375,5641600
2023-01-17 00:00:00-05:00,106.49922180175781,107.6867582584675,104.9125821368081,106.49922180175781,4848100
2023-01-18 00:00:00-05:00,107.81329082145673,109.39992285948053,106.66468380071247,106.78148651123047,5374100
2023-01-19 00:00:00-05:00,106.5770797304767,106.72309055242576,103.26753328078,103.33567810058594,5325100
2023-01-20 00:00:00-05:00,103.95865033077273,106.85936498408876,103.65689265270242,106.73282623291016,5078500
2023-01-23 00:00:00-05:00,105.64260461013954,111.8528721935415,105.61340393552707,111.1228256225586,7669300
2023-01-24 00:00:00-05:00,110.45119615238087,111.03523200717372,109.47780058558654,109.98396301269531,3504700
2023-01-25 00:00:00-05:00,108.03717640639242,111.39539570840999,106.49921699048764,110.91842651367188,5957600
2023-01-26 00:00:00-05:00,111.35644370288547,112.68026214154384,109.28310659050679,112.50505065917969,5813000
2023-01-27 00:00:00-05:00,109.62381392839364,110.86002305904402,107.75488875306522,109.50700378417969,8705700
2023-01-30 00:00:00-05:00,107.74515614824483,108.01770571488369,105.09751905560667,105.32139587402344,7351700
2023-01-31 00:00:00-05:00,106.06116780563356,108.5919945014411,105.72048088192412,108.52385711669922,6577100
2023-02-01 00:00:00-05:00,109.12737999105607,116.93400934107048,108.93270384397682,115.84381103515625,9886400
2023-02-02 00:00:00-05:00,117.10920784799075,121.59656160588683,117.09947924020967,120.9541244506836,11206500
2023-02-03 00:00:00-05:00,119.64977208096221,120.37981869988083,116.4278353792552,116.78799438476562,6156900
2023-02-06 00:00:00-05:00,115.0650842197837,116.26236398420568,113.79967449202732,114.55892181396484,5331000
2023-02-07 00:00:00-05:00,114.26690373339036,118.06314788736195,113.64393117161663,117.31362915039062,4935300
2023-02-08 00:00:00-05:00,115.98008171466961,116.19422992472174,112.3979857798106,112.8652114868164,6460500
2023-02-09 00:00:00-05:00,115.21109319989738,116.3791648417577,112.01835711415531,112.99175262451172,5512200
2023-02-10 00:00:00-05:00,111.74581424538641,111.91128970970722,109.96449857251525,111.71660614013672,4374400
2023-02-13 00:00:00-05:00,112.10597562868028,113.61474186213843,111.5024750764326,113.42979431152344,4198200
2023-02-14 00:00:00-05:00,111.81394174258013,115.84379844581105,110.82107419168662,115.2889633178711,4870700
2023-02-15 00:00:00-05:00,113.88727023442091,116.39863233475104,112.9041387282139,116.28182220458984,4980000
2023-02-16 00:00:00-05:00,113.7704637265405,114.9385427860881,112.07675763057752,112.32010650634766,9117600
2023-02-17 00:00:00-05:00,113.67312848530581,114.27663638571826,110.3635822073349,112.36878204345703,9287100
2023-02-21 00:00:00-05:00,110.61666435945884,111.77500738440577,107.97876343767426,108.31945037841797,7583900
2023-02-22 00:00:00-05:00,108.41702503104321,109.64637035690814,106.81691838522259,107.72429656982422,5089200
2023-02-23 00:00:00-05:00,109.80248018760416,111.1879370877608,107.23645727163992,110.16348266601562,7136100
2023-02-24 00:00:00-05:00,108.30970364614417,109.37318601764649,107.69502351966955,108.60240173339844,5808400
2023-02-27 00:00:00-05:00,110.7488770423228,111.11963088166023,108.7780092722099,109.34390258789062,5362700
2023-02-28 00:00:00-05:00,113.31491004862033,115.1979633646538,112.05628822604567,113.32466888427734,13010900
2023-03-01 00:00:00-05:00,114.83696106744195,116.41755747493548,114.09545332015317,114.40766906738281,6756800
2023-03-02 00:00:00-05:00,112.64169252131965,116.19314945388577,111.15866957608318,115.56871795654297,6502200
2023-03-03 00:00:00-05:00,115.86142380947037,116.24193652163451,114.1052055657815,116.06631469726562,7232400
2023-03-06 00:00:00-05:00,116.93466434227967,118.54452981620007,115.34431653974363,115.65653228759766,5775700
2023-03-07 00:00:00-05:00,115.45164433408061,115.83215705382591,112.84659342388261,113.53932189941406,5225900
2023-03-08 00:00:00-05:00,113.78322817039823,116.20289815052487,113.78322817039823,115.76384735107422,4474900
2023-03-09 00:00:00-05:00,115.80288147652023,118.01766070646329,114.00763539886478,114.1930160522461,5701400
2023-03-10 00:00:00-05:00,115.46139688207995,115.7345921844622,111.14891438592106,111.60748291015625,7009600
2023-03-13 00:00:00-04:00,111.02207951672587,114.46621170774306,109.19756425214082,113.02220916748047,8221300
2023-03-14 00:00:00-04:00,115.89068424994454,118.29084404185949,115.01257519343662,117.41273498535156,8322400
2023-03-15 00:00:00-04:00,115.63702002972812,115.93948439986036,112.88561629676748,115.5979995727539,9517700
2023-03-16 00:00:00-04:00,115.33455655155463,120.42758193562682,114.05642450964451,119.84217834472656,6787700
2023-03-17 00:00:00-04:00,120.64223687462876,121.36423441984446,118.66161746043583,119.6177749633789,13761500
2023-03-20 00:00:00-04:00,120.00804020329224,121.72523050510222,119.45190568059039,121.02274322509766,4974700
2023-03-21 00:00:00-04:00,120.86662812198199,122.56430814729103,115.52969160366867,117.47128295898438,10090100
2023-03-22 00:00:00-04:00,117.34444038357722,120.73003415375226,115.80287939099367,115.96874237060547,8342500
2023-03-23 00:00:00-04:00,118.32010933627824,121.9496216917554,117.24686827640733,119.79338073730469,6182200
2023-03-24 00:00:00-04:00,118.68112698472154,119.14945434120932,115.17845670035996,116.62245178222656,6354500
2023-03-27 00:00:00-04:00,117.81277460155557,118.03718316178761,115.44188368449234,115.97850799560547,4628200
2023-03-28 00:00:00-04:00,115.99801728126745,116.16388026924236,112.76853493646276,113.56858825683594,5523800
2023-03-29 00:00:00-04:00,115.83214409985173,118.06644087637416,114.50522542520251,116.93465423583984,7865300
2023-03-30 00:00:00-04:00,119.03236172839306,120.3787906812868,118.38841259191545,119.13968658447266,6213800
2023-03-31 00:00:00-04:00,118.56403885900593,120.51538912454711,118.05669106524185,119.84217834472656,5016500
2023-04-03 00:00:00-04:00,118.67137855499848,119.46168057313463,117.66643423361981,119.34459686279297,5146800
2023-04-04 00:00:00-04:00,119.9495163663527,119.97878543253769,116.48586628744226,117.19811248779297,4772200
2023-04-05 00:00:00-04:00,116.68097319432039,116.77854665230934,112.83681864022878,114.46619415283203,6691700
2023-04-06 00:00:00-04:00,111.40257900384172,112.48557891940047,109.14877199007299,111.66600799560547,6275000
2023-04-10 00:00:00-04:00,109.73419809147173,113.87105912499554,109.71468041766467,113.66616821289062,4096500
2023-04-11 00:00:00-04:00,114.47597582415256,114.96381343617692,113.25638179409164,113.54907989501953,3373000
2023-04-12 00:00:00-04:00,114.86623711540241,114.93453407721687,110.12445535568274,110.40740203857422,5838900
2023-04-13 00:00:00-04:00,110.768415149893,111.13917652636576,108.80730572091316,110.70987701416016,5299500
2023-04-14 00:00:00-04:00,110.60251902008685,112.25141215843568,108.66092784690011,110.1537094116211,5211600
2023-04-17 00:00:00-04:00,106.56323968230461,109.24634630976351,106.34858996109821,109.07072448730469,6952200
2023-04-18 00:00:00-04:00,109.7634457369154,110.82692799369313,107.84136465166826,108.56336212158203,5055000
2023-04-19 00:00:00-04:00,107.17791946520393,107.91943470308972,106.46568073618332,107.65599822998047,6796800
2023-04-20 00:00:00-04:00,108.5438634496442,113.5002951357021,108.5438634496442,111.60748291015625,8699500
2023-04-21 00:00:00-04:00,110.70985496565363,111.32452759986823,109.48050225341414,110.7000961303711,4516800
2023-04-24 00:00:00-04:00,110.72936711167509,111.16842538127592,109.8024787266462,110.84645080566406,3218100
2023-04-25 00:00:00-04:00,109.76345911131521,110.89524590718116,107.73405292523138,107.91943359375,6282600
2023-04-26 00:00:00-04:00,108.45606177028179,108.78778777432207,107.14865309575472,107.6267318725586,6245800
2023-04-27 00:00:00-04:00,108.59264031123651,109.45123170921568,106.49493738251508,108.96339416503906,9447000
2023-04-28 00:00:00-04:00,108.98291359093153,110.50497191903256,108.41702764921517,110.28056335449219,8064400
2023-05-01 00:00:00-04:00,110.54398397610933,111.65625291580656,109.37316947276875,110.2024917602539,4171600
2023-05-02 00:00:00-04:00,110.17323227671751,110.63180077209947,108.49506988672842,109.43172454833984,4850200
2023-05-03 00:00:00-04:00,109.21708073406218,112.46607338757804,109.16829399811725,110.53424072265625,5624100
2023-05-04 00:00:00-04:00,110.30007932235691,110.6513229738913,109.0024295788443,109.71466827392578,3579600
2023-05-05 00:00:00-04:00,110.9342606235185,113.78323769431539,110.22202193867723,113.23685455322266,4874200
2023-05-08 00:00:00-04:00,114.027169054094,114.72964898071838,112.13435668862108,112.93441009521484,3247600
2023-05-09 00:00:00-04:00,111.305021579781,111.62699616198081,110.11469671987416,111.07085418701172,3173700
2023-05-10 00:00:00-04:00,112.7099938133765,113.41248113582522,111.36356474122371,112.60267639160156,4101000
2023-05-11 00:00:00-04:00,112.49534695875062,113.02220498538603,111.13915910556591,112.65145111083984,3630400
2023-05-12 00:00:00-04:00,113.87104983390438,114.22229349565703,112.19288732637747,113.26612854003906,3838700
2023-05-15 00:00:00-04:00,113.85153439416744,118.31036948329921,113.19782639349889,118.16401672363281,5859200
2023-05-16 00:00:00-04:00,117.89083812830197,120.07634852773595,117.51032538959105,117.97864532470703,5080700
2023-05-17 00:00:00-04:00,119.27628076111861,123.22776788655709,118.91527829499425,122.6423568725586,7349600
2023-05-18 00:00:00-04:00,122.74969419216383,128.84766417538174,122.7009148985847,126.75971984863281,10891200
2023-05-19 00:00:00-04:00,125.1791133943071,125.19863106407479,122.2033014785821,123.86194610595703,10257200
2023-05-22 00:00:00-04:00,124.13515435537109,124.45712150210251,122.59358581017892,123.47169494628906,4709100
2023-05-23 00:00:00-04:00,122.82773863081731,123.64730959151933,121.16909392635918,121.4617919921875,4604500
2023-05-24 00:00:00-04:00,119.26087842149902,119.9456156432987,117.55883054747319,119.07502746582031,6315600
2023-05-25 00:00:00-04:00,124.39637607506471,127.87872884302507,123.37905794288639,127.62440490722656,9575700
2023-05-26 00:00:00-04:00,127.91786675664208,133.70874778618554,127.15488001151239,133.0924835205078,9083800
2023-05-30 00:00:00-04:00,134.99015826593484,135.7727128932538,132.5349078621348,133.5913543701172,7753800
2023-05-31 00:00:00-04:00,130.6860989409457,132.7892000056319,129.2775039339439,130.39263916015625,11368600
2023-06-01 00:00:00-04:00,130.81328302082562,133.2196358569528,128.8177829264177,131.88929748535156,5007000
2023-06-02 00:00:00-04:00,132.19256648360036,132.3784249302563,129.49276805983902,131.69369506835938,5327400
2023-06-05 00:00:00-04:00,131.87951610141448,132.2023055028844,130.138325052285,130.8132781982422,3798300
2023-06-06 00:00:00-04:00,128.5341124944931,132.39797350633717,127.89829520003208,131.0187225341797,5468900
2023-06-07 00:00:00-04:00,132.3197074935229,134.05109228807115,130.66656472981163,132.06536865234375,4835700
2023-06-08 00:00:00-04:00,132.8870432814957,133.7771843407868,131.22410926909163,133.22940063476562,4507000
2023-06-09 00:00:00-04:00,134.7847437285036,134.97060214798657,132.8577238724684,133.1511688232422,3675200
2023-06-12 00:00:00-04:00,134.73581953457122,137.17150170011496,133.8456635573388,136.956298828125,5931900
2023-06-13 00:00:00-04:00,138.41382609499493,139.42136017213735,136.36941344727782,138.69749450683594,6859500
2023-06-14 00:00:00-04:00,135.391220858987,138.27687708169637,135.2151389763127,138.0910186767578,6474600
2023-06-15 00:00:00-04:00,135.66511081638737,138.3453406255933,134.92167720718678,137.05413818359375,5524400
2023-06-16 00:00:00-04:00,137.81716092756966,137.8758499276676,135.1173624411218,135.89990234375,8847400
2023-06-20 00:00:00-04:00,136.07595334436505,137.25956930597914,134.27608809578436,135.4988250732422,3840000
2023-06-21 00:00:00-04:00,135.50861182362078,136.12487608309021,132.90662375696053,133.68917846679688,4715300
2023-06-22 00:00:00-04:00,132.05560451309557,136.55528293356733,132.05560451309557,135.89010620117188,3763600
2023-06-23 00:00:00-04:00,133.57180653987783,133.8065625152786,131.89909558519565,133.10227966308594,6956900
2023-06-26 00:00:00-04:00,133.4935273189699,137.79755531171335,133.4935273189699,136.7509002685547,7256100
2023-06-27 00:00:00-04:00,137.09324671920766,143.49061414012192,136.90740325981184,143.35366821289062,7343900
2023-06-28 00:00:00-04:00,139.68547237597963,142.73741903173092,138.95183020480957,140.88864135742188,6645200
2023-06-29 00:00:00-04:00,141.53424805138962,142.08203180996875,140.3799766235367,141.0842742919922,3916500
2023-06-30 00:00:00-04:00,142.13096116308688,142.37550857908462,140.31152779102408,141.3875274658203,6142600
2023-07-03 00:00:00-04:00,140.87886928705126,142.72764701978323,140.25282854490894,142.2972412109375,2533600
2023-07-05 00:00:00-04:00,141.10384442448694,141.75922964040063,139.0594318206085,139.15724182128906,5198400
2023-07-06 00:00:00-04:00,137.59212915169667,138.2475142803248,135.73356027443586,137.3182373046875,5793500
2023-07-07 00:00:00-04:00,136.5748222200519,139.02029613131765,136.369410770059,136.5259246826172,3459400
2023-07-10 00:00:00-04:00,136.73130671083385,138.78551032466981,136.65304977139405,137.49429321289062,6364400
2023-07-11 00:00:00-04:00,137.12260528756744,137.3769441256723,131.0871774965124,134.55975341796875,7706100
2023-07-12 00:00:00-04:00,136.17376082281694,136.6530641039269,134.843422564781,135.86073303222656,5590100
2023-07-13 00:00:00-04:00,137.0639235432057,140.52672312536149,136.96611353768037,139.5387420654297,5410800
2023-07-14 00:00:00-04:00,141.41687399129745,142.21898168110806,139.2746364343578,139.6267852783203,6058800
2023-07-17 00:00:00-04:00,139.8615269473949,143.3047580784539,138.73661502161067,142.32656860351562,6306700
2023-07-18 00:00:00-04:00,140.66366331869054,141.98421028416996,138.81488562622866,141.35816955566406,6492700
2023-07-19 00:00:00-04:00,140.90822359061175,141.49512843136122,138.10080911509678,138.68772888183594,5379400
2023-07-20 00:00:00-04:00,134.81407052533433,135.17599582769773,130.60785311224788,131.1165008544922,9883200
2023-07-21 00:00:00-04:00,132.27080744884057,134.305443739367,132.24146295302444,133.42506408691406,15686100
2023-07-24 00:00:00-04:00,134.59890777879687,136.0466243457146,133.86526550876562,135.33255004882812,5276000
2023-07-25 00:00:00-04:00,135.66511878136652,138.3160042538431,135.4792603681545,137.00523376464844,5038500
2023-07-26 00:00:00-04:00,134.6282321654136,137.23020501736863,133.82610957218796,135.9879150390625,4050400
2023-07-27 00:00:00-04:00,141.08426076191728,147.14903239112337,141.0647077195489,142.95260620117188,8928900
2023-07-28 00:00:00-04:00,146.3175814696604,149.93687949269014,145.45676996706362,148.61631774902344,7802000
2023-07-31 00:00:00-04:00,148.61633331096695,149.34997548405047,147.23709736932096,148.28375244140625,4184400
2023-08-01 00:00:00-04:00,147.62837560871895,149.52606585902726,147.00233484917294,149.30108642578125,3088100
2023-08-02 00:00:00-04:00,147.33490576459354,147.33490576459354,143.67648638731617,144.11666870117188,5468300
2023-08-03 00:00:00-04:00,142.82545270105336,145.4567850133274,142.18963545558424,144.58619689941406,4338600
2023-08-04 00:00:00-04:00,144.30255732681388,145.8187544374099,141.9059954041253,142.48312377929688,3984500
2023-08-07 00:00:00-04:00,143.84281533274245,147.40342566358484,143.8232473571576,147.10018920898438,3896100
2023-08-08 00:00:00-04:00,144.9187910470835,145.07530497372056,142.71786432896448,144.78184509277344,3443700
2023-08-09 00:00:00-04:00,144.75250571065894,145.66222988113202,141.6418696703092,141.9940185546875,4796600
2023-08-10 00:00:00-04:00,143.56891766929851,144.75251894025155,139.97896298083464,141.45602416992188,4018300
2023-08-11 00:00:00-04:00,139.11814074291894,139.36268816864816,135.50861835099718,135.8020782470703,5193200
2023-08-14 00:00:00-04:00,135.1857818111383,138.84421580343925,134.66734258595488,138.79530334472656,4850400
2023-08-15 00:00:00-04:00,138.18884349828244,138.75619523493103,136.6922146636358,137.02479553222656,3384900
2023-08-16 00:00:00-04:00,137.46499727286775,138.1790715742058,135.15646898507177,135.23472595214844,4613000
2023-08-17 00:00:00-04:00,136.15420531353385,136.7411100856171,133.59135347899803,134.58909606933594,7065700
2023-08-18 00:00:00-04:00,134.33477092519672,140.51692103834534,132.57402677316495,139.54852294921875,11541800
2023-08-21 00:00:00-04:00,140.15501706220957,145.96546618712367,140.0376390761677,145.52528381347656,8121900
2023-08-22 00:00:00-04:00,147.4718715928187,147.85336497307287,143.73519475622535,144.62535095214844,4865900
2023-08-23 00:00:00-04:00,144.11559155428108,145.64489009458495,143.17450086925828,145.0861053466797,5300400
2023-08-24 00:00:00-04:00,146.59576472963397,146.99769600613115,139.02777424816205,139.7139892578125,6771000
2023-08-25 00:00:00-04:00,140.7628868723726,142.10592343819135,138.1846784918196,141.51773071289062,4720600
2023-08-28 00:00:00-04:00,142.4490194166995,144.29200927668666,141.2040199926638,142.55685424804688,3565800
2023-08-29 00:00:00-04:00,141.02759862700236,147.55647614215192,141.02759862700236,147.027099609375,5017200
2023-08-30 00:00:00-04:00,146.25265421728167,148.58580004116573,145.2625301701556,147.97799682617188,4000000
2023-08-31 00:00:00-04:00,146.46834579883063,150.36998140696156,146.46834579883063,149.75238037109375,6593800
2023-09-01 00:00:00-04:00,151.4580985284321,151.49730439944557,149.49747589375983,150.95814514160156,3693100
2023-09-05 00:00:00-04:00,150.9385450208628,151.77181568077268,149.32103722029024,150.58563232421875,4266700
2023-09-06 00:00:00-04:00,150.23270672980567,152.2031270578579,148.56618051142502,150.16407775878906,3109600
2023-09-07 00:00:00-04:00,146.28205226085717,146.54674049816904,142.27258266461232,145.31153869628906,6720300
2023-09-08 00:00:00-04:00,144.81161252604875,145.5762542811593,143.30192447533693,144.62535095214844,4473300
2023-09-11 00:00:00-04:00,147.04668964585488,147.04668964585488,141.20402792891326,143.82147216796875,4145000
2023-09-12 00:00:00-04:00,143.15482972191725,143.55676086569093,140.89031345866425,141.13539123535156,4470600
2023-09-13 00:00:00-04:00,141.37070329135202,144.21360016119314,140.96877205658382,141.73341369628906,4625200
2023-09-14 00:00:00-04:00,143.52737137567254,143.82146773757722,141.10600143075825,141.72360229492188,5629800
2023-09-15 00:00:00-04:00,138.07684563041394,138.43955600646007,134.0183576512627,135.5280303955078,13654600
2023-09-18 00:00:00-04:00,135.16531185579063,138.2042675740885,134.81239922855508,137.5082550048828,5607700
2023-09-19 00:00:00-04:00,136.959310518993,137.29261280071037,133.97915552453318,134.99868774414062,6365400
2023-09-20 00:00:00-04:00,136.02797431212232,136.91026335147637,134.194797187342,134.27322387695312,5806900
2023-09-21 00:00:00-04:00,132.36165390506315,134.80261980048903,132.28322719539972,132.52830505371094,5241000
2023-09-22 00:00:00-04:00,134.2928455715764,135.58684866297202,133.07725421801814,133.48898315429688,5301100
2023-09-25 00:00:00-04:00,133.21451135164688,134.34186344279138,132.06754884477795,133.90072631835938,5161300
2023-09-26 00:00:00-04:00,132.94003028286983,133.3517592781286,130.9107784937035,131.44015502929688,5343000
2023-09-27 00:00:00-04:00,132.55768651763682,133.3909570515129,130.47943148416448,132.4008331298828,6296200
2023-09-28 00:00:00-04:00,132.0283163910943,137.04752033085424,131.63619786130883,135.49862670898438,5341600
2023-09-29 00:00:00-04:00,137.45926114373015,138.77287478613647,135.351597687009,135.72410583496094,4448200
2023-10-02 00:00:00-04:00,136.12603298380586,138.62582988720953,134.5575288597664,136.7632293701172,4896900
2023-10-03 00:00:00-04:00,135.94956957609088,137.25338545449245,132.7635577181637,134.02816772460938,6173000
2023-10-04 00:00:00-04:00,134.8614536814206,136.86128246255768,134.27326082665732,136.55738830566406,5543600
2023-10-05 00:00:00-04:00,136.7044013622972,137.3906162483427,135.06728336331628,136.53775024414062,4310400
2023-10-06 00:00:00-04:00,135.33197486042025,138.38074353200219,132.48906318044504,137.52786254882812,5234400
2023-10-09 00:00:00-04:00,136.72403566966665,138.15528197377782,135.0476965508896,137.39064025878906,3271500
2023-10-10 00:00:00-04:00,138.26313034491352,139.91985920879915,137.58672796042828,138.6160430908203,3342900
2023-10-11 00:00:00-04:00,140.00807463678728,140.12570721248866,138.03763924360427,139.3806610107422,5136900
2023-10-12 00:00:00-04:00,140.18453400710533,145.47820972752405,139.9590665673243,142.14515686035156,8109900
2023-10-13 00:00:00-04:00,144.15478875833836,144.20380731810596,137.94941604253904,138.36114501953125,6600500
2023-10-16 00:00:00-04:00,138.96893875007288,139.8512279855431,136.98872049108266,138.22390747070312,6097400
2023-10-17 00:00:00-04:00,136.39074984579992,139.97867872696577,134.11641988466417,139.91006469726562,5915900
2023-10-18 00:00:00-04:00,137.1455534608309,139.67475856795738,135.38100497720413,138.6650390625,5357900
2023-10-19 00:00:00-04:00,140.02767102625836,140.23354299347082,131.1362547723372,131.7832489013672,9400300
2023-10-20 00:00:00-04:00,131.87148837754188,133.4693857231631,130.7343236095723,131.47935485839844,6149500
2023-10-23 00:00:00-04:00,130.57746922381406,133.13608245339805,129.3030614732814,131.58718872070312,3820100
2023-10-24 00:00:00-04:00,132.66554498077215,132.88121468775591,130.88137103360924,132.24400329589844,5238800
2023-10-25 00:00:00-04:00,130.45002187470496,130.63626844240778,127.19538142809176,127.54829406738281,7118100
2023-10-26 00:00:00-04:00,128.52863481305624,131.7636655898608,127.94044195968611,128.26394653320312,5462700
2023-10-27 00:00:00-04:00,128.68546612579874,130.4892352939612,127.98943853417313,128.71487426757812,4397300
2023-10-30 00:00:00-04:00,129.36186191442926,130.34217303395602,127.26399671697642,128.45016479492188,4604600
2023-10-31 00:00:00-04:00,129.2050426691343,129.94027620295898,126.66603978900046,129.7442169189453,4108100
2023-11-01 00:00:00-04:00,130.41082905563823,133.15570406645332,130.16575119678626,132.62632751464844,5127800
2023-11-02 00:00:00-04:00,135.0966679241578,137.02788195389726,133.97911388812645,135.7828826904297,6088400
2023-11-03 00:00:00-04:00,136.74364431522127,138.9787531390616,136.33191531697332,136.99851989746094,5560300
2023-11-06 00:00:00-05:00,137.63571771603404,138.01803857241993,136.4691596884521,137.5965118408203,4823200
2023-11-07 00:00:00-05:00,137.24357855730062,139.1257744110829,136.9396844552618,138.94932556152344,4886800
2023-11-08 00:00:00-05:00,139.56690975870708,141.68438567728077,138.8218785836665,141.39028930664062,4305900
2023-11-09 00:00:00-05:00,142.047084673815,144.31161607540213,140.07666457765959,140.3511505126953,4979900
2023-11-10 00:00:00-05:00,142.33141773824502,148.01722697690792,141.82165161051745,147.71331787109375,6699400
2023-11-13 00:00:00-05:00,146.06637338624353,147.2917624247187,144.64492509328474,146.79180908203125,4125200
2023-11-14 00:00:00-05:00,150.01705672701246,151.86004699951908,149.14458015386387,151.04638671875,6505000
2023-11-15 00:00:00-05:00,151.91884033345585,153.68340363000175,151.0267534782072,152.3109588623047,4383300
2023-11-16 00:00:00-05:00,152.34037349833866,154.65390881724446,148.22306893645236,151.76199340820312,10513800
2023-11-17 00:00:00-05:00,139.24340233806313,146.11539372306953,139.14538018880594,145.66444396972656,18912700
2023-11-20 00:00:00-05:00,145.94876490136215,149.98764305176567,145.88013592387242,149.5661163330078,7087400
2023-11-21 00:00:00-05:00,148.585791811996,148.8210569520542,145.25272439699154,146.31146240234375,6517900
2023-11-22 00:00:00-05:00,148.3745263749379,151.08599350768708,146.39987242950667,146.85177612304688,5071300
2023-11-24 00:00:00-05:00,146.7044340712103,148.0110513855213,146.7044340712103,147.69667053222656,1992000
2023-11-27 00:00:00-05:00,146.87143678281868,149.0916952466332,146.15427610489908,148.1584014892578,3429700
2023-11-28 00:00:00-05:00,146.73388715733367,147.35281501623442,143.9339911190232,145.4567413330078,5799600
2023-11-29 00:00:00-05:00,147.59841896472543,150.13305805728785,146.23285916192458,146.73388671875,4975600
2023-11-30 00:00:00-05:00,147.76544281103648,147.83420425169646,144.4546851263107,147.14651489257812,7555600
2023-12-01 00:00:00-05:00,146.93039111300567,149.30784018535263,146.01674983314916,148.92469787597656,4929400
2023-12-04 00:00:00-05:00,147.40192370320165,148.01103278227635,143.09894499571868,145.66305541992188,5859600
2023-12-05 00:00:00-05:00,143.95366103870575,144.8771360537405,142.6666962800738,143.58033752441406,5206300
2023-12-06 00:00:00-05:00,146.06587193490944,146.10517704176135,142.14603449002442,142.15585327148438,4491100
2023-12-07 00:00:00-05:00,144.37612509673676,145.92833201417875,142.02814717691507,145.78097534179688,5753600
2023-12-08 00:00:00-05:00,144.82801339547214,146.19357337867737,143.42316330066933,145.12274169921875,4990200
2023-12-11 00:00:00-05:00,146.58653293946057,152.92312329915427,146.51775651377972,152.41226196289062,6945800
2023-12-12 00:00:00-05:00,152.4122732297419,155.3988162822461,151.92106440600412,154.45570373535156,5705200
2023-12-13 00:00:00-05:00,154.2690416969184,155.5953115147451,151.91124534356385,154.22975158691406,5561700
2023-12-14 00:00:00-05:00,154.9960408633402,160.19302377099265,154.93709820128996,158.896240234375,7401200
2023-12-15 00:00:00-05:00,159.35796196798438,161.32279712453655,158.6506201123854,159.10252380371094,8577200
2023-12-18 00:00:00-05:00,158.0611922968407,158.51311106080507,154.956748587535,157.54051208496094,4772300
2023-12-19 00:00:00-05:00,157.75664478446598,159.86883696001036,157.20649324053844,159.4758758544922,4958200
2023-12-20 00:00:00-05:00,157.9825843922037,159.1516638274415,154.0725662313151,154.16098022460938,5488700
2023-12-21 00:00:00-05:00,158.16924114020662,158.9748308060519,156.77420988056338,158.55238342285156,4257300
2023-12-22 00:00:00-05:00,158.75869022439505,160.13406886878468,158.01204325415247,159.20077514648438,2770600
2023-12-26 00:00:00-05:00,159.44640336168152,162.0694569477301,159.24992281035117,161.39158630371094,2520500
2023-12-27 00:00:00-05:00,161.647014875851,162.08911486912007,160.65477831493703,161.3228302001953,3319600
2023-12-28 00:00:00-05:00,162.09891843320145,162.10873721349466,159.98672640133418,160.25196838378906,2909700
2023-12-29 00:00:00-05:00,160.24215153706547,160.68423650366233,157.8745212839631,159.22044372558594,2980700
2024-01-02 00:00:00-05:00,157.18683946452592,157.294906016278,150.73234767357133,151.65582275390625,8607300
2024-01-03 00:00:00-05:00,149.04257805798596,150.47689933395745,148.07979803383782,148.78713989257812,6100100
2024-01-04 00:00:00-05:00,147.1661740036419,149.32748993886673,146.1346324237265,146.68478393554688,6196100
2024-01-05 00:00:00-05:00,147.44123128449368,148.85591498933945,145.44692480878828,146.38021850585938,5400100
2024-01-08 00:00:00-05:00,147.1956244593504,150.10357203526948,147.08755792839042,148.89520263671875,6515500
2024-01-09 00:00:00-05:00,147.23494926198921,149.02295683367336,146.31147414171332,148.3745574951172,5606700
2024-01-10 00:00:00-05:00,149.10154018225384,149.22924429112908,145.63360686197953,147.17599487304688,5035700
2024-01-11 00:00:00-05:00,147.60824391368115,149.75974084907318,145.86936057006935,149.27835083007812,5995600
2024-01-12 00:00:00-05:00,149.5239614824649,149.72044201193393,147.72613540634143,148.59066772460938,4083700
2024-01-16 00:00:00-05:00,148.63980978228835,151.52812038926564,147.20547325979769,151.05654907226562,6528000
2024-01-17 00:00:00-05:00,150.41797766835668,151.04672440936736,147.5591385062046,150.67340087890625,6630600
2024-01-18 00:00:00-05:00,155.87035883992425,157.91378896920023,154.0234092058573,157.52081298828125,8133700
2024-01-19 00:00:00-05:00,159.7116502228279,165.32124680868543,159.44639325057503,164.9872283935547,9159000
2024-01-22 00:00:00-05:00,165.22299629268275,168.88742498934607,164.69249734751517,165.3408966064453,7176400
2024-01-23 00:00:00-05:00,164.81039271394081,165.0461783653302,161.8140306348313,164.11288452148438,5053600
2024-01-24 00:00:00-05:00,168.37656789551045,172.86622395041195,167.66922595692418,171.07821655273438,9729000
2024-01-25 00:00:00-05:00,174.05495776088574,175.26332744319916,169.3982920475841,169.59478759765625,7234400
2024-01-26 00:00:00-05:00,166.09735937123182,166.58856819649884,163.69042413502046,163.9654998779297,6653700
2024-01-29 00:00:00-05:00,163.38590115452203,165.5472173063012,163.15994925892164,165.5177459716797,5370700
2024-01-30 00:00:00-05:00,164.38793974669832,166.1955845433123,162.90449455879823,163.31710815429688,5255300
2024-01-31 00:00:00-05:00,161.11649606944562,163.69042553895966,158.12995298202878,161.41122436523438,6049400
2024-02-01 00:00:00-05:00,162.550841151144,164.79075233426875,161.9319131958974,164.03428649902344,4082600
2024-02-02 00:00:00-05:00,163.00274852132176,166.20542493551503,162.55084475865593,165.22300720214844,4740800
2024-02-05 00:00:00-05:00,165.63563755704,169.25092765782463,165.32125668366479,168.08184814453125,5749100
2024-02-06 00:00:00-05:00,167.98360103667403,169.6733606106787,164.55495800757657,165.73385620117188,4550100
2024-02-07 00:00:00-05:00,167.49240749345566,169.8698566481667,165.86159043171415,167.8951873779297,5103400
2024-02-08 00:00:00-05:00,167.00118809884123,171.92309531675656,166.4019127098312,170.83261108398438,7327900
2024-02-09 00:00:00-05:00,175.8920367140487,182.87702629899707,175.4696043506023,182.57247924804688,9539900
2024-02-12 00:00:00-05:00,182.0125290138455,184.90083941124948,181.3936010742577,182.27777099609375,7085400
2024-02-13 00:00:00-05:00,175.45979893838313,178.98667471727157,173.82898203560052,177.1397247314453,9692500
2024-02-14 00:00:00-05:00,179.4287505677973,183.6924393707916,179.4287505677973,182.9163360595703,8437900
2024-02-15 00:00:00-05:00,185.67694023475735,186.13867774040156,183.10301072793524,184.36050415039062,8622900
2024-02-16 00:00:00-05:00,198.46803186455188,203.13451603156133,193.83101902988315,196.0611114501953,15557900
2024-02-20 00:00:00-05:00,192.15105904616735,192.4163160013888,182.84756296867351,185.81446838378906,11216100
2024-02-21 00:00:00-05:00,184.9288028552083,187.33980225416536,182.93111635185167,187.30044555664062,6977500
2024-02-22 00:00:00-05:00,195.12389501329005,198.34184929148677,193.53952144056652,196.55081176757812,10225900
2024-02-23 00:00:00-05:00,196.14736595587743,198.13520214759026,193.48049530007245,194.02174377441406,5108100
2024-02-26 00:00:00-05:00,196.6197330856651,200.74304214009072,195.96039945636687,200.31004333496094,6466600
2024-02-27 00:00:00-05:00,200.4871284362137,201.1858336353442,198.0170867063783,199.6309814453125,5167100
2024-02-28 00:00:00-05:00,195.33055083600368,196.00955518242174,193.36238573518978,194.39566040039062,6207900
2024-02-29 00:00:00-05:00,196.72793292812017,198.7846617153174,194.12010533666708,198.41070556640625,9449600
2024-03-01 00:00:00-05:00,200.5265298511226,208.01539956974077,200.31986588344208,206.90338134765625,7647400
2024-03-04 00:00:00-05:00,208.62552919385973,209.97371766704958,205.71263783962428,206.15548706054688,7089800
2024-03-05 00:00:00-05:00,204.44316805541342,207.40525139022415,201.52044141912464,204.08889770507812,6100200
2024-03-06 00:00:00-05:00,206.60813635659065,210.1114679674808,205.8011964426673,208.7928009033203,5642400
2024-03-07 00:00:00-05:00,209.83592595979806,210.84952982380315,208.14330270777026,209.22579956054688,6363100
2024-03-08 00:00:00-05:00,209.0978749633935,210.20005773006653,202.12073265559636,202.28802490234375,6940800
2024-03-11 00:00:00-04:00,200.0443200951689,200.0443200951689,194.46457326587566,198.1647186279297,6566600
2024-03-12 00:00:00-04:00,200.63476182745433,201.7467649354283,196.16701849171832,201.67788696289062,7211300
2024-03-13 00:00:00-04:00,199.73927298894623,200.63479187742158,196.7575035171312,197.3676300048828,5050300
2024-03-14 00:00:00-04:00,198.71579094142518,199.1783109617444,195.8816432823412,197.55458068847656,4934900
2024-03-15 00:00:00-04:00,196.2654709099866,198.0761796108895,193.8643065381359,195.488037109375,9936400
2024-03-18 00:00:00-04:00,198.46977232098703,199.93606080633367,196.45241499598268,197.53489685058594,5062300
2024-03-19 00:00:00-04:00,196.0095556940593,198.34184155542914,194.15949070528254,198.1351776123047,4624500
2024-03-20 00:00:00-04:00,197.80061675094495,202.6423016874171,195.63563787924096,201.79598999023438,4278000
2024-03-21 00:00:00-04:00,209.97371045953926,211.48920615113846,207.01162708546386,207.4446258544922,6145200
2024-03-22 00:00:00-04:00,205.1910720962929,208.3499840736903,205.1123436807913,206.90338134765625,3829200
2024-03-25 00:00:00-04:00,204.32508581772242,207.9465027690536,204.04954387646504,205.14187622070312,3137600
2024-03-26 00:00:00-04:00,206.4506578646523,207.8480682069681,203.28192607845398,203.3803253173828,3607400
2024-03-27 00:00:00-04:00,204.72855042507132,205.17139963576315,200.65444880443883,204.68919372558594,3123900
2024-03-28 00:00:00-04:00,204.25620423859027,204.34476807839147,199.4834121197423,202.94737243652344,5750100
2024-04-01 00:00:00-04:00,203.63621477136596,208.39918619108477,202.6816684191848,205.3682098388672,3189700
2024-04-02 00:00:00-04:00,203.2918047354375,203.2918047354375,200.1624139601363,202.82928466796875,4311400
2024-04-03 00:00:00-04:00,200.35922473401396,205.82087118856808,200.26081046697868,204.0790557861328,3375600
2024-04-04 00:00:00-04:00,208.24170158838763,209.648932377125,198.45991898727786,200.1525421142578,6242800
2024-04-05 00:00:00-04:00,201.63852443537843,206.19483180730816,201.63852443537843,204.5415802001953,3330700
2024-04-08 00:00:00-04:00,209.47181863095756,209.6095895915551,204.81711223086708,205.71261596679688,4435500
2024-04-09 00:00:00-04:00,207.98587689805416,208.7239388955406,204.32508818924842,207.0608367919922,3659200
2024-04-10 00:00:00-04:00,205.56499544192292,208.29090820608732,204.8072477028201,205.9192657470703,4645300
2024-04-11 00:00:00-04:00,206.1259448968103,209.93433969632935,205.04344804675932,209.58990478515625,4291600
2024-04-12 00:00:00-04:00,204.68919309077688,206.60815127282098,203.61654659618682,204.55142211914062,5854800
2024-04-15 00:00:00-04:00,208.52712368830262,211.04638808089533,201.0185826977519,202.4061279296875,4492500
2024-04-16 00:00:00-04:00,203.05561095397582,207.07066997889456,202.47500579270204,206.1456298828125,3749200
2024-04-17 00:00:00-04:00,202.80959196460608,203.70511078977077,194.94678111483535,196.70828247070312,6350300
2024-04-18 00:00:00-04:00,194.3268137556311,195.26168932603812,190.4396900581006,191.22695922851562,6219400
2024-04-19 00:00:00-04:00,191.16788039288915,191.59104371899042,185.16498554486438,186.74935913085938,6495200
2024-04-22 00:00:00-04:00,188.50100369975726,188.7273384676876,183.8856544255497,186.44427490234375,7149800
2024-04-23 00:00:00-04:00,187.2217262321902,191.40407754092507,186.94618428841693,190.1641387939453,4425900
2024-04-24 00:00:00-04:00,194.838511391568,196.186699693203,189.65239209773858,192.93922424316406,4609400
2024-04-25 00:00:00-04:00,193.15575637326728,195.29121408805227,190.51842187365068,194.35633850097656,4238300
2024-04-26 00:00:00-04:00,193.89379998671902,200.74302171968176,193.89379998671902,200.14273071289062,3933500
2024-04-29 00:00:00-04:00,200.27063809799913,202.02230386855405,198.568179459048,201.99278259277344,2789200
2024-04-30 00:00:00-04:00,200.42813684084263,202.55375923716073,195.4093237014327,195.488037109375,3898200
2024-05-01 00:00:00-04:00,192.95893563898682,197.48570700301556,189.62289592083656,190.90220642089844,5815500
2024-05-02 00:00:00-04:00,193.13605079990668,195.32071543120338,190.2034887784732,194.75979614257812,3523200
2024-05-03 00:00:00-04:00,198.78468636305797,202.00264068834016,196.76731401807288,200.84141540527344,3818500
2024-05-06 00:00:00-04:00,202.04199571856185,205.85039056633104,201.04807770067438,205.53549194335938,3638500
2024-05-07 00:00:00-04:00,205.90944099247199,206.13577577762268,203.92159000974763,204.02000427246094,3200900
2024-05-08 00:00:00-04:00,202.63245515756776,204.64982752447736,201.49091571866458,204.0593719482422,2932300
2024-05-09 00:00:00-04:00,204.05938030235748,204.9352132662202,202.44548534593937,203.0457763671875,2758200
2024-05-10 00:00:00-04:00,205.47644250258745,209.18643797578102,205.20090058575747,206.39163208007812,3502900
2024-05-13 00:00:00-04:00,205.08280351302943,205.15169650121425,202.16992748730573,203.3409881591797,3526900
2024-05-14 00:00:00-04:00,202.56356493099193,206.75576654446908,201.45156177004412,206.480224609375,3442200
2024-05-15 00:00:00-04:00,209.1175743724754,214.14623758508048,207.4938439190062,214.0281524658203,5820900
2024-05-16 00:00:00-04:00,214.74652355190912,215.26808617084453,210.51496502628308,210.6232147216797,7977900
2024-05-17 00:00:00-04:00,212.95548347030234,215.86837477624414,206.88369520718828,208.70425415039062,8031800
2024-05-20 00:00:00-04:00,208.77312698069667,218.22032637228685,208.73377028192508,216.448974609375,5954500
2024-05-21 00:00:00-04:00,214.5299942456733,216.7540153857961,212.3748510752472,216.3013458251953,3918200
2024-05-22 00:00:00-04:00,217.40553829773043,217.61256398449206,213.17611874875266,215.06900024414062,5047000
2024-05-23 00:00:00-04:00,221.82225999366685,221.89127858421935,213.27471071377173,214.871826171875,5806600
2024-05-24 00:00:00-04:00,217.09006731136427,219.96882574837915,215.55210191765775,217.77032470703125,3795700
2024-05-28 00:00:00-04:00,219.01252414588814,220.06741953805698,216.77459465083098,218.1942596435547,5509400
2024-05-29 00:00:00-04:00,214.51692735294353,217.53370792661337,214.09300755357177,215.95631408691406,4718800
2024-05-30 00:00:00-04:00,214.8915774602396,216.5872868398812,212.45646044563642,213.4817657470703,4059200
2024-05-31 00:00:00-04:00,213.68878602811978,215.42392369631784,206.0679629461342,212.04237365722656,13548700
2024-06-03 00:00:00-04:00,215.24646919654117,215.26619094334623,205.97921886851054,211.18466186523438,3828100
2024-06-04 00:00:00-04:00,210.78046548901935,211.32270074446896,206.0778288819912,209.2227783203125,4379600
2024-06-05 00:00:00-04:00,216.49854171456101,221.54622589328665,215.1084518777011,220.2152862548828,7887900
2024-06-06 00:00:00-04:00,218.5392921191998,220.10683250366768,215.9267248117534,218.6181640625,3951200
2024-06-07 00:00:00-04:00,221.04343490215072,221.3786293900462,216.9717590709084,218.59844970703125,3627200
2024-06-10 00:00:00-04:00,216.60699669989683,225.59818823367337,216.52812475130227,224.93765258789062,4796900
2024-06-11 00:00:00-04:00,224.0602272908776,226.82068537332603,221.4673664612864,226.7220916748047,4768600
2024-06-12 00:00:00-04:00,228.161469733089,235.03303250751705,227.52065580476133,234.2936248779297,5573500
2024-06-13 00:00:00-04:00,228.20091993542968,234.99361095707596,228.1516230833515,234.19505310058594,3682400
2024-06-14 00:00:00-04:00,230.77402447212128,234.89498194182536,230.320514561779,233.68235778808594,3306500
2024-06-17 00:00:00-04:00,233.32745869903937,239.8441048998454,232.93311399931446,239.43003845214844,4974600
2024-06-18 00:00:00-04:00,239.35115344472953,245.8973743886938,238.67089608802527,244.329833984375,5256900
2024-06-20 00:00:00-04:00,243.51156139836095,244.32984091999506,235.28935277367933,236.60057067871094,7045000
2024-06-21 00:00:00-04:00,234.9541403788422,235.11186921661272,229.54167192600826,232.08523559570312,15289800
2024-06-24 00:00:00-04:00,229.7093075826437,232.08527441738525,226.18971998388295,226.59393310546875,5928700
2024-06-25 00:00:00-04:00,227.77695676670038,231.23739377270962,225.3122649018096,230.9613494873047,4594900
2024-06-26 00:00:00-04:00,231.68102407197716,233.57390552728597,227.54034494828386,228.8909912109375,4818700
2024-06-27 00:00:00-04:00,234.14575027662423,234.46123808724826,228.5262552786426,229.24594116210938,4309600
2024-06-28 00:00:00-04:00,232.02611341748758,237.88220903673377,230.60644840314197,232.65707397460938,6387400
2024-07-01 00:00:00-04:00,233.51477160549507,234.99358675581865,229.78815863014248,234.0570068359375,4239600
2024-07-02 00:00:00-04:00,231.70076567041835,237.59630461854263,231.70076567041835,237.45828247070312,3510600
2024-07-03 00:00:00-04:00,238.22726009848589,241.26376232975477,236.4625473140661,239.87367248535156,2768800
2024-07-05 00:00:00-04:00,241.23419617059147,241.26377127107608,237.46813958050114,239.16384887695312,4076200
2024-07-08 00:00:00-04:00,239.67648848487468,243.68899888738568,239.67648848487468,242.8115692138672,3782100
2024-07-09 00:00:00-04:00,244.49743300167754,248.56910877640354,243.98477288165088,247.91842651367188,4889900
2024-07-10 00:00:00-04:00,249.42682483973095,252.27600812648498,247.11987678954654,251.36900329589844,4258100
2024-07-11 00:00:00-04:00,251.9605402158697,251.9605402158697,237.69490176062067,237.85263061523438,5623800
2024-07-12 00:00:00-04:00,238.1976895257937,245.25657088419058,237.14279414993703,239.96240234375,5396300
2024-07-15 00:00:00-04:00,241.06659462813408,245.29599939827816,240.16944314731128,242.08204650878906,3674300
2024-07-16 00:00:00-04:00,243.4721580201997,244.02424665953487,238.5230519290957,242.3679656982422,4124800
2024-07-17 00:00:00-04:00,227.97415608618758,230.02478163033214,216.65627961889228,216.9619140625,10538900
2024-07-18 00:00:00-04:00,219.01252593921078,219.18999158639738,210.2382284030115,214.57608032226562,7715800
2024-07-19 00:00:00-04:00,214.42818873031067,215.1971713760876,206.70877213082528,207.29043579101562,6517100
2024-07-22 00:00:00-04:00,213.17614990390157,220.92514264988657,210.34668812055148,220.31390380859375,7515600
2024-07-23 00:00:00-04:00,217.33654076402684,218.81535598588678,215.53238438816334,216.54783630371094,3635300
2024-07-24 00:00:00-04:00,214.30001320811397,214.69437291361172,202.6272367045028,203.6131134033203,9263400
2024-07-25 00:00:00-04:00,204.2243567744108,206.25527545639386,197.50068535849482,199.46258544921875,9961400
2024-07-26 00:00:00-04:00,204.0666457475916,205.41729215966808,199.94567287079127,203.55398559570312,5209000
2024-07-29 00:00:00-04:00,205.35812627787527,209.52838064198585,201.99628301147132,202.66668701171875,4199200
2024-07-30 00:00:00-04:00,205.31866832624826,206.21581969955326,192.581143651348,193.9613800048828,7652600
2024-07-31 00:00:00-04:00,203.1891945826562,209.86356903333194,201.61178583994422,209.20303344726562,11123700
2024-08-01 00:00:00-04:00,201.247019672398,206.12710642786098,189.6038180158374,193.52760314941406,11268300
2024-08-02 00:00:00-04:00,185.21664343333126,186.8926457911618,177.09302937680042,179.2422332763672,12991600
2024-08-05 00:00:00-04:00,172.68616021511005,184.5265335436629,169.1862950464466,179.32110595703125,10079100
2024-08-06 00:00:00-04:00,180.7309224717745,185.84760986897805,177.75357064860307,180.72105407714844,5803900
2024-08-07 00:00:00-04:00,187.31659086279646,188.69681235710263,175.4269191339047,175.98886108398438,6652100
2024-08-08 00:00:00-04:00,182.64351419562468,188.13485470062042,178.63100380147716,187.8588104248047,8637100
2024-08-09 00:00:00-04:00,187.32644538260223,190.5897102274884,185.39413527853108,188.47991943359375,5050800
2024-08-12 00:00:00-04:00,188.7953899395512,193.62617980058613,187.66163774051793,190.36293029785156,5568100
2024-08-13 00:00:00-04:00,193.66564207807457,198.97951745795325,190.98405596366928,197.9640655517578,6198900
2024-08-14 00:00:00-04:00,199.82736031924668,201.91741420969316,194.93740503354215,198.78233337402344,5377900
2024-08-15 00:00:00-04:00,204.3821050080909,209.99174607784727,202.23290093098186,208.83827209472656,12073500
2024-08-16 00:00:00-04:00,202.0554421553341,205.93979905821556,198.33868249911433,204.96377563476562,11644600
2024-08-19 00:00:00-04:00,204.07648910993822,208.12844319109885,199.64004369450478,207.96084594726562,5285400
2024-08-20 00:00:00-04:00,206.33413601332649,207.61577878223048,201.46391756074766,203.24835205078125,4860300
2024-08-21 00:00:00-04:00,205.11165415823223,207.034110749391,203.6525608279277,206.16653442382812,4460500
2024-08-22 00:00:00-04:00,206.07765459529637,207.76672625418087,197.00008135786186,197.7507781982422,6621900
2024-08-23 00:00:00-04:00,199.6868116979987,203.31191171787736,197.7310238377664,200.19056701660156,5296400
2024-08-26 00:00:00-04:00,198.21502978239786,198.79780818850537,192.762556461779,193.829345703125,7333900
2024-08-27 00:00:00-04:00,192.39709081999573,194.39238267696823,189.44366458513676,193.37498474121094,6632500
2024-08-28 00:00:00-04:00,192.2983071821914,194.23433547129292,188.4657847625571,190.53021240234375,6412500
2024-08-29 00:00:00-04:00,194.26396966409922,195.88390557016518,189.32513884412785,190.61911010742188,6730300
2024-08-30 00:00:00-04:00,195.11344179705165,195.41964688478362,190.1943707063845,194.84674072265625,7313800
2024-09-03 00:00:00-04:00,190.71789464613465,191.69578858415923,180.2673267186671,181.12667846679688,12163400
2024-09-04 00:00:00-04:00,177.78804310457778,182.06507254336896,175.25934898137874,180.1488037109375,6378100
2024-09-05 00:00:00-04:00,176.8496417278607,181.49215460821853,175.71371670435232,178.03497314453125,6495000
2024-09-06 00:00:00-04:00,177.30404178472037,178.4992455783432,171.2687893974087,172.61215209960938,8887900
2024-09-09 00:00:00-04:00,174.9333921556121,176.36565006656346,172.43434498814182,175.3778839111328,7492500
2024-09-10 00:00:00-04:00,175.79274203646267,176.32612912304725,171.97996411376866,175.87176513671875,5367900
2024-09-11 00:00:00-04:00,178.0349882665946,184.12950401301558,173.26407563281717,183.66525268554688,8187100
2024-09-12 00:00:00-04:00,182.1045528789143,182.86513697138082,177.84728353785064,180.9686279296875,8011700
2024-09-13 00:00:00-04:00,183.03305942749427,186.49024074128675,182.68733526726925,186.16427612304688,4851300
2024-09-16 00:00:00-04:00,182.7367481469292,185.61115142427795,180.89950240051326,185.28518676757812,5915800
2024-09-17 00:00:00-04:00,187.18167717065361,188.16944327709504,183.70473625578762,186.28280639648438,4026100
2024-09-18 00:00:00-04:00,188.42625218099283,189.31525069713965,183.47754954126492,183.86277770996094,4266900
2024-09-19 00:00:00-04:00,192.16990359764833,195.90365836311835,190.5499677474027,194.30348205566406,7326100
2024-09-20 00:00:00-04:00,191.97235330159955,193.13791009982123,187.15204976645154,189.80914306640625,14306900
2024-09-23 00:00:00-04:00,192.04150894519896,193.24658495355905,190.3326775846686,191.66615295410156,4457900
2024-09-24 00:00:00-04:00,194.1059033133286,195.4295212905038,191.38954664428863,194.3726043701172,4849700
2024-09-25 00:00:00-04:00,192.90085671522021,197.8396877702397,192.90085671522021,194.89614868164062,5060100
2024-09-26 00:00:00-04:00,208.24085791810847,209.55457357699385,200.02263667302637,207.045654296875,7849800
2024-09-27 00:00:00-04:00,208.49766762046977,208.74460914241857,201.50428191022587,202.41302490234375,4524800
2024-09-30 00:00:00-04:00,198.54098285631085,201.81048618235656,196.25924561412734,199.57814025878906,5746000
2024-10-01 00:00:00-04:00,200.92150981456578,201.56355176285086,191.27103061503527,194.7874755859375,6930100
2024-10-02 00:00:00-04:00,195.40977228581278,202.00804269759823,194.33311083806396,198.68914794921875,5536600
2024-10-03 00:00:00-04:00,195.29124905222005,200.64493969169254,195.29124905222005,197.1482391357422,3813300
2024-10-04 00:00:00-04:00,202.11667359611423,202.41300640980256,197.06918874573648,199.4990997314453,4131100
2024-10-07 00:00:00-04:00,196.94080082512588,199.12375536580606,195.80486081886048,197.68162536621094,3711100
2024-10-08 00:00:00-04:00,197.68163027450518,200.07202237777102,196.23948516698874,198.42245483398438,3616100
2024-10-09 00:00:00-04:00,198.9361027283861,203.07484543631392,198.17553362130712,202.55133056640625,4141600
2024-10-10 00:00:00-04:00,198.5607629746007,201.7512435359063,197.5038459207272,201.4647979736328,3796800
2024-10-11 00:00:00-04:00,199.66705512793445,204.69478136948618,199.66705512793445,202.55133056640625,2604100
2024-10-14 00:00:00-04:00,204.4281027844318,211.62891187048754,204.4281027844318,211.2733154296875,5239300
2024-10-15 00:00:00-04:00,211.06584217275534,213.06113381246652,187.25081719415752,188.68307495117188,16613200
2024-10-16 00:00:00-04:00,190.8561835970321,190.8561835970321,181.65019551215994,182.33175659179688,10972600
2024-10-17 00:00:00-04:00,187.67556954194572,188.46578548075595,180.76120645355826,180.99827575683594,9727100
2024-10-18 00:00:00-04:00,184.0010702861115,184.50482557767683,182.38113446400854,184.08009338378906,5758600
2024-10-21 00:00:00-04:00,183.88255335209882,184.42582775862624,181.8477574586649,182.20335388183594,4918100
2024-10-22 00:00:00-04:00,182.34163177194063,183.0133054988927,180.33646775420775,180.76119995117188,6753600
2024-10-23 00:00:00-04:00,179.72404964819387,181.49215951350894,177.59047112705954,180.46487426757812,6015200
2024-10-24 00:00:00-04:00,184.593726761852,185.5024697315784,180.98837158696688,181.50201416015625,6122100
2024-10-25 00:00:00-04:00,184.2084968862505,186.8853344529308,183.8924045142703,184.23812866210938,4794700
2024-10-28 00:00:00-04:00,184.2381426709418,185.34443591276337,182.1539555350791,183.07257080078125,4101000
2024-10-29 00:00:00-04:00,183.07256197654615,189.18683643419405,182.39100096859178,187.79408264160156,6007400
2024-10-30 00:00:00-04:00,184.7122805910924,185.88772478821065,182.44041530201935,183.0330810546875,5851300
2024-10-31 00:00:00-04:00,182.94416197104167,182.94416197104167,177.08670128994788,179.3585662841797,7307500
2024-11-01 00:00:00-04:00,179.60551044520466,183.2009784197663,179.00297252577002,181.1365509033203,6318900
2024-11-04 00:00:00-05:00,180.9587490781845,181.61067833076018,178.2522795718612,179.59564208984375,3857600
2024-11-05 00:00:00-05:00,181.05753459920882,184.46532473245364,180.85998438768007,184.19862365722656,4053000
2024-11-06 00:00:00-05:00,186.64830736722388,187.0631673616442,182.48980504277253,185.22592163085938,6393300
2024-11-07 00:00:00-05:00,188.62381755073093,191.95258442223457,188.62381755073093,191.71551513671875,5274700
2024-11-08 00:00:00-05:00,189.93755414001424,191.72542360540135,188.93004347762508,189.6807403564453,4767300
2024-11-11 00:00:00-05:00,189.95731227379991,190.8364235739362,184.17888914552748,186.25318908691406,5475200
2024-11-12 00:00:00-05:00,186.40135656725232,187.42862673024862,182.2132226704805,184.32704162597656,5478400
2024-11-13 00:00:00-05:00,181.8181265393343,183.21086538723543,180.28708595810335,180.55377197265625,8634600
2024-11-14 00:00:00-05:00,184.49494362632512,185.3246635000712,182.82561657207225,183.7244873046875,11747400
2024-11-15 00:00:00-05:00,166.28056264204807,171.94047396127687,165.28292418110286,166.81396484375,16287500
2024-11-18 00:00:00-05:00,165.6286068681603,169.56979890117094,164.808774296069,168.64129638671875,8324400
2024-11-19 00:00:00-05:00,166.2805436442936,167.88073499445906,165.44095149252644,167.23867797851562,8651100
2024-11-20 00:00:00-05:00,167.23867924040604,168.4437551116727,165.0162054720706,168.4042510986328,6197300
2024-11-21 00:00:00-05:00,169.52304606588496,175.315072973382,169.35473274255958,174.00814819335938,8917400
2024-11-22 00:00:00-05:00,173.38438599020466,174.3348781057335,171.66164074792562,173.1467742919922,4242600
2024-11-25 00:00:00-05:00,174.95863370600588,175.43387219553262,170.22599439060363,172.82003784179688,8926500
2024-11-26 00:00:00-05:00,173.60220357568238,173.7507259918789,169.2359074110373,171.48341369628906,6517100
2024-11-27 00:00:00-05:00,171.4834275303373,171.62203939876733,167.0874295493273,169.6220703125,4348700
2024-11-29 00:00:00-05:00,174.63190139501236,176.66157174432746,172.5329024570096,172.97845458984375,5944400
2024-12-02 00:00:00-05:00,173.74081159512983,182.44370227045246,172.97845395088646,181.45361328125,9100600
2024-12-03 00:00:00-05:00,179.41404070668227,181.44371114269,179.00810057645683,181.34471130371094,5939900
2024-12-04 00:00:00-05:00,183.50309736839904,183.85953002383943,178.66156261141026,179.36453247070312,5819800
2024-12-05 00:00:00-05:00,174.79030823029044,177.64176943067486,168.85968469352676,170.32501220703125,8663800
2024-12-06 00:00:00-05:00,170.45374432112396,171.60225131128894,169.65177456150283,171.3052215576172,6058500
2024-12-09 00:00:00-05:00,170.26561816541133,172.77054229785855,168.52306684514028,170.15670776367188,7647100
2024-12-10 00:00:00-05:00,171.7804415657875,172.15668022035052,165.78050464069915,166.50326538085938,8230900
2024-12-11 00:00:00-05:00,168.04782609550588,171.48343663204287,167.81021436990608,169.4339599609375,6698600
2024-12-12 00:00:00-05:00,168.01811676322956,168.4240569188717,165.15675987679597,167.40426635742188,6108500
2024-12-13 00:00:00-05:00,167.42407805910014,169.82998739528307,166.10725770224613,167.67160034179688,7051700
2024-12-16 00:00:00-05:00,168.3547333696105,170.0378968202125,167.17654010477278,167.73098754882812,6643000
2024-12-17 00:00:00-05:00,167.3250633633009,169.05771934487353,166.70130237551516,168.6517791748047,6817600
2024-12-18 00:00:00-05:00,169.24580487043897,172.70120558279848,162.9191371836676,163.81021118164062,9000700
2024-12-19 00:00:00-05:00,161.17657686599892,163.60230692985567,159.4340257165792,159.8399658203125,9252600
2024-12-20 00:00:00-05:00,158.39443649640285,163.09735932082444,157.38455657786457,161.96865844726562,15336700
2024-12-23 00:00:00-05:00,163.13698145191486,166.0280397439275,162.5429219626743,165.80032348632812,5040200
2024-12-24 00:00:00-05:00,165.77059261718068,167.047815876618,165.24584666022088,166.70127868652344,2595800
2024-12-26 00:00:00-05:00,165.69140477170401,167.17653831274387,165.09734531226422,165.88941955566406,2793700
2024-12-27 00:00:00-05:00,164.50329103250738,165.54288756548078,162.998366540978,165.1765594482422,3599600
2024-12-30 00:00:00-05:00,162.37460588377192,163.33499348083564,160.36472630003493,162.01817321777344,4763100
2024-12-31 00:00:00-05:00,162.80035212413281,163.54291898864548,160.36474126876564,161.01820373535156,3565500
2025-01-02 00:00:00-05:00,162.83995488658118,165.0577599011446,161.21620937285672,162.2458953857422,4164600
2025-01-03 00:00:00-05:00,163.74091787277877,168.7309596092559,163.13696299980185,168.37452697753906,5719800
2025-01-06 00:00:00-05:00,173.24577052012904,178.59226023188904,173.12696467349858,175.7209930419922,8475500
2025-01-07 00:00:00-05:00,178.28534813821423,180.03779493483776,174.6517079148457,176.05764770507812,7332100
2025-01-08 00:00:00-05:00,175.9883326176241,176.40416821512136,173.10716979114977,175.23587036132812,4581700
2025-01-10 00:00:00-05:00,172.98835682400824,172.98835682400824,167.82998632162102,169.9487762451172,6325300
2025-01-13 00:00:00-05:00,167.42405947968513,169.9091774834594,166.06762724789164,169.16661071777344,5465800
2025-01-14 00:00:00-05:00,170.15671745230838,171.9784778146255,168.63198684869886,171.92897033691406,3842100
2025-01-15 00:00:00-05:00,174.99824106490914,177.73088142725766,174.13686841855625,176.61209106445312,5908600
2025-01-16 00:00:00-05:00,183.95855210440138,189.8099821299999,181.19619514071627,184.63180541992188,10825400
2025-01-17 00:00:00-05:00,191.08717269381543,191.24559055605965,186.91889145042236,190.14659118652344,8115100
2025-01-21 00:00:00-05:00,192.80995773433625,193.28519627458942,188.92881025588682,190.95848083496094,7959100
2025-01-22 00:00:00-05:00,194.87922088224974,198.56235319352152,193.39408737310978,193.57229614257812,7288600
2025-01-23 00:00:00-05:00,188.24563938681544,189.30502683394553,185.92881948529052,188.8099822998047,6307300
2025-01-24 00:00:00-05:00,188.9981076735355,189.38424181818982,183.77043843472566,184.89913940429688,6088400
2025-01-27 00:00:00-05:00,177.77046703919592,177.78036248958776,168.73095044492524,172.83982849121094,12150200
2025-01-28 00:00:00-05:00,172.027960637534,173.0972585510945,168.3151269547095,171.1368865966797,7360500
2025-01-29 00:00:00-05:00,178.21602225094998,178.4239475909022,172.0576673845624,173.5428009033203,5679900
2025-01-30 00:00:00-05:00,177.62197714275092,181.45363220367892,175.7012169937462,179.9189910888672,6013800
2025-01-31 00:00:00-05:00,180.78036622234544,184.59221532312438,178.27544199299726,178.5625762939453,5898400
2025-02-03 00:00:00-05:00,173.58241795080468,178.46354967217925,172.5131199734262,177.02792358398438,5321300
2025-02-04 00:00:00-05:00,173.73092692130544,177.52296979809617,173.71112091017622,176.79029846191406,4687100
2025-02-05 00:00:00-05:00,174.9784410895427,179.21602119688956,173.5428149269123,178.87939453125,3958500
2025-02-06 00:00:00-05:00,177.82987977272506,181.2654896930631,176.79028333700006,180.98826599121094,4479100
2025-02-07 00:00:00-05:00,181.32489750937222,181.72092706340803,176.95860142597746,178.2160186767578,4992000
2025-02-10 00:00:00-05:00,181.04769315574373,182.20609558807973,179.62196243669612,181.8397674560547,5744100
2025-02-11 00:00:00-05:00,179.9981892578674,181.76054652836447,179.29521939696681,181.38430786132812,3913300
2025-02-12 00:00:00-05:00,177.64178158348207,179.73087015437898,176.52297608448842,179.0972137451172,6640800
2025-02-13 00:00:00-05:00,178.52296604031443,182.69124786487035,177.83980213325003,182.4437255859375,10302000
2025-02-14 00:00:00-05:00,173.1071573943639,174.25566426190431,166.93890714520967,167.52305603027344,12452800
2025-02-18 00:00:00-05:00,170.08740849340157,172.03788532822009,167.4240813692788,170.2953338623047,10704900
2025-02-19 00:00:00-05:00,170.60224404195526,173.16657108951577,169.43394619915077,172.33489990234375,5797000
2025-02-20 00:00:00-05:00,173.80362017736476,177.00896991220603,173.16850420602842,174.66697692871094,6687300
2025-02-21 00:00:00-05:00,174.78605202944357,174.90513152875982,169.2982496813766,170.66770935058594,7365400
2025-02-24 00:00:00-05:00,172.4440556559212,173.89290667477658,167.05548129061842,167.2837371826172,7126200
2025-02-25 00:00:00-05:00,166.83718632779642,168.38528061112422,163.19519140679844,164.27687072753906,8570300
2025-02-26 00:00:00-05:00,166.1028148696853,168.9509105425278,165.1501334691872,167.22418212890625,5048500
2025-02-27 00:00:00-05:00,168.95091314559684,169.26847866477473,155.18675255602975,155.44476318359375,9543600
2025-02-28 00:00:00-05:00,156.08981409221016,158.82876399111052,152.7753031270935,156.86387634277344,9427600
2025-03-03 00:00:00-05:00,158.51117637894095,159.09668589354987,149.5203111099486,150.96917724609375,9259100
2025-03-04 00:00:00-05:00,151.89208963542544,155.03789947275573,148.40887776585723,151.7035369873047,8538600
2025-03-05 00:00:00-05:00,151.97146848003194,154.68063304390728,148.855428776668,154.1348419189453,5860000
2025-03-06 00:00:00-05:00,150.38368225097656,152.87453963360744,148.45849795001905,150.38368225097656,6967800
2025-03-07 00:00:00-05:00,150.30431006085502,155.1569969212724,149.04399639728047,154.49209594726562,5537800
2025-03-10 00:00:00-04:00,151.2569708510788,153.27147990419854,146.7516195822543,148.84552001953125,8008400
2025-03-11 00:00:00-04:00,147.83329570725223,149.3615381788272,144.26075920669552,145.868408203125,7739900
2025-03-12 00:00:00-04:00,150.5623141432996,150.5623141432996,147.30734312679036,147.922607421875,8482200
2025-03-13 00:00:00-04:00,147.7538921592584,151.89207109863912,147.23785578669805,148.80580139160156,5702200
2025-03-14 00:00:00-04:00,150.96918104251054,155.3058310315102,150.96918104251054,154.4722442626953,5138800
2025-03-17 00:00:00-04:00,151.7829159916878,156.01041986407057,151.6737547381202,154.27377319335938,4764300
2025-03-18 00:00:00-04:00,153.1424856691084,153.75774998249923,150.65162825388052,152.33865356445312,4282300
2025-03-19 00:00:00-04:00,152.01117080477113,155.87150315514722,151.62414725947636,153.2814178466797,4426500
2025-03-20 00:00:00-04:00,151.0684075582535,154.43253962020427,150.52260129461843,153.20201110839844,5480300
2025-03-21 00:00:00-04:00,149.14320576896324,151.0287169078742,147.87297401799603,150.95924377441406,15911300
2025-03-24 00:00:00-04:00,154.31347599751567,155.07760484520946,153.42034939595263,153.76766967773438,5855200
2025-03-25 00:00:00-04:00,153.65850713224845,153.76766839529427,151.35621750577064,152.46766662597656,5093700
2025-03-26 00:00:00-04:00,151.97147877995204,152.81499899046594,148.36917231385476,149.53024291992188,4850800
2025-03-27 00:00:00-04:00,148.68673476842304,148.75619276442688,145.8187873114505,146.55313110351562,6933800
2025-03-28 00:00:00-04:00,147.66457692893584,148.65694637719167,143.0202800370735,143.95310974121094,7715000
2025-03-31 00:00:00-04:00,141.68060542901952,144.5683893222457,140.08288984178463,144.01266479492188,7116300
2025-04-01 00:00:00-04:00,143.0004593789404,144.99511673946967,140.71800636684225,144.54855346679688,5869500
2025-04-02 00:00:00-04:00,142.9309883481916,148.1706984807909,142.74243570659655,146.6226043701172,4904800
2025-04-03 00:00:00-04:00,139.92411243468058,140.78746913393567,134.36683666401947,134.4759979248047,11779600
2025-04-04 00:00:00-04:00,128.1248297883845,131.44927374914593,122.994281168828,125.98130798339844,15564000
2025-04-07 00:00:00-04:00,124.01642663720473,140.48976759107157,122.79580873219827,131.8363037109375,18941900
2025-04-08 00:00:00-04:00,137.35388817663272,139.626408033771,126.52713155960174,127.97599792480469,16423700
2025-04-09 00:00:00-04:00,128.59125279222184,149.80811938996408,127.61873483764137,148.58749389648438,20667300
2025-04-10 00:00:00-04:00,141.14472572627423,142.71267153088797,132.47142500534676,137.1851806640625,16290700
2025-04-11 00:00:00-04:00,137.51267079235257,145.1142108652665,134.4660886736287,143.8340606689453,10617200
2025-04-14 00:00:00-04:00,145.75925980532128,146.57299504858076,141.05542218829518,143.42718505859375,6835900
2025-04-15 00:00:00-04:00,143.86381577864904,145.91801288602764,143.1393902424583,144.34014892578125,5259900
2025-04-16 00:00:00-04:00,136.76837195327303,140.00349107663573,133.3248485719763,137.1355438232422,9279100
2025-04-17 00:00:00-04:00,137.9294570995057,138.58440953179706,135.8950963771069,136.4111328125,6494800
2025-04-21 00:00:00-04:00,134.09892306087568,134.97219810433197,131.78669983151025,134.525634765625,8395300
2025-04-22 00:00:00-04:00,136.13324106078719,138.01875220062126,135.27981782544921,137.2447052001953,5222700
2025-04-23 00:00:00-04:00,143.74473433561923,146.70199133338738,141.65083399455725,142.4844207763672,7994300
2025-04-24 00:00:00-04:00,146.483675678531,149.25238016996974,144.24092585801915,149.02413940429688,7609200
2025-04-25 00:00:00-04:00,147.06917150982034,151.44552507457925,146.74168772514193,150.39361572265625,4805200
2025-04-28 00:00:00-04:00,149.639404296875,150.71116527462033,146.38443324254843,149.639404296875,7052500
2025-04-29 00:00:00-04:00,147.8630530086546,149.91726510737448,146.78137390604547,148.4088592529297,5721300
2025-04-30 00:00:00-04:00,144.85617597356924,149.88748142450265,143.60579586476868,149.5600128173828,7273600
2025-05-01 00:00:00-04:00,150.48292272657676,151.11803865301545,147.60505699729217,147.82337951660156,6732000
2025-05-02 00:00:00-04:00,151.62414787750595,155.50431673355806,151.52492000072462,153.91653442382812,6083200
2025-05-05 00:00:00-04:00,152.93408252469555,155.44477644830832,152.6760718751145,153.43026733398438,4069300
2025-05-06 00:00:00-04:00,150.84018046113192,153.3012528498479,150.74093744335883,151.86231994628906,3471700
2025-05-07 00:00:00-04:00,152.1798731906017,155.0081172602635,150.35390175071188,154.62109375,5499000
2025-05-08 00:00:00-04:00,156.82415553999957,157.58828431759656,154.62109397305773,154.8096466064453,4824600
2025-05-09 00:00:00-04:00,155.7325579703206,156.79440073731692,153.46995643689232,154.42263793945312,3884200
2025-05-12 00:00:00-04:00,165.16999974052231,168.50436222429659,164.38601927161014,166.7081756591797,11724100
2025-05-13 00:00:00-04:00,167.58145547956502,172.8509358206082,167.18451368236015,171.709716796875,8980200
2025-05-14 00:00:00-04:00,172.12649610549974,173.94253420632532,171.72955434085972,172.8112335205078,7069700
2025-05-15 00:00:00-04:00,170.43948652406618,175.03416282584485,169.89368019085938,173.41659545898438,12811600
2025-05-16 00:00:00-04:00,167.14480312161547,168.17687597707408,160.6844825285816,164.306640625,16540400
2025-05-19 00:00:00-04:00,161.2997471608871,164.73335261907906,161.13104614697465,164.67381286621094,7465700
2025-05-20 00:00:00-04:00,163.79058907444514,164.67379732413357,162.97683881576123,164.46539306640625,5372400
2025-05-21 00:00:00-04:00,162.2921129208238,165.02112924010052,160.43638666927015,160.9921112060547,5658600
2025-05-22 00:00:00-04:00,159.9173038798122,162.514753966256,159.5092717730899,159.7481231689453,6355700
2025-05-23 00:00:00-04:00,155.88676714965953,157.6482600311084,154.91148391177774,156.75257873535156,5733400
2025-05-27 00:00:00-04:00,159.85759225839996,161.69868715442405,158.40460619810455,161.05181884765625,8470400
2025-05-28 00:00:00-04:00,161.13144155617493,162.8829729353555,160.10639563958316,160.81297302246094,6727200
2025-05-29 00:00:00-04:00,164.6643749855906,164.7439769340671,157.68807358427568,158.71311950683594,6845600
2025-05-30 00:00:00-04:00,158.27522788031925,158.46431666918312,152.73201987815744,155.99624633789062,15273600
2025-06-02 00:00:00-04:00,155.04085403459962,156.86205603086964,154.6825845404905,156.5137481689453,5875300
2025-06-03 00:00:00-04:00,156.1753667451921,161.17123142947696,155.6081155885299,160.96224975585938,6355400
2025-06-04 00:00:00-04:00,161.7186030588818,162.69388638233588,159.40975171390315,161.15133666992188,5990600
2025-06-05 00:00:00-04:00,162.4351301139142,164.8235832319907,160.3253293534328,163.4004669189453,7386800
2025-06-06 00:00:00-04:00,164.64446532424418,168.71479444835438,164.64446532424418,165.93821716308594,5717500
2025-06-09 00:00:00-04:00,167.00306653810367,170.99379377396627,167.00306653810367,168.97354125976562,6320000
2025-06-10 00:00:00-04:00,169.75973967877147,173.55141623394127,169.17258043585542,172.9344024658203,5711600
2025-06-11 00:00:00-04:00,173.40216143597087,174.9446960148664,169.5109592731075,171.95912170410156,6133200
2025-06-12 00:00:00-04:00,171.6605681228252,174.5167625493809,171.45157124959198,174.1584930419922,4468500
2025-06-13 00:00:00-04:00,170.23744027451403,172.74532688124478,169.57066385163472,169.7696990966797,5297100
2025-06-16 00:00:00-04:00,172.18801032189774,176.02944951115532,171.95910537963655,175.70103454589844,6712900
2025-06-17 00:00:00-04:00,175.43234026651305,177.46253924358135,173.22301412492357,173.25286865234375,6631400
2025-06-18 00:00:00-04:00,174.41722654612735,174.41722654612735,170.98381950421663,172.0088653564453,4946900
2025-06-20 00:00:00-04:00,173.63102934706504,174.5266954533258,165.1121941495639,168.64512634277344,18396600
2025-06-23 00:00:00-04:00,169.44128016870187,171.46151747049007,167.90869211353737,171.13311767578125,6838800
2025-06-24 00:00:00-04:00,174.22816977859597,179.65195999888581,174.1584990899603,179.31358337402344,7254500
2025-06-25 00:00:00-04:00,180.23911543598842,182.32902345449793,179.6320480733102,182.189697265625,5431800
2025-06-26 00:00:00-04:00,182.3091124860912,183.61281077247867,181.18454136023848,182.6375274658203,5199700
2025-06-27 00:00:00-04:00,183.49339739830936,184.90656738105645,180.24906367662194,182.3290252685547,14202800
2025-06-30 00:00:00-04:00,182.9161827372184,183.88151961205782,181.65228540467538,182.189697265625,4070700
2025-07-01 00:00:00-04:00,181.56271333929402,184.04073009599006,180.0301101478886,182.87635803222656,6572300
2025-07-02 00:00:00-04:00,181.7517965645291,189.9919795216229,180.75660523941713,189.09629821777344,8800600
2025-07-03 00:00:00-04:00,188.43949482127863,191.1165468911422,188.35987768822991,190.13131713867188,3568500
2025-07-07 00:00:00-04:00,188.13097139896428,190.72842150273206,187.7030463954613,189.86260986328125,6577400
2025-07-08 00:00:00-04:00,191.21608175827075,195.35608177334032,190.59906792775942,194.05238342285156,8097100
2025-07-09 00:00:00-04:00,194.85847155570755,197.00808854035134,193.3059754619365,194.450439453125,6170800
2025-07-10 00:00:00-04:00,197.0478890043484,198.46105891132171,195.70437459606185,197.07774353027344,5229100
2025-07-11 00:00:00-04:00,195.90343236356597,197.82414446871707,195.20678623808044,196.9782257080078,4424400
2025-07-14 00:00:00-04:00,194.66939624094127,197.86396741300854,193.55478669861014,196.15223693847656,7264000
2025-07-15 00:00:00-04:00,199.11788997943378,200.14293586976802,197.54548580168444,198.33168029785156,6007100
2025-07-16 00:00:00-04:00,193.0671273936976,194.2215530370462,188.837564035846,193.87322998046875,9400000
2025-07-17 00:00:00-04:00,191.6937483025742,193.09697171635148,191.02697193658554,191.59423828125,5704000
2025-07-18 00:00:00-04:00,192.13164273602814,192.63920005147463,189.2256857688662,189.5242462158203,4757100
2025-07-21 00:00:00-04:00,189.87256693369625,193.46520861638498,189.86262048611013,191.68382263183594,5061500
2025-07-22 00:00:00-04:00,191.3454488902098,191.5743386533079,184.23978311848555,186.2401123046875,7074500
2025-07-23 00:00:00-04:00,186.77750942929288,188.4892398041616,185.24492139782055,186.11073303222656,5419800
2025-07-24 00:00:00-04:00,187.2552092244861,189.12615864803388,186.17045429074278,187.21539306640625,4819900
2025-07-25 00:00:00-04:00,184.9165219972146,185.6231146125102,183.21475311140267,184.79710388183594,6608700
2025-07-28 00:00:00-04:00,188.10112113821197,189.58396179167866,187.72295873211175,189.35507202148438,4913000
2025-07-29 00:00:00-04:00,190.69856891323798,191.5245795875452,187.046218341451,187.50401306152344,4605400
2025-07-30 00:00:00-04:00,188.81767053227975,189.9521881837256,186.83724925521264,188.47930908203125,4018500
2025-07-31 00:00:00-04:00,177.02464296857846,180.59737628614428,173.67083777838477,179.19415283203125,11375400
2025-08-01 00:00:00-04:00,175.75079839263455,180.75660966569433,175.40247534615,179.12449645996094,8393200
2025-08-04 00:00:00-04:00,181.12482326613858,182.1200146027657,179.63203626119787,181.94088745117188,4189300
2025-08-05 00:00:00-04:00,181.79160632811573,182.37876559382966,176.54694353920692,178.2885284423828,5292000
2025-08-06 00:00:00-04:00,178.01984861735005,178.37811814109546,174.6361886296622,177.2834014892578,5857800
2025-08-07 00:00:00-04:00,183.4635288608749,185.90174459692696,180.98549696755168,182.269287109375,6616600
2025-08-08 00:00:00-04:00,182.26928774770403,184.48857536819563,181.74183755262405,183.98101806640625,4338400
2025-08-11 00:00:00-04:00,186.25006215507943,188.80771131075886,182.89627203748182,183.49339294433594,7816000
2025-08-12 00:00:00-04:00,184.83690131905166,188.8176670665554,183.39387677266478,187.5438232421875,5915400
2025-08-13 00:00:00-04:00,188.88733641934402,190.22088929082008,187.82247430042324,189.11622619628906,5923400
2025-08-14 00:00:00-04:00,186.95666126724578,189.1162248321556,185.88185270852927,187.3348388671875,10992400
2025-08-15 00:00:00-04:00,161.917629514926,166.69455102926554,160.93239979765735,160.98214721679688,31803300
2025-08-18 00:00:00-04:00,161.03192187972232,163.75875184809573,160.97221282395185,162.74365234375,10125800
2025-08-19 00:00:00-04:00,163.4502321776253,164.4056073662092,160.71345597539133,161.43994140625,8921500
2025-08-20 00:00:00-04:00,161.0219617190975,161.19114242451116,157.18052254238194,160.18600463867188,9323300
2025-08-21 00:00:00-04:00,159.62710843309375,160.97445826218853,158.7687902601188,159.5272979736328,8294900
2025-08-22 00:00:00-04:00,160.36564733101568,164.67720323468663,159.66701981762574,162.172119140625,7448100
2025-08-25 00:00:00-04:00,161.99246175080773,162.3018528444476,160.43551609962796,161.673095703125,4186800
2025-08-26 00:00:00-04:00,161.69304699154972,164.4875722700828,161.36369075807505,164.1881561279297,6770200
2025-08-27 00:00:00-04:00,162.94059573002474,164.32787575106016,162.2319932888504,164.06838989257812,4633500
2025-08-28 00:00:00-04:00,164.3977587127974,165.83494407070032,163.41968015547835,164.94668579101562,7899500
2025-08-29 00:00:00-04:00,162.55136836749665,163.33983139843534,159.11809569111583,160.44549560546875,7202100
2025-09-02 00:00:00-04:00,156.41340605177857,157.9903168866329,155.70478834139965,157.26174926757812,7683400
2025-09-03 00:00:00-04:00,157.7408022987172,157.7408022987172,154.16780419585407,155.94432067871094,7335000
2025-09-04 00:00:00-04:00,155.63493170321595,159.35763031306723,155.09597959540355,157.93043518066406,6245100
2025-09-05 00:00:00-04:00,159.94647584363716,162.5314205677267,158.50930572623892,162.43161010742188,7046800
2025-09-08 00:00:00-04:00,163.48952247502586,164.32787545841683,161.53336551378035,161.73297119140625,7933600
2025-09-09 00:00:00-04:00,161.60323438716807,163.93865299471213,161.43356878531455,163.18014526367188,5315400
2025-09-10 00:00:00-04:00,163.9785793303499,165.07641823871458,162.23200289396536,163.1002960205078,5690200
2025-09-11 00:00:00-04:00,163.679160968348,170.32613542847108,163.679160968348,169.81712341308594,8999900
2025-09-12 00:00:00-04:00,167.58151087317955,169.33806219324018,166.85292805277138,167.4717254638672,5170600
2025-09-15 00:00:00-04:00,168.77916476259776,170.72534686315996,168.20029760954426,170.59559631347656,5597600
2025-09-16 00:00:00-04:00,172.12261150819194,173.75940245582578,171.24432823860496,173.2004852294922,6447500
2025-09-17 00:00:00-04:00,173.9091103268754,179.19874484888933,173.62965931625772,177.78152465820312,9588300
2025-09-18 00:00:00-04:00,187.63221203155874,191.17527014496355,183.47037170918236,189.38876342773438,15473700
2025-09-19 00:00:00-04:00,190.44669628280258,191.4746800222598,188.2909183474808,189.7281036376953,18903500
2025-09-22 00:00:00-04:00,192.81205431529415,200.75647320545536,192.0535313981764,200.12771606445312,15475500
2025-09-23 00:00:00-04:00,200.83631658174207,203.70071217236242,198.41107785647122,200.47702026367188,12417900
2025-09-24 00:00:00-04:00,198.69053009183375,203.35139207285314,197.0138088540997,201.04591369628906,6360500
2025-09-25 00:00:00-04:00,198.65060119686785,200.32732244624077,195.81616088864374,199.2095184326172,6027600
2025-09-26 00:00:00-04:00,199.6087278897398,204.79855176908558,197.00383338162123,203.52105712890625,7363300
2025-09-29 00:00:00-04:00,205.93632180375118,210.0881870168438,204.2795657001223,204.54904174804688,9295400
2025-09-30 00:00:00-04:00,203.96020082020488,209.85864244367252,202.473110300038,204.33946228027344,12253800
2025-10-01 00:00:00-04:00,204.3394586650073,218.01265337540565,203.21166448777,217.31402587890625,12699200
2025-10-02 00:00:00-04:00,224.5598178117344,225.9670629916329,218.30207995794498,223.15257263183594,11166000
2025-10-03 00:00:00-04:00,219.4797798818174,220.06862197274054,215.17821424269903,217.10443115234375,9269800
2025-10-06 00:00:00-04:00,221.9050185262134,226.04690875583006,220.33809793566104,223.47195434570312,7891900
2025-10-07 00:00:00-04:00,223.47196368378363,224.39016204043207,210.8566921980614,211.1461181640625,10543300
2025-10-08 00:00:00-04:00,209.5891701950264,218.2222418281512,208.59112652743104,217.08447265625,7875500
2025-10-09 00:00:00-04:00,216.57547147267954,220.42792056056763,215.0883809557261,219.8690185546875,6701400
2025-10-10 00:00:00-04:00,220.26823008089505,224.030858898181,209.31969004336977,209.5392608642578,12829700
2025-10-13 00:00:00-04:00,219.91892172405446,220.69739454337656,216.6054095360169,219.0506134033203,7853000
2025-10-14 00:00:00-04:00,213.4815371587937,221.2163756823578,213.29192165181425,217.76315307617188,8260000
2025-10-15 00:00:00-04:00,223.52186766150533,227.6537678577488,220.08859499043584,227.13478088378906,8033600
2025-10-16 00:00:00-04:00,230.14887625638104,231.61600166872148,223.59172203849965,227.27450561523438,7742800
2025-10-17 00:00:00-04:00,226.02695082918166,226.91520908501144,222.26432193473966,224.5498504638672,5272800
2025-10-20 00:00:00-04:00,226.70560682908015,230.8774371650694,226.08682464528175,227.68370056152344,5494800
2025-10-21 00:00:00-04:00,225.4780160099169,227.71363923293165,224.76941355784317,225.557861328125,4557500
2025-10-22 00:00:00-04:00,225.55786952545276,226.32636741581464,215.64730318760954,220.12850952148438,7498100
2025-10-23 00:00:00-04:00,217.96275865033672,230.09897345320735,217.69328259265353,228.02304077148438,7001900
2025-10-24 00:00:00-04:00,228.55200115266393,230.26863748880683,225.84729609767922,228.302490234375,5346700
2025-10-27 00:00:00-04:00,232.54417248889098,235.3287075960726,230.6778357202874,230.87744140625,7671700
2025-10-28 00:00:00-04:00,229.2306587217758,230.5680487896835,226.63575436348205,227.1946563720703,6118500
2025-10-29 00:00:00-04:00,232.44435737970605,236.9255788002345,231.54612419638124,235.28878784179688,7784500
2025-10-30 00:00:00-04:00,237.31482647022875,242.02559388708838,231.62598050506213,232.09506225585938,7317700
2025-10-31 00:00:00-04:00,233.28272926325604,237.4445694746562,229.9991571120555,232.64398193359375,6532600
2025-11-03 00:00:00-05:00,235.20894700946448,239.32088200639657,233.54221592838826,237.24496459960938,6160600
2025-11-04 00:00:00-05:00,230.96725922290278,236.50640451581492,229.32049329506233,229.7396697998047,6896400
2025-11-05 00:00:00-05:00,229.73966779350314,241.4367404657586,229.64984752090078,240.41873168945312,7230800
2025-11-06 00:00:00-05:00,240.29897697770505,240.29897697770505,232.47430308666853,233.07313537597656,9278400
2025-11-07 00:00:00-05:00,231.8156118931123,232.06512281534611,222.94300410763472,229.6199188232422,6892800
2025-11-10 00:00:00-05:00,235.7678460290554,236.07723712242108,231.60600585626347,234.62010192871094,7673700
2025-11-11 00:00:00-05:00,232.11502038699336,232.79368276318675,226.55590991315495,228.22264099121094,6237600
2025-11-12 00:00:00-05:00,230.77763206127307,231.38643930520323,228.45218849770174,230.2786102294922,5955400
2025-11-13 00:00:00-05:00,226.94513905664746,228.55198990047643,219.20032601667316,222.79327392578125,13465900
2025-11-14 00:00:00-05:00,203.35139433846993,225.71755626151366,203.00207296827668,225.56784057617188,15254400
2025-11-17 00:00:00-05:00,223.76138656810858,231.25670423612902,222.8232230867102,228.2625732421875,8713600
2025-11-18 00:00:00-05:00,226.0369206560383,227.17468980319023,218.9907349527169,224.67958068847656,12167400
2025-11-19 00:00:00-05:00,226.84533946669154,235.44848627343708,226.0568916666883,234.67001342773438,8870500
2025-11-20 00:00:00-05:00,238.7899932861328,240.75999450683594,218.9600067138672,220.22999572753906,9264000
2025-11-21 00:00:00-05:00,219.1999969482422,228.16000366210938,215.5,224.00999450683594,8596800
2025-11-24 00:00:00-05:00,222.86000061035156,233.1999969482422,222.86000061035156,230.91000366210938,8806600
2025-11-25 00:00:00-05:00,237.5500030517578,244.6199951171875,233.13999938964844,242.4600067138672,8330300
2025-11-26 00:00:00-05:00,242.8300018310547,252.66000366210938,242.8300018310547,249.97000122070312,8791100
2025-11-28 00:00:00-05:00,250.8000030517578,252.47999572753906,247.85000610351562,252.25,2916300
