date,open,high,low,close,volume
2015-11-30 00:00:00-05:00,78.90004289450562,79.3453555374734,78.46462071917692,78.86045837402344,4449700
2015-12-01 00:00:00-05:00,79.51357669760692,80.25576940022921,78.82086652848261,80.16670989990234,3767400
2015-12-02 00:00:00-05:00,79.92920750918582,81.0870339314862,79.5828524042135,80.0380630493164,3379800
2015-12-03 00:00:00-05:00,80.11723060789805,81.20577843912446,78.73180266362128,79.09795379638672,4769100
2015-12-04 00:00:00-05:00,79.49379414960747,81.28495025634766,79.32556560311285,81.28495025634766,4341700
2015-12-07 00:00:00-05:00,80.9583910281375,81.00787356985143,79.46411490806784,79.84015655517578,2962500
2015-12-08 00:00:00-05:00,79.37503850752202,80.61202640512704,79.0286834061876,80.2359848022461,2105700
2015-12-09 00:00:00-05:00,79.98858524082632,80.55265140615919,78.39534426418922,78.88024139404297,3181000
2015-12-10 00:00:00-05:00,78.96930644125152,79.13753497489188,78.33596927344989,78.55367279052734,2032800
2015-12-11 00:00:00-05:00,77.48493116006857,78.05888785275438,75.85210549386491,76.06981658935547,4490700
2015-12-14 00:00:00-05:00,75.96095892868561,76.86148223955838,75.06042806783749,76.18856048583984,3946700
2015-12-15 00:00:00-05:00,76.85158015345831,77.05939319378112,76.16876048527322,76.5645980834961,3393500
2015-12-16 00:00:00-05:00,76.8317835950607,78.27658440120479,76.31720000587583,78.06877136230469,3749400
2015-12-17 00:00:00-05:00,78.14795854194739,78.49431368722487,77.22763912736667,77.61357879638672,2654300
2015-12-18 00:00:00-05:00,77.2969088876408,78.66254095945142,76.2281494140625,76.2281494140625,6721400
2015-12-21 00:00:00-05:00,77.48493153575271,77.51461803983162,75.63439476508618,76.48544311523438,3011600
2015-12-22 00:00:00-05:00,76.71304248788977,77.27710869919869,76.05001874915348,77.04950714111328,2100400
2015-12-23 00:00:00-05:00,77.38596114277729,78.07867890695591,77.12867309177317,77.22763061523438,2652800
2015-12-24 00:00:00-05:00,77.21773622320656,77.53440484313481,76.77242357173651,77.01982116699219,1084700
2015-12-28 00:00:00-05:00,76.8515912873933,77.3859634399414,76.57449964351147,77.3859634399414,2327400
2015-12-29 00:00:00-05:00,77.68283511134844,78.92972094814765,77.62346211196854,78.61305236816406,2230200
2015-12-30 00:00:00-05:00,78.47452308826729,79.05837781031028,78.14795643866239,78.3161849975586,1814700
2015-12-31 00:00:00-05:00,78.16773987721075,78.59326403104185,77.54430067275015,77.5838851928711,2463000
2016-01-04 00:00:00-05:00,76.33700029499947,76.40627131868013,74.85261474472081,75.9114761352539,4919200
2016-01-05 00:00:00-05:00,76.26772854863695,77.15836138035995,75.8718908956517,76.24794006347656,2656800
2016-01-06 00:00:00-05:00,74.93178340513565,76.52502449166661,74.84271634658454,75.495849609375,3484400
2016-01-07 00:00:00-05:00,74.34792751361161,74.81303623137553,72.70521129871715,73.52657318115234,6972200
2016-01-08 00:00:00-05:00,74.00156528801377,74.47657197879244,72.14113814491233,72.46770477294922,3673800
2016-01-11 00:00:00-05:00,72.97238868782215,73.0614557433476,71.11196158878832,72.41822052001953,3685100
2016-01-12 00:00:00-05:00,73.19999362778354,74.49635446811074,72.28957238953811,73.68489074707031,4108100
2016-01-13 00:00:00-05:00,74.20938080348107,74.9218870881618,71.0525926115977,71.59686279296875,4727500
2016-01-14 00:00:00-05:00,71.66612910140022,72.85364201437433,70.1322686366909,72.30936431884766,4738200
2016-01-15 00:00:00-05:00,69.14268311828567,70.31040007796821,67.47027294679764,70.12237548828125,9572100
2016-01-19 00:00:00-05:00,71.11197469466161,71.43854137514911,69.17237819991149,70.0630111694336,7353700
2016-01-20 00:00:00-05:00,68.41037978336975,70.09268794784526,66.24318199998022,69.59789276123047,8083600
2016-01-21 00:00:00-05:00,69.62757296058737,69.90465703200934,68.42027160655618,68.78642272949219,4635600
2016-01-22 00:00:00-05:00,69.71663563846498,70.89425054563601,69.56820312913673,70.80519104003906,3751800
2016-01-25 00:00:00-05:00,70.4885223944938,70.65675093828143,69.07340792327281,69.19215393066406,2765100
2016-01-26 00:00:00-05:00,69.23173681056365,69.37027884922315,68.49944209908126,69.1426773071289,2931200
2016-01-27 00:00:00-05:00,68.54892345539774,69.12288769746095,66.33224308084829,66.72808074951172,5487300
2016-01-28 00:00:00-05:00,66.18378696206038,66.7973355772045,64.59054620577656,65.00617980957031,8734000
2016-01-29 00:00:00-05:00,65.79786017800897,67.39110124358201,65.43171658093549,67.35151672363281,5612300
2016-02-01 00:00:00-05:00,66.88640416312214,68.37078960003093,66.37182053364931,67.7275619506836,4396400
2016-02-02 00:00:00-05:00,66.94579639728367,67.04475393368504,63.49212779203623,63.84837341308594,7636900
2016-02-03 00:00:00-05:00,64.73900486273388,65.80776435141269,62.581701173526106,64.65983581542969,7994500
2016-02-04 00:00:00-05:00,64.99629891015671,66.66870913138321,64.15514856544823,66.50047302246094,7220400
2016-02-05 00:00:00-05:00,62.45305039098198,62.61138470307734,57.14884527330569,57.90093231201172,19063800
2016-02-08 00:00:00-05:00,56.2780026007371,56.39675616168456,52.05245131920821,53.48735809326172,18025400
2016-02-09 00:00:00-05:00,53.0519381028502,57.97020324237569,52.24047433566325,56.73321533203125,16477700
2016-02-10 00:00:00-05:00,57.89103504568191,60.94886935550461,57.772285261559084,58.1483268737793,9859700
2016-02-11 00:00:00-05:00,56.59467345771187,59.22698376330341,55.991026486400656,58.62333679199219,7779000
2016-02-12 00:00:00-05:00,59.38531682851314,59.89990427725478,58.484789736962206,59.058753967285156,5081600
2016-02-16 00:00:00-05:00,60.048341069690835,60.345217411435385,57.85144934580367,59.09833526611328,5726200
2016-02-17 00:00:00-05:00,59.75147092188038,63.749413370115995,59.26656995260825,62.829097747802734,9836700
2016-02-18 00:00:00-05:00,62.819193575052815,63.51190755972322,60.938974216647445,61.05772399902344,6724000
2016-02-19 00:00:00-05:00,61.10720155794841,61.710852250211154,60.0285479705414,61.493141174316406,4905600
2016-02-22 00:00:00-05:00,61.493145111178116,63.670240909555964,61.493145111178116,63.31399154663086,7453300
2016-02-23 00:00:00-05:00,63.05669924008535,63.11607224596904,61.79002100641022,62.245235443115234,5280400
2016-02-24 00:00:00-05:00,61.35460277207434,62.32440087902151,59.70198867069158,61.86919021606445,11909400
2016-02-25 00:00:00-05:00,69.76612426747589,70.10258138463567,66.4410998686024,68.6973648071289,18246100
2016-02-26 00:00:00-05:00,68.95465528747776,69.2812219121183,67.5692272995885,68.9942398071289,8364200
2016-02-29 00:00:00-05:00,68.4103861525294,68.44008020847019,66.94579649177926,67.04475402832031,7688100
2016-03-01 00:00:00-05:00,67.41089913266586,69.33069932816687,66.79735038154057,69.2911148071289,5146600
2016-03-02 00:00:00-05:00,68.95465327395851,69.81559956378652,68.79631519997753,69.69684600830078,4927600
2016-03-03 00:00:00-05:00,69.32081828649457,70.20155323691743,68.79632897390414,70.0630111694336,3241800
2016-03-04 00:00:00-05:00,70.43903553249561,71.42862579985297,69.89475786545923,70.32028198242188,4353000
2016-03-07 00:00:00-05:00,69.76611597351088,70.12236908460764,68.28173052726596,69.75621795654297,4624900
2016-03-08 00:00:00-05:00,69.06351417990884,70.16196011610407,68.44996542051021,69.09320068359375,4083700
2016-03-09 00:00:00-05:00,69.36037607799983,70.37966036395099,69.19214754972633,70.30049133300781,4255600
2016-03-10 00:00:00-05:00,70.69634504164804,71.56718193046765,69.06351926888223,69.96404266357422,4977700
2016-03-11 00:00:00-05:00,70.41925251789624,71.15154725861781,70.13227041207864,70.88435363769531,3426800
2016-03-14 00:00:00-04:00,70.56768510421179,71.73540201361286,70.42914305987397,71.46821594238281,3864100
2016-03-15 00:00:00-04:00,71.03279758389934,71.59686380894658,70.34997779306168,70.95362854003906,3205300
2016-03-16 00:00:00-04:00,70.52809949429908,72.160925048729,70.36976896749243,71.97290802001953,2985800
2016-03-17 00:00:00-04:00,71.77498810959281,72.41822335812962,70.8546687662956,71.9630126953125,3379700
2016-03-18 00:00:00-04:00,72.33905041409837,72.77447256807395,71.43852715471016,71.89373779296875,5995900
2016-03-21 00:00:00-04:00,71.74529950099009,71.91352804644664,70.94373374324691,71.4979019165039,2852100
2016-03-22 00:00:00-04:00,71.40884729994272,72.5171837223523,70.95362906933808,72.09165954589844,3348100
2016-03-23 00:00:00-04:00,70.94373925374525,71.82447411892839,70.74581664079776,71.03279876708984,2945900
2016-03-24 00:00:00-04:00,70.79529550762133,71.6958188123789,70.32028881117344,71.68592834472656,2698800
2016-03-28 00:00:00-04:00,71.63644143645955,71.92342353035171,70.66664716742034,71.20101928710938,2688100
2016-03-29 00:00:00-04:00,70.79528783136796,71.93331813594178,69.97392610676494,71.54737854003906,4606100
2016-03-30 00:00:00-04:00,72.24010258095322,73.88282634582362,72.20051805710352,73.52657318115234,5181100
2016-03-31 00:00:00-04:00,73.28907162375063,73.61563830791776,72.61614976697132,73.06147003173828,4226900
2016-04-01 00:00:00-04:00,72.61613753390888,75.15938444432992,72.34895146004064,74.94168090820312,4550600
2016-04-04 00:00:00-04:00,75.06043779252347,75.64430011255844,74.62502310721788,74.90210723876953,2978100
2016-04-05 00:00:00-04:00,74.10051481641975,74.72396150265922,73.58593121108619,73.80364227294922,2365400
2016-04-06 00:00:00-04:00,73.98177959127,74.89220093710219,73.69479747247986,74.79324340820312,2033300
2016-04-07 00:00:00-04:00,74.13022156313409,74.67449176104255,73.9026124458437,74.53594970703125,3843700
2016-04-08 00:00:00-04:00,74.93179300064301,75.14950411611918,73.52657631890305,74.07084655761719,2375700
2016-04-11 00:00:00-04:00,74.68439207247563,74.71407857782167,73.3583369505374,73.38803100585938,2151800
2016-04-12 00:00:00-04:00,73.75416755315028,73.76406557064007,72.67551769599456,73.49687194824219,2259700
2016-04-13 00:00:00-04:00,73.99166874100523,75.39689280624947,73.67500012418442,75.15938568115234,3099900
2016-04-14 00:00:00-04:00,75.20886737006711,75.79272205855712,74.8724102716102,75.35730743408203,2696200
2016-04-15 00:00:00-04:00,75.45627487476635,75.74325702291016,75.09012367541537,75.5156478881836,2132900
2016-04-18 00:00:00-04:00,75.44636043204686,76.48543324051181,75.07031884563722,76.46563720703125,1916100
2016-04-19 00:00:00-04:00,76.78230913791884,76.78230913791884,74.74375549914181,75.39688873291016,2365200
2016-04-20 00:00:00-04:00,75.40677748170641,75.8421996276294,75.00104938662118,75.34740447998047,2001600
2016-04-21 00:00:00-04:00,75.86200375749033,77.0099246965547,75.70366566935698,76.3469009399414,3542500
2016-04-22 00:00:00-04:00,75.43648604557154,76.06982335241028,74.56564158618609,75.68388366699219,3184500
2016-04-25 00:00:00-04:00,75.38699537465277,76.03023063100156,75.0901152409609,75.71356201171875,2456200
2016-04-26 00:00:00-04:00,76.0005339241436,76.0005339241436,75.01094367799577,75.41667175292969,1953700
2016-04-27 00:00:00-04:00,74.88231120081508,75.40679295696303,74.0213722992048,74.90210723876953,3359300
2016-04-28 00:00:00-04:00,74.5953140258789,75.84219991669961,74.17968791226362,74.5953140258789,3824800
2016-04-29 00:00:00-04:00,74.22917848364558,75.26824388017846,73.70469677635151,75.01095581054688,3228000
2016-05-02 00:00:00-04:00,75.505746378812,76.62398075119405,74.92188414900178,76.44585418701172,3287400
2016-05-03 00:00:00-04:00,75.60470879539447,75.8817929020569,73.60573194022871,74.12032318115234,3273100
2016-05-04 00:00:00-04:00,73.53645620642529,73.85312481519433,72.77447496187875,73.21978759765625,2839900
2016-05-05 00:00:00-04:00,73.33853659952598,73.8135357081729,72.87342795774379,73.04165649414062,2088600
2016-05-06 00:00:00-04:00,72.73488100610598,73.54634468267854,72.40831442224803,73.4770736694336,3080100
2016-05-09 00:00:00-04:00,73.47708007070737,74.53594139396975,73.4275975355183,73.84323120117188,2136600
2016-05-10 00:00:00-04:00,74.3479148521876,75.18907262828674,74.16978830018685,75.12969207763672,2706300
2016-05-11 00:00:00-04:00,75.19897555419846,76.11929496702021,74.99116246742915,75.00106048583984,2517500
2016-05-12 00:00:00-04:00,75.65417424696776,75.9906388697599,74.40729592420047,75.10000610351562,2730400
2016-05-13 00:00:00-04:00,75.20886108638298,76.53490843418138,75.15937855252051,75.57501220703125,3583200
2016-05-16 00:00:00-04:00,75.87188136066595,76.88126762642531,75.20885771647507,76.50521850585938,4141800
2016-05-17 00:00:00-04:00,76.65366784310918,76.74273490087295,75.77293303287139,75.9708480834961,4587700
2016-05-18 00:00:00-04:00,75.97084705223533,77.67294364441354,75.84220302607308,77.05940246582031,8010200
2016-05-19 00:00:00-04:00,81.40370660717888,81.62141769833202,79.31567030562891,80.24588012695312,13765000
2016-05-20 00:00:00-04:00,80.75057711208642,80.96828821342639,79.8797402567023,80.1766128540039,5097900
2016-05-23 00:00:00-04:00,79.94900175127002,81.24536263651964,79.86983271477274,80.87921905517578,4875800
2016-05-24 00:00:00-04:00,81.11672392896914,82.54173647937874,80.97818188100992,81.88860321044922,5805600
2016-05-25 00:00:00-04:00,82.13599941280046,83.0761072294629,81.48286615492742,82.70006561279297,4932700
2016-05-26 00:00:00-04:00,82.94746187757671,83.600595125026,82.38339568658648,82.48235321044922,4757200
2016-05-27 00:00:00-04:00,82.25475962335867,82.92768142073366,82.1459040715792,82.89798736572266,3139700
2016-05-31 00:00:00-04:00,82.69016010897958,83.18495524136931,82.29433004304744,82.8386001586914,4484500
2016-06-01 00:00:00-04:00,81.21568208222664,82.97715174841018,81.05735154761344,82.58131408691406,4172400
2016-06-02 00:00:00-04:00,82.34381050735387,82.50214858424582,81.59171974206717,82.37349700927734,3684300
2016-06-03 00:00:00-04:00,82.13599406801889,82.14589208491158,81.2651573308308,81.69068145751953,2826900
2016-06-06 00:00:00-04:00,81.99745994106694,82.53183965519841,81.64120679831264,81.9677734375,2585500
2016-06-07 00:00:00-04:00,82.11621322706132,82.47245881863303,81.89850213500745,82.27454376220703,2605400
2016-06-08 00:00:00-04:00,82.26464212796613,82.69016627555351,82.07662509761946,82.48235321044922,2344600
2016-06-09 00:00:00-04:00,81.94797405065133,82.42298073822413,81.78964352144384,81.86881256103516,1852100
2016-06-10 00:00:00-04:00,81.14641612393201,81.73027085985969,80.70110344568128,80.97818756103516,2322100
2016-06-13 00:00:00-04:00,80.40422403887555,82.12610930737635,79.95891135649678,80.6417236328125,4618100
2016-06-14 00:00:00-04:00,80.27557418027207,80.86932689706902,79.9292115079964,80.24588012695312,3540300
2016-06-15 00:00:00-04:00,80.97818983679431,81.75006919410846,80.89902078733232,81.13652038574219,3574400
2016-06-16 00:00:00-04:00,80.34484087729899,80.98806854836529,79.37503903711709,80.79015350341797,3045000
2016-06-17 00:00:00-04:00,80.68128687926853,80.68128687926853,79.335443618596,79.6620101928711,5691300
2016-06-20 00:00:00-04:00,80.6318302284831,81.43339604757016,80.2854675437152,80.3745346069336,3448300
2016-06-21 00:00:00-04:00,80.72088517324275,81.01776530053422,80.38442807562265,80.78025817871094,3184200
2016-06-22 00:00:00-04:00,80.71099449373395,80.95839210564458,79.63234452979202,79.7807846069336,4222600
2016-06-23 00:00:00-04:00,80.31514855095956,81.46306931835983,79.94899743938842,81.4234848022461,2777100
2016-06-24 00:00:00-04:00,78.58338021551602,79.67192818607342,77.51462073170654,77.64326477050781,6815700
2016-06-27 00:00:00-04:00,76.6536671819415,76.88127628317439,74.72396903008183,75.27813720703125,6020700
2016-06-28 00:00:00-04:00,76.74272918701172,77.09898229159161,75.8026138916024,76.74272918701172,4781100
2016-06-29 00:00:00-04:00,77.4354575676254,78.82088579448556,77.08910239840448,78.17765045166016,5493600
2016-06-30 00:00:00-04:00,78.52398584429145,79.12763650860592,78.26669026196694,78.58336639404297,4644300
2016-07-01 00:00:00-04:00,78.76149342603671,80.00837939834153,78.50420536744667,78.9990005493164,2967300
2016-07-05 00:00:00-04:00,78.27659838871928,78.41514043940923,77.44534608457958,77.85107421875,4163400
2016-07-06 00:00:00-04:00,77.66304995595836,77.91044753060785,76.92085723200988,77.6828384399414,4121200
2016-07-07 00:00:00-04:00,77.68283655572563,78.27658921048784,77.57398102152217,77.94013214111328,3085900
2016-07-08 00:00:00-04:00,78.60315744904116,80.25577143001664,78.47451342865723,80.04795837402344,3558900
2016-07-11 00:00:00-04:00,80.21619153094412,80.97818033010148,80.20630106340458,80.80995178222656,2928600
2016-07-12 00:00:00-04:00,81.09692929388046,81.59172448798584,80.3745325384729,81.07714080810547,3499400
2016-07-13 00:00:00-04:00,81.51256575266098,81.62142130304501,80.43390826703063,80.48339080810547,2474600
2016-07-14 00:00:00-04:00,81.14641309936023,81.16620158544399,80.59224488930802,80.71099090576172,1791700
2016-07-15 00:00:00-04:00,81.00786107530897,81.05734360939077,80.19639734620027,80.55265045166016,2253800
2016-07-18 00:00:00-04:00,80.66151216777456,81.21568035207835,80.3052590350149,80.78025817871094,2177300
2016-07-19 00:00:00-04:00,80.84951587436424,80.9385829178598,80.30524579734872,80.52295684814453,2164300
2016-07-20 00:00:00-04:00,81.19589074937115,81.8688124853248,80.57244400063493,81.28495025634766,4267800
2016-07-21 00:00:00-04:00,81.59171048605621,82.22504762182626,80.58233178528967,80.84951782226562,3195800
2016-07-22 00:00:00-04:00,81.13650576115006,81.80942746033283,80.38442257675003,81.69068145751953,2578700
2016-07-25 00:00:00-04:00,81.72038181319728,81.81933934897732,81.06724848709212,81.33444213867188,2633100
2016-07-26 00:00:00-04:00,81.14641223905647,81.3344368297489,80.58234601695473,80.9089126586914,3010000
2016-07-27 00:00:00-04:00,81.06725278923265,81.26517542127229,80.20631387728363,80.65162658691406,3570100
2016-07-28 00:00:00-04:00,81.06724860172409,81.85892398903597,80.84953749271452,81.47298431396484,2448200
2016-07-29 00:00:00-04:00,81.39381426808647,81.55215236359948,80.03807263766622,80.94850158691406,2996300
2016-08-01 00:00:00-04:00,80.9287036904577,80.94849972692992,79.71151169656716,80.1766128540039,4171900
2016-08-02 00:00:00-04:00,79.96878073538613,80.00836524893226,78.77137751301812,79.6620101928711,4267700
2016-08-03 00:00:00-04:00,79.6917211858555,79.89953428336895,79.00890132975681,79.5729751586914,2657500
2016-08-04 00:00:00-04:00,79.70160128708787,80.27556545593592,79.48389021959554,79.72138977050781,2467400
2016-08-05 00:00:00-04:00,80.0281801201248,80.48339080810547,79.82036703756683,80.48339080810547,3033500
2016-08-08 00:00:00-04:00,80.53286343044937,80.671405481413,80.19640632095926,80.3250503540039,2682600
2016-08-09 00:00:00-04:00,80.26567465555141,80.78025832045427,80.15681911201855,80.33494567871094,2785300
2016-08-10 00:00:00-04:00,80.45369498051525,80.61202550365113,79.10785155897342,79.40472412109375,3376200
2016-08-11 00:00:00-04:00,79.58285736060613,80.79015884453571,79.36514626678597,80.63182830810547,3448600
2016-08-12 00:00:00-04:00,80.46358956625515,80.93859625992646,79.75108330073583,80.78025817871094,3275100
2016-08-15 00:00:00-04:00,78.52398909846376,78.91982672998844,77.39585675610203,78.09846496582031,10886100
2016-08-16 00:00:00-04:00,78.17764295744539,78.17764295744539,77.10888349489373,77.14846801757812,4797700
2016-08-17 00:00:00-04:00,76.61409120324106,76.64377770889068,75.08023052819418,75.52554321289062,8141600
2016-08-18 00:00:00-04:00,75.57501819005725,76.35679547713235,75.3770955889131,76.1093978881836,6200200
2016-08-19 00:00:00-04:00,75.92136359644135,76.76251378131326,75.71355055429471,76.67345428466797,3289300
2016-08-22 00:00:00-04:00,76.67346328845727,76.84169183519192,76.15887208083045,76.44585418701172,4059000
2016-08-23 00:00:00-04:00,77.00993251493057,77.46514323956548,76.8713904487363,77.20784759521484,4328600
2016-08-24 00:00:00-04:00,77.18803712501433,77.87085679249658,76.77241104479653,77.0099105834961,3661700
2016-08-25 00:00:00-04:00,77.32659234041132,79.40473064591737,77.29690583675739,79.32556915283203,7495900
2016-08-26 00:00:00-04:00,79.55316780361585,79.85993839678363,78.63284847413729,79.19691467285156,4271500
2016-08-29 00:00:00-04:00,79.37504057740475,79.40472707972542,78.89014342289178,79.08805847167969,4582800
2016-08-30 00:00:00-04:00,79.16722909915804,79.38494018717678,78.52399385273232,78.9990005493164,3352700
2016-08-31 00:00:00-04:00,79.17711624981446,79.26617574633956,78.11825500793981,78.59325408935547,10307100
2016-09-01 00:00:00-04:00,74.66459377693054,75.75314927319491,73.28906370435179,75.11981201171875,27418500
2016-09-02 00:00:00-04:00,75.2088701719824,75.67397886656839,73.87292464602783,74.3182373046875,8153000
2016-09-06 00:00:00-04:00,74.15000579289725,74.83282555559586,73.77396417502098,74.63490295410156,5146000
2016-09-07 00:00:00-04:00,74.28854475592632,74.82292443282087,73.80364761484559,74.22917175292969,5566800
2016-09-08 00:00:00-04:00,74.21927846588032,74.23906695148203,73.59583924475808,74.10052490234375,5122200
2016-09-09 00:00:00-04:00,73.74427330135985,74.90209980758229,73.42760467529297,73.42760467529297,6915100
2016-09-12 00:00:00-04:00,73.0119808668257,73.9323002706082,72.73489675385477,73.58594512939453,5197800
2016-09-13 00:00:00-04:00,72.883331230174,73.22968634478265,71.89374087416341,72.29946899414062,6780300
2016-09-14 00:00:00-04:00,72.29946866708327,73.73437920679274,72.2400956619833,73.05155944824219,5828700
2016-09-15 00:00:00-04:00,72.75467892696966,73.52656573894592,72.59634839757273,73.21978759765625,4288800
2016-09-16 00:00:00-04:00,72.99220074432512,73.20991187231424,72.46771896324769,72.52709197998047,7317400
2016-09-19 00:00:00-04:00,72.95260332064856,73.01197632688596,71.84425938770667,72.24009704589844,3881800
2016-09-20 00:00:00-04:00,72.77447065734842,73.02186822925265,71.90363392223638,72.15103149414062,4833500
2016-09-21 00:00:00-04:00,72.45780064501697,73.48697542993364,71.35935484332585,73.40780639648438,6315800
2016-09-22 00:00:00-04:00,74.21926557740578,74.43697663109536,73.53644591810193,73.81352996826172,5155700
2016-09-23 00:00:00-04:00,72.32914773457344,72.43800326605042,69.3702750016365,69.65725708007812,23179200
2016-09-26 00:00:00-04:00,69.76612118508547,70.46872944279639,69.15257243681415,69.4593505859375,11726700
2016-09-27 00:00:00-04:00,69.241631748401,69.91455342766845,69.083293682703,69.32080078125,8179500
2016-09-28 00:00:00-04:00,69.65726644940783,70.98332148850153,69.4197668715013,70.87446594238281,7467300
2016-09-29 00:00:00-04:00,70.85466944770614,71.36926067147455,70.40935679826941,70.45883178710938,5323400
2016-09-30 00:00:00-04:00,70.55779976257155,71.04269695298038,70.50831722172391,70.58748626708984,5817000
2016-10-03 00:00:00-04:00,70.40935834291776,70.75571347229751,69.30101437892692,69.7859115600586,4679900
2016-10-04 00:00:00-04:00,69.85517443146502,72.19060810262363,69.4890308588516,71.87393951416016,11238200
2016-10-05 00:00:00-04:00,67.49995062359523,68.8754804788574,66.07493823542023,67.707763671875,48274000
2016-10-06 00:00:00-04:00,70.39945018667645,71.25049841057854,69.7760110435747,70.51820373535156,18527100
2016-10-07 00:00:00-04:00,70.50830919133801,70.68643574813619,69.4791343687236,70.1718521118164,6707400
2016-10-10 00:00:00-04:00,72.8140632232371,74.94168408678172,72.8140632232371,74.3182373046875,22522700
2016-10-11 00:00:00-04:00,73.13072707997148,73.15051556463197,70.80519130864789,71.66613006591797,16425400
2016-10-12 00:00:00-04:00,71.50780540089633,71.91353354448593,71.09217168920183,71.47811889648438,6301800
2016-10-13 00:00:00-04:00,70.63695285641997,70.63695285641997,69.76611611089898,69.89476013183594,6686800
2016-10-14 00:00:00-04:00,70.24112634179542,75.36720465510179,68.8952828622418,73.49687194824219,25005600
2016-10-17 00:00:00-04:00,73.3286375895878,73.96197475918946,71.9827942166906,72.07186126708984,8777200
2016-10-18 00:00:00-04:00,73.22968881986985,73.39791737408355,71.84426076463397,72.01248931884766,5248400
2016-10-19 00:00:00-04:00,71.85415288365417,74.7140682704041,71.6859243432512,72.06196594238281,3668800
2016-10-20 00:00:00-04:00,72.21040737158856,72.21040737158856,71.49790112812885,71.83435821533203,5054500
2016-10-21 00:00:00-04:00,71.58696684241924,73.49687664124114,71.4781188429821,73.22969055175781,6789700
2016-10-24 00:00:00-04:00,73.65520161597063,74.55572480533684,73.50676157047803,74.27864074707031,6329300
2016-10-25 00:00:00-04:00,74.27864074707031,74.47656332438521,73.79374364510389,74.27864074707031,4447200
2016-10-26 00:00:00-04:00,73.87291960643097,75.36720311795403,73.55625100299314,74.16979217529297,5748200
2016-10-27 00:00:00-04:00,74.70417551044365,75.36720680158926,73.84323671369219,73.96198272705078,4019400
2016-10-28 00:00:00-04:00,74.2093736130362,74.71406677411254,74.04114507600234,74.34791564941406,4827800
2016-10-31 00:00:00-04:00,74.53593977213485,75.20886146619983,74.09062716502223,74.37760925292969,4113500
2016-11-01 00:00:00-04:00,75.19896862351106,76.28751649910959,74.45677586060637,74.66458892822266,7141700
2016-11-02 00:00:00-04:00,74.36771649107415,74.8625116672623,74.1401073880385,74.21927642822266,4084800
2016-11-03 00:00:00-04:00,74.25886561009615,74.6151187633143,72.96250458309304,73.36823272705078,3883200
2016-11-04 00:00:00-04:00,73.36823134107688,74.39740625871245,73.09114723824723,73.59584045410156,4280800
2016-11-07 00:00:00-05:00,74.8526192579849,76.19846284205035,74.6250176878717,75.50575256347656,5977500
2016-11-08 00:00:00-05:00,75.5651187305417,76.23804046164037,75.20886560525564,75.75314331054688,4031100
2016-11-09 00:00:00-05:00,74.44687777321768,75.75313660023136,74.130209195456,75.10990142822266,6880900
2016-11-10 00:00:00-05:00,75.42657589156471,75.93126907205759,71.51768957202188,72.86353302001953,10200200
2016-11-11 00:00:00-05:00,73.03176034815694,74.28853658994572,73.03176034815694,73.81352996826172,8881800
2016-11-14 00:00:00-05:00,74.13022255279249,74.25886659038449,71.78489052147499,72.00260162353516,7241700
2016-11-15 00:00:00-05:00,73.71458223910962,73.9520893564549,72.54686533707489,73.24947357177734,6216400
2016-11-16 00:00:00-05:00,73.43750793373542,73.8333456320596,72.37864643195445,72.546875,10638700
2016-11-17 00:00:00-05:00,72.94270577661771,74.62501394736331,72.55676613361778,74.40730285644531,12539100
2016-11-18 00:00:00-05:00,78.74169951187203,79.53337476827136,76.45574834523178,76.96043395996094,19903000
2016-11-21 00:00:00-05:00,77.24742109594789,77.494818685981,75.01095231803073,75.35730743408203,8549800
2016-11-22 00:00:00-05:00,74.95156135056607,75.86199009339721,74.31822421205915,74.78333282470703,7873800
2016-11-23 00:00:00-05:00,74.30833099208799,74.41718652760505,72.7744705779402,73.1801986694336,8233800
2016-11-25 00:00:00-05:00,73.1900954304969,73.39790848110708,72.73488481249727,72.96249389648438,2346100
2016-11-28 00:00:00-05:00,72.78437855253365,73.16042019487367,72.03228771787785,72.17082977294922,6436900
2016-11-29 00:00:00-05:00,72.00260121321624,72.5567694335017,71.65624607553784,72.17082977294922,7435000
2016-11-30 00:00:00-05:00,72.44790692964548,72.53697398505756,71.25050354003906,71.25050354003906,6261900
2016-12-01 00:00:00-05:00,71.38904529038804,71.46821432821447,67.49995501937134,67.74735260009766,10907300
2016-12-02 00:00:00-05:00,65.89680695804125,68.73693351400189,65.73847645403636,67.69786834716797,15967600
2016-12-05 00:00:00-05:00,68.37080475235338,70.72603499953144,68.31143173771072,70.0630111694336,10209600
2016-12-06 00:00:00-05:00,70.05309333434711,70.60726144752437,69.26141812983019,69.8848648071289,4234100
2016-12-07 00:00:00-05:00,69.9937333615244,71.25050986634423,69.53851512673303,71.03279876708984,4919700
2016-12-08 00:00:00-05:00,70.6963428250068,71.51769714496865,70.26092061926137,71.11196899414062,5426600
2016-12-09 00:00:00-05:00,71.25051536202265,71.4682264780695,69.87498518333727,70.42915344238281,5126800
2016-12-12 00:00:00-05:00,70.08278389810752,70.11247039875325,68.85569405491135,69.6473617553711,6100900
2016-12-13 00:00:00-05:00,69.70675163765763,71.3791543143586,69.61768457382314,70.86457061767578,5895400
2016-12-14 00:00:00-05:00,70.96352790761445,71.12186599834631,70.38956365367501,70.58748626708984,5071600
2016-12-15 00:00:00-05:00,70.45883589333103,71.20102871896293,69.41977046743189,69.49893951416016,4740200
2016-12-16 00:00:00-05:00,69.74633841032376,69.90466895672746,68.89529001722285,69.1327896118164,7224800
2016-12-19 00:00:00-05:00,69.27131985448064,69.34059087233612,68.41037358972692,68.78642272949219,4526000
2016-12-20 00:00:00-05:00,69.23174714706572,69.33070468231504,68.41038525954201,69.1327896118164,5262100
2016-12-21 00:00:00-05:00,69.23174029571476,69.61767992997672,68.58850505528643,69.38018035888672,3515800
2016-12-22 00:00:00-05:00,69.05361734389682,69.33070144966584,68.49944913235879,69.17237091064453,3468600
2016-12-23 00:00:00-05:00,68.96455075028456,69.28121934578841,68.58850160251602,69.1426773071289,2274000
2016-12-27 00:00:00-05:00,69.11298101160182,69.69684319839902,68.91506597707968,69.12287902832031,2939700
2016-12-28 00:00:00-05:00,69.12287929829469,69.330692350347,68.13328902186964,68.37078857421875,4313700
2016-12-29 00:00:00-05:00,68.13328805315909,69.09319181563954,68.0541190201768,68.43016815185547,3229100
2016-12-30 00:00:00-05:00,68.6379854007074,68.65777388517651,67.51975105381544,67.74735260009766,4523300
2017-01-03 00:00:00-05:00,68.56871430715702,70.12237081046646,68.2817322078228,69.80570220947266,8112200
2017-01-04 00:00:00-05:00,70.34007880599583,72.30936134616815,70.02341021888282,72.04217529296875,9289500
2017-01-05 00:00:00-05:00,72.05207608407238,72.89323398128488,71.77499197439211,72.03228759765625,4695600
2017-01-06 00:00:00-05:00,72.1312455169512,73.35833553068437,71.7947883962404,73.03177642822266,4466100
2017-01-09 00:00:00-05:00,73.27916868131862,73.66510831510479,72.7447889845435,73.19010162353516,3933100
2017-01-10 00:00:00-05:00,73.34844195205278,73.52656852310376,72.67552018919082,73.20989990234375,3994800
2017-01-11 00:00:00-05:00,73.49686911044076,75.28803270817349,73.2890560510303,74.98125457763672,7591300
2017-01-12 00:00:00-05:00,74.38750898363475,74.96147323092842,73.22969002097297,74.42709350585938,4681700
2017-01-13 00:00:00-05:00,74.06094758520592,74.99116504845435,73.92240552259142,74.85262298583984,3690000
2017-01-17 00:00:00-05:00,74.5161510684889,74.5161510684889,73.59583180652837,74.23905944824219,3152500
2017-01-18 00:00:00-05:00,74.80313294418968,75.42657971344015,74.29844728809934,74.99115753173828,3969500
2017-01-19 00:00:00-05:00,74.93177286810146,75.37708544831048,74.5557237515057,74.78333282470703,3274300
2017-01-20 00:00:00-05:00,74.97136982572866,75.3276229690116,74.6448031860567,75.23855590820312,4593600
2017-01-23 00:00:00-05:00,74.91199214872789,76.15887819815816,74.91199214872789,75.3672103881836,3770900
2017-01-24 00:00:00-05:00,75.52553473414737,76.65366712204148,75.15938358896325,76.30731201171875,3730300
2017-01-25 00:00:00-05:00,76.7229502388372,77.77191375259639,76.44586610689902,77.65316772460938,5690400
2017-01-26 00:00:00-05:00,78.17763795502073,78.25680699532367,76.47554133838374,77.13856506347656,4121000
2017-01-27 00:00:00-05:00,77.37606265260348,77.75210422275588,77.10886906198985,77.3958511352539,2219300
2017-01-30 00:00:00-05:00,76.9901322253534,77.95992654005695,76.29741445058994,77.89065551757812,4964000
2017-01-31 00:00:00-05:00,77.63336839119201,79.16723662070865,77.3562842710157,78.27660369873047,7835200
2017-02-01 00:00:00-05:00,78.0885676210912,78.47450720159296,76.64375926078175,77.76200103759766,6199700
2017-02-02 00:00:00-05:00,77.51461737018961,79.4245271325144,77.07919518085892,79.2958755493164,7676100
2017-02-03 00:00:00-05:00,79.55317235193341,79.86984098072054,78.97920810288937,79.37504577636719,4975400
2017-02-06 00:00:00-05:00,79.1870087392469,79.28597380454669,78.52398508159534,78.9198226928711,2664200
2017-02-07 00:00:00-05:00,79.44431680297762,79.6917144051543,78.71202201452786,79.37504577636719,3628200
2017-02-08 00:00:00-05:00,79.1672293384738,79.98859115485455,78.80107818479223,79.85993957519531,2568000
2017-02-09 00:00:00-05:00,79.85994153767062,81.12662358019287,79.65212846154738,80.18650817871094,5147500
2017-02-10 00:00:00-05:00,80.56255644742241,81.14641114754458,79.7016100989634,79.80056762695312,3061900
2017-02-13 00:00:00-05:00,80.33493506318224,80.45368860861007,79.6224288905639,80.0677490234375,4327500
2017-02-14 00:00:00-05:00,80.10733848103195,80.45370115505008,79.7213988356736,80.07765197753906,4809500
2017-02-15 00:00:00-05:00,80.3844248715025,81.96776787066942,80.04796023731862,80.81983947753906,5271900
2017-02-16 00:00:00-05:00,80.67140901563465,80.86933163280766,79.6620300929678,79.97869873046875,5234700
2017-02-17 00:00:00-05:00,79.73130009255313,80.62193298339844,79.41463145913877,80.62193298339844,3674100
2017-02-21 00:00:00-05:00,80.8297364027471,81.56203111434858,80.44379678785073,81.32453155517578,4325000
2017-02-22 00:00:00-05:00,81.14640164559938,81.53234124455001,80.85941956305093,81.22557067871094,2741400
2017-02-23 00:00:00-05:00,81.47297094515733,82.26463865258933,80.9781757967718,81.2156753540039,5595200
2017-02-24 00:00:00-05:00,80.56255208995539,80.96828019776086,80.12712993038119,80.92869567871094,4434200
2017-02-27 00:00:00-05:00,80.78025976630023,81.06724188166204,80.057863018989,80.69120025634766,3289300
2017-02-28 00:00:00-05:00,80.6516138912942,80.97818052027142,79.85004812014581,80.503173828125,10533000
2017-03-01 00:00:00-05:00,82.00735882638632,83.52143092412022,81.25526801150768,82.93756866455078,14319200
2017-03-02 00:00:00-05:00,82.69017550846903,82.82871756734103,81.49277197108894,81.80944061279297,5884800
2017-03-03 00:00:00-05:00,81.14640178755356,81.73025642032988,80.80004670455281,81.3641128540039,6217200
2017-03-06 00:00:00-05:00,80.90891008037566,81.85891592153772,80.77036803374631,81.64120483398438,5328500
2017-03-07 00:00:00-05:00,82.49225525970334,83.51153215026024,81.9479775268936,82.10631561279297,5431800
2017-03-08 00:00:00-05:00,82.09641646829411,82.96725327886344,82.07662798281599,82.61100769042969,3732400
2017-03-09 00:00:00-05:00,82.32402642696499,82.70996607256762,81.94797724921595,82.4130859375,3646900
2017-03-10 00:00:00-05:00,82.69017628687908,83.07611596165218,82.37350764219407,82.64070129394531,3930000
2017-03-13 00:00:00-04:00,82.60110487140109,82.86829093468968,82.21516525222036,82.7396469116211,3463700
2017-03-14 00:00:00-04:00,82.55163422670289,82.74955684836604,81.86882194439912,82.64070129394531,2933500
2017-03-15 00:00:00-04:00,82.69016918231753,82.89798225472695,82.13600098922572,82.61100769042969,3074100
2017-03-16 00:00:00-04:00,83.07611317408534,83.12559571533478,82.40319138296218,82.65058898925781,3762100
2017-03-17 00:00:00-04:00,83.06621842553663,83.10580294650129,82.15578954330014,82.16568756103516,7828200
2017-03-20 00:00:00-04:00,82.16568473668084,82.75943743079043,81.94797365384646,82.03704071044922,3428700
2017-03-21 00:00:00-04:00,82.13599856000447,82.31412512394083,80.52296901711833,80.70109558105469,4206200
2017-03-22 00:00:00-04:00,80.83962429599268,81.11670833865666,80.29534667649277,81.02764129638672,3057000
2017-03-23 00:00:00-04:00,81.14641634165463,81.54225402892618,80.61203659633443,80.6714096069336,3056700
2017-03-24 00:00:00-04:00,81.02765359671884,81.39380473723602,80.4437989253273,80.76046752929688,3701800
2017-03-27 00:00:00-04:00,80.15681682329627,80.93859409090321,79.66202165772037,80.76046752929688,3403000
2017-03-28 00:00:00-04:00,80.59224003550204,81.49276332260133,80.45369799133293,81.28495025634766,3216000
2017-03-29 00:00:00-04:00,81.18600379864726,81.5818415002205,80.80996213463958,81.5224609375,2874000
2017-03-30 00:00:00-04:00,81.39381379083335,81.73027091686173,81.16620466736198,81.7005844116211,3483000
2017-03-31 00:00:00-04:00,81.41359080549512,82.06672402865819,81.33442931933355,81.63130187988281,3174000
2017-04-03 00:00:00-04:00,81.7500661847219,82.11621736252276,80.70110274288136,81.45318603515625,4224200
2017-04-04 00:00:00-04:00,81.87870650180649,82.26464614871685,81.67089342654516,82.10631561279297,4441500
2017-04-05 00:00:00-04:00,82.32402404488845,85.52039666341433,82.14589747899711,84.4516372680664,13289300
2017-04-06 00:00:00-04:00,84.53080711026867,84.56049361320294,83.49174175769268,84.11518096923828,5014400
2017-04-07 00:00:00-04:00,83.81830130678448,83.9667413722579,82.94746449930263,83.50163269042969,4876400
2017-04-10 00:00:00-04:00,83.25424259005314,83.72924933231909,82.98705648813706,83.36309814453125,3401300
2017-04-11 00:00:00-04:00,83.19485835041303,83.39277339549359,82.43287712188037,82.98704528808594,2536200
2017-04-12 00:00:00-04:00,82.957354479898,83.20475204839349,82.33390777530563,82.50214385986328,3098400
2017-04-13 00:00:00-04:00,82.33391946451438,83.18496782496284,82.2646484375,82.2646484375,2594700
2017-04-17 00:00:00-04:00,82.38339380670737,83.35319563837291,82.13599622770826,83.32350158691406,2960800
2017-04-18 00:00:00-04:00,83.12558224147439,83.52141985738109,82.66047360903212,82.8386001586914,2498200
2017-04-19 00:00:00-04:00,83.20477026580933,83.33341431160231,82.48236588564559,82.63080596923828,2840600
2017-04-20 00:00:00-04:00,83.0761066415916,83.48184230800075,82.59120948537411,83.1750717163086,4012300
2017-04-21 00:00:00-04:00,83.1354967539772,83.52143642982192,82.77924358397037,82.91778564453125,2946100
2017-04-24 00:00:00-04:00,83.63028024834902,83.76882228946769,82.87818948943695,83.29381561279297,3193800
2017-04-25 00:00:00-04:00,83.68966364005105,84.24383187331438,83.47195253413305,83.86779022216797,3016500
2017-04-26 00:00:00-04:00,83.86778166746689,84.23393281279674,83.51152853957166,84.0656967163086,2165000
2017-04-27 00:00:00-04:00,84.49122826462052,85.42144568557478,84.40216874983597,84.95633697509766,2944500
2017-04-28 00:00:00-04:00,84.88706894602068,85.32249116695318,84.39227371313412,85.2235336303711,2919200
2017-05-01 00:00:00-04:00,85.35217597524365,85.97561523828887,85.35217597524365,85.7579116821289,3290000
2017-05-02 00:00:00-04:00,85.88654570471029,86.2922738142973,85.21362397785674,86.18341827392578,3503200
2017-05-03 00:00:00-04:00,86.06467398675805,86.15373349431059,85.29279472140196,85.6490478515625,2786700
2017-05-04 00:00:00-04:00,85.84696335183335,86.22300496898573,85.39175269423565,85.61935424804688,2140100
2017-05-05 00:00:00-04:00,85.54020028021802,86.07458002525587,85.3224891748349,86.06468200683594,2595800
2017-05-08 00:00:00-04:00,86.0250815630432,86.26258111133781,85.71831099858038,85.955810546875,2168400
2017-05-09 00:00:00-04:00,86.12404967401643,86.70791192495354,85.99540564244236,86.22300720214844,2887000
2017-05-10 00:00:00-04:00,86.4704016984769,86.70790881745229,85.99540256047645,86.40113067626953,2920700
2017-05-11 00:00:00-04:00,86.47039993329103,87.03446611688634,85.66883418554376,86.79696655273438,2731600
2017-05-12 00:00:00-04:00,87.05425971594038,88.35062059022248,86.65842208677778,88.11312103271484,5586600
2017-05-15 00:00:00-04:00,88.34073745736079,89.00376880665844,88.1230338971176,88.86522674560547,4053900
2017-05-16 00:00:00-04:00,89.07303047102867,89.34021654639984,88.47927776466754,88.81573486328125,6422300
2017-05-17 00:00:00-04:00,88.8157502012444,88.8157502012444,86.65844254059672,86.92562866210938,5619200
2017-05-18 00:00:00-04:00,86.96519187112946,87.4797830493468,86.26258367200268,86.8365478515625,10180000
2017-05-19 00:00:00-04:00,90.00323736450702,90.05271990092612,85.54019041858601,86.49019622802734,15733500
2017-05-22 00:00:00-04:00,86.62873979130597,88.1230233276981,85.96571607150703,88.01416778564453,6058400
2017-05-23 00:00:00-04:00,87.80635477541507,88.3209384336557,87.24228857985459,87.56884765625,4344600
2017-05-24 00:00:00-04:00,87.5094708901291,88.78604328836501,87.41051336971795,88.66728973388672,4577200
2017-05-25 00:00:00-04:00,89.03344521394742,90.85428783838601,88.97407220879514,90.31990814208984,7407100
2017-05-26 00:00:00-04:00,89.98344848923037,90.15167703236482,89.51833982882044,89.88449096679688,5284500
2017-05-30 00:00:00-04:00,89.55793142143361,90.12199764882925,89.5282449173563,89.9141845703125,4626500
2017-05-31 00:00:00-04:00,89.74595155302107,90.02303564393746,88.5485481315751,88.70687866210938,6030100
2017-06-01 00:00:00-04:00,89.0631349532671,89.69647219782563,88.39021318717673,89.11261749267578,4890600
2017-06-02 00:00:00-04:00,89.30063580280428,90.14178613488892,88.89490766378842,89.9141845703125,4969200
2017-06-05 00:00:00-04:00,90.05272272460064,90.92355952306721,89.8053251346979,90.42876434326172,5537300
2017-06-06 00:00:00-04:00,90.05272246699282,90.99283028594385,89.8548074156269,90.15167999267578,4296700
2017-06-07 00:00:00-04:00,90.49803267178545,91.03241235606085,89.676678435746,90.43865966796875,3484000
2017-06-08 00:00:00-04:00,90.43865953469394,90.66626863228093,89.64698425175443,90.30011749267578,3804900
2017-06-09 00:00:00-04:00,90.14177637405908,90.27042794443075,84.34278418963127,86.36154174804688,11672200
2017-06-12 00:00:00-04:00,85.22352494331676,85.93602366406664,82.68027800751867,85.28289794921875,9281600
2017-06-13 00:00:00-04:00,86.91571744739262,87.39071656114638,85.89644065123898,86.36154174804688,5308000
2017-06-14 00:00:00-04:00,86.77717970800067,87.1730098057421,85.16414261480122,86.26258850097656,3554800
2017-06-15 00:00:00-04:00,85.09487938718725,85.48081905281892,84.01622943708232,85.37196350097656,6661600
2017-06-16 00:00:00-04:00,85.18394351916166,86.07457638994268,84.96623242297345,85.10477447509766,8005000
2017-06-19 00:00:00-04:00,85.78758813272674,86.79696694744402,85.71831711161845,86.62873840332031,4835500
2017-06-20 00:00:00-04:00,86.71779835651424,86.87613643413597,85.88654609892538,86.01519012451172,3095500
2017-06-21 00:00:00-04:00,86.58914079910329,86.88602087326122,85.53027960790179,86.64851379394531,3794700
2017-06-22 00:00:00-04:00,86.95530432355294,88.07353866956883,86.33185758862706,87.54905700683594,4413000
2017-06-23 00:00:00-04:00,87.37093549904996,87.935001713282,86.5990562111509,87.69750213623047,4890900
2017-06-26 00:00:00-04:00,87.87562215604565,88.86521246163187,86.78706677992093,87.19280242919922,4866500
2017-06-27 00:00:00-04:00,87.0839491827333,88.35062359921342,86.20321439158776,86.76728057861328,5370800
2017-06-28 00:00:00-04:00,87.36102871960232,87.54905328881401,85.78758379822449,87.17300415039062,4257800
2017-06-29 00:00:00-04:00,86.73759652364095,86.75738500884262,84.9365423712779,85.89644622802734,5215600
2017-06-30 00:00:00-04:00,85.89644707895144,86.34175972516559,85.40165189428001,85.69852447509766,3943500
2017-07-03 00:00:00-04:00,86.104258565683,86.19331807329645,84.23393340604817,85.20372772216797,2741300
2017-07-05 00:00:00-04:00,85.38186317188665,86.59906275242102,85.20373658814934,86.58916473388672,4719800
2017-07-06 00:00:00-04:00,85.71831368333291,86.55946392028486,85.4412220600069,85.94591522216797,3275000
2017-07-07 00:00:00-04:00,86.29227735505813,87.52926531914999,86.28238688732766,87.0047836303711,2454300
2017-07-10 00:00:00-04:00,86.9453982083853,87.71727737975912,86.5594586226984,87.5787353515625,2332100
2017-07-11 00:00:00-04:00,87.34125359550768,87.7271932597828,86.75739131495314,87.43031311035156,2414700
2017-07-12 00:00:00-04:00,88.29124467184563,89.46885950346159,87.92509355571957,89.4589614868164,4273500
2017-07-13 00:00:00-04:00,89.6172960526181,89.82510911170954,88.56833274006847,88.63760375976562,3211100
2017-07-14 00:00:00-04:00,88.85532016818372,89.2313617905382,88.6079225758511,89.0631332397461,1978000
2017-07-17 00:00:00-04:00,89.04335451363703,89.32043863942235,88.34073863042627,88.36053466796875,2485700
2017-07-18 00:00:00-04:00,88.0735426826053,88.46938033948848,87.69750106105272,88.34072875976562,3813100
2017-07-19 00:00:00-04:00,88.41988775814886,89.19176694891235,87.8756176479827,88.62770080566406,4463000
2017-07-20 00:00:00-04:00,88.77614948812516,89.68657079911173,88.48916738031902,89.5975112915039,3481000
2017-07-21 00:00:00-04:00,89.39959061710782,89.68657273109599,88.60792284918651,88.75636291503906,2928700
2017-07-24 00:00:00-04:00,88.71677615127226,88.87510668086357,88.0339563955983,88.73656463623047,2393500
2017-07-25 00:00:00-04:00,88.79595150726163,89.87460143862765,88.31104676657853,89.68657684326172,3346000
2017-07-26 00:00:00-04:00,89.6865794355588,90.2506456879846,89.21158024929282,90.12200164794922,3638100
2017-07-27 00:00:00-04:00,90.30012006749877,91.17095686358329,88.1626012725978,89.56782531738281,3572100
2017-07-28 00:00:00-04:00,89.06313277478175,90.1714767006368,88.76625264554235,89.67668151855469,2108800
2017-07-31 00:00:00-04:00,89.86469545999469,90.1022025751997,88.93448568368781,89.85480499267578,3002900
2017-08-01 00:00:00-04:00,90.41887157872054,90.82459968986711,89.94386489618482,90.27043151855469,3157500
2017-08-02 00:00:00-04:00,90.3990703078244,90.3990703078244,88.06363664974812,88.95426940917969,3636900
2017-08-03 00:00:00-04:00,89.06313735739218,89.48866153787652,88.48917310465038,89.40949249267578,2351400
2017-08-04 00:00:00-04:00,89.66677617967778,89.92407176734552,89.31052307366849,89.50843811035156,1987600
2017-08-07 00:00:00-04:00,89.60741253199895,89.75584505001747,89.18188836373639,89.55792999267578,1903300
2017-08-08 00:00:00-04:00,89.24125790106935,89.94386614228168,88.60792068223076,89.32042694091797,2366700
2017-08-09 00:00:00-04:00,88.70688566596212,89.52824753601149,88.68709717932364,89.18189239501953,3055400
2017-08-10 00:00:00-04:00,88.73656146823309,88.98395904624198,86.63863483870168,86.7177963256836,3961500
2017-08-11 00:00:00-04:00,86.63863878246767,87.73708468282607,86.35165667291703,87.37093353271484,2881500
2017-08-14 00:00:00-04:00,88.36051821106996,89.70636161420445,88.17249363931631,89.3105239868164,4906900
2017-08-15 00:00:00-04:00,89.4094813945249,90.16157213062559,89.15218580454774,89.7558364868164,2531700
2017-08-16 00:00:00-04:00,90.10220824094779,91.43815376058797,89.8745991287244,91.27981567382812,4273700
2017-08-17 00:00:00-04:00,91.0423114917003,91.5272086454348,89.80532356382393,89.93396759033203,3630500
2017-08-18 00:00:00-04:00,89.87458906535223,90.39907070656015,89.34020940733622,89.81521606445312,3046800
2017-08-21 00:00:00-04:00,90.00324384188505,90.84440172169613,89.627202207952,90.80481719970703,3512500
2017-08-22 00:00:00-04:00,91.46783820456963,92.46732659230065,91.09179658194648,91.982421875,11254400
2017-08-23 00:00:00-04:00,91.18084652193689,93.64492417073517,90.34959432233248,92.10116577148438,12034900
2017-08-24 00:00:00-04:00,92.7246169263666,93.32826767089054,92.37826179835503,93.16993713378906,5494400
2017-08-25 00:00:00-04:00,93.16994305310311,94.2387025588473,92.89285893309003,93.1204605102539,5311000
2017-08-28 00:00:00-04:00,93.10066950373344,93.20952505507516,91.88346995235591,92.68504333496094,5536100
2017-08-29 00:00:00-04:00,91.7845120122916,93.14025361391457,91.53711440578947,92.853271484375,3242800
2017-08-30 00:00:00-04:00,92.85325891277579,94.18920429701568,92.61575180670776,93.8725357055664,3808100
2017-08-31 00:00:00-04:00,93.95170915289377,94.6642154046076,93.3678469271935,94.49597930908203,5098200
2017-09-01 00:00:00-04:00,94.75327872845229,95.1689048753715,94.19911053256,95.01057434082031,3679600
2017-09-05 00:00:00-04:00,94.36734624975794,95.4855807442216,94.13973712346352,95.1788101196289,4069500
2017-09-06 00:00:00-04:00,95.15900490423242,95.31733542297145,94.25847412586621,94.82254028320312,4105200
2017-09-07 00:00:00-04:00,95.08973111002628,96.50484558279894,94.88191804688869,95.72307586669922,4917300
2017-09-08 00:00:00-04:00,95.6142254553274,96.1782916712365,95.37671832759429,95.42620086669922,3316400
2017-09-11 00:00:00-04:00,95.9407803223032,97.19756428050806,95.9407803223032,96.69287109375,4471500
2017-09-12 00:00:00-04:00,96.57412216436614,96.60381621793127,95.1491171422348,95.84182739257812,4743200
2017-09-13 00:00:00-04:00,95.88141296456205,95.89131098252554,94.36734086509713,94.61473846435547,5610300
2017-09-14 00:00:00-04:00,94.3871372694653,94.74339044628248,93.52619838380394,94.30797576904297,5054600
2017-09-15 00:00:00-04:00,94.51577998049251,94.62463552706531,93.18972493586732,93.64493560791016,6081700
2017-09-18 00:00:00-04:00,93.95170237247387,95.17879218965898,93.75377978907332,94.74337005615234,5990700
2017-09-19 00:00:00-04:00,94.97099353979436,95.20849312591194,94.16942771791271,94.3574447631836,3521000
2017-09-20 00:00:00-04:00,94.09024331386516,94.36732737743554,93.07096655859932,94.21888732910156,3362600
2017-09-21 00:00:00-04:00,93.8329511878884,94.11003526165968,93.18971598807667,93.8725357055664,2896100
2017-09-22 00:00:00-04:00,93.80326587693553,94.3574340315072,93.57565678489368,93.95170593261719,2254400
2017-09-25 00:00:00-04:00,93.88244181649655,93.90223030205424,91.15117026103749,91.5074234008789,5821100
2017-09-26 00:00:00-04:00,91.98242731571958,92.6949336322871,91.16107299798693,91.37877655029297,4558200
2017-09-27 00:00:00-04:00,91.94284300129003,92.68503576345746,91.6558608939216,92.23971557617188,2945100
2017-09-28 00:00:00-04:00,92.2397210042155,92.27930552652421,91.4678416941345,91.63607025146484,3017600
2017-09-29 00:00:00-04:00,91.80430496500966,92.49702282690114,91.65587243386793,92.44754028320312,4629700
2017-10-02 00:00:00-04:00,92.74440897077889,93.85274533271618,92.47721534782957,92.96212005615234,2755900
2017-10-03 00:00:00-04:00,93.18972510912758,94.45639959890187,92.97201401557722,94.36734008789062,4996800
2017-10-04 00:00:00-04:00,94.20899667865207,94.73348589710467,93.74389556413574,94.52566528320312,3128300
2017-10-05 00:00:00-04:00,94.50588849289218,94.88193014796154,93.6944246214444,94.7334976196289,3956300
2017-10-06 00:00:00-04:00,94.55536339838659,95.5647422594007,94.47619435635302,95.31734466552734,4402900
2017-10-09 00:00:00-04:00,95.32723333389215,95.75275745561933,94.98087824643392,95.26785278320312,2031300
2017-10-10 00:00:00-04:00,95.26784748179713,95.4558720402291,94.22878227724365,94.39701080322266,2028900
2017-10-11 00:00:00-04:00,94.39702558824284,95.01057434082031,93.84285739235055,95.01057434082031,2640800
2017-10-12 00:00:00-04:00,95.13921089167174,96.21786824526713,94.84233078151433,95.73296356201172,3118600
2017-10-13 00:00:00-04:00,96.13871366209197,96.61371284978229,95.68350296139877,95.93090057373047,2496000
2017-10-16 00:00:00-04:00,95.94078740961571,96.5642342010705,95.91110090525608,96.13871002197266,2544300
2017-10-17 00:00:00-04:00,95.95068011369142,95.9902646339705,94.93140325392467,95.71318054199219,2528300
2017-10-18 00:00:00-04:00,95.96058554254903,96.05954307590186,95.05016415574165,95.43610382080078,2876700
2017-10-19 00:00:00-04:00,95.39650644825959,96.2178682094108,95.10952435520767,96.17828369140625,2534100
2017-10-20 00:00:00-04:00,96.52465501864572,98.14758277987978,96.31684192665581,97.87049865722656,4588800
2017-10-23 00:00:00-04:00,98.0387070922823,98.4048582077283,97.27672591145897,97.41526794433594,4024900
2017-10-24 00:00:00-04:00,97.22725990452508,97.69236861537237,96.7918376986296,97.63299560546875,3651400
2017-10-25 00:00:00-04:00,97.3756991104781,98.5928911024977,97.28663204644147,98.55330657958984,4687200
2017-10-26 00:00:00-04:00,98.78090530901063,99.71112262456533,98.26632166528408,99.00851440429688,3863300
2017-10-27 00:00:00-04:00,99.67154469289449,100.91843069083293,99.1371649794923,99.65174865722656,4030400
2017-10-30 00:00:00-04:00,99.65174865722656,99.92884030674935,98.86997889777894,99.65174865722656,2374600
2017-10-31 00:00:00-04:00,100.07727003652609,101.3835290051289,99.79028792713926,101.27467346191406,5111800
2017-11-01 00:00:00-04:00,102.59084503211533,102.83824265641385,100.24552038575023,100.88874816894531,3760800
2017-11-02 00:00:00-04:00,100.98769700720166,102.29395595128908,100.70071490320082,101.53196716308594,3212600
2017-11-03 00:00:00-04:00,101.78926342590837,101.99707649222907,100.64133500245096,101.64082336425781,3265500
2017-11-06 00:00:00-05:00,101.84864653965577,102.06635764502232,100.52259897056986,101.35385131835938,7046800
2017-11-07 00:00:00-05:00,103.84761819754905,103.90699120510266,100.69082242970663,101.65072631835938,5277100
2017-11-08 00:00:00-05:00,101.87831127387688,104.15437182544399,101.82883629230543,103.93666076660156,6674500
2017-11-09 00:00:00-05:00,103.24396495995595,103.35282050449146,101.34395326438666,102.52156066894531,5128600
2017-11-10 00:00:00-05:00,102.33354088583137,104.28302751750887,101.75957667550189,104.14448547363281,4675700
2017-11-13 00:00:00-05:00,103.90699185188156,104.85699772853026,103.90699185188156,104.67887115478516,4609500
2017-11-14 00:00:00-05:00,104.54032143644807,105.27261616370771,103.96635723536414,105.12418365478516,4366800
2017-11-15 00:00:00-05:00,104.77782454363084,105.88616846423827,103.90698774528055,104.33251190185547,4148400
2017-11-16 00:00:00-05:00,105.12418007445436,106.24241438677772,105.07469753984877,105.91584777832031,3708500
2017-11-17 00:00:00-05:00,106.07418916212124,106.74711088391096,105.61897851943628,106.46012878417969,4407900
2017-11-20 00:00:00-05:00,107.5684687726035,107.86534889965688,105.89606620346355,106.2523193359375,5578500
2017-11-21 00:00:00-05:00,107.61795215416089,108.05337433059282,106.6679463101074,107.66743469238281,10682700
2017-11-22 00:00:00-05:00,105.73772976963642,106.37106700390665,104.9460620017863,105.71794128417969,9009600
2017-11-24 00:00:00-05:00,106.28201981413359,106.47993489154372,105.30232734599383,106.03462219238281,4000000
2017-11-27 00:00:00-05:00,105.67835597835602,106.16325314318544,104.75803663695918,105.47054290771484,5144200
2017-11-28 00:00:00-05:00,104.99553063597828,105.77730788877376,104.68876005512529,105.3517837524414,4794300
2017-11-29 00:00:00-05:00,104.64918530254201,104.77782933716857,101.71999861047266,102.4522933959961,6851000
2017-11-30 00:00:00-05:00,102.51166551304105,103.42209441547915,101.70020169019826,103.23406982421875,5201800
2017-12-01 00:00:00-05:00,102.77886253025592,103.73876645410483,101.75958559667642,102.74917602539062,4797600
2017-12-04 00:00:00-05:00,103.51113871277732,103.64968074387677,98.7907965389475,98.81058502197266,9116000
2017-12-05 00:00:00-05:00,98.5137134106354,100.60174946339542,97.65276716637777,99.641845703125,5323800
2017-12-06 00:00:00-05:00,99.21632651597282,102.25436846326645,98.95903092158373,101.8486328125,4571000
2017-12-07 00:00:00-05:00,102.57103769789876,103.05593483843614,101.57154936538399,102.98666381835938,3900100
2017-12-08 00:00:00-05:00,103.90698636857941,104.25334147981297,102.1356187425847,102.36322784423828,4171500
2017-12-11 00:00:00-05:00,103.30333453682212,103.62990115958796,102.29395571642553,103.45177459716797,3357200
2017-12-12 00:00:00-05:00,103.85750235929619,103.96635789985181,102.20488831627918,102.59082794189453,4683600
2017-12-13 00:00:00-05:00,102.73926341520284,103.51114263197492,102.6304078795068,102.85801696777344,4067500
2017-12-14 00:00:00-05:00,103.11531507577907,104.10490546057532,102.85802701171438,103.15489959716797,4464900
2017-12-15 00:00:00-05:00,103.66949745357473,104.55023234835699,102.23458677389087,104.38200378417969,7261100
2017-12-18 00:00:00-05:00,104.30282890198959,104.77782806250573,103.69917815843635,103.98616027832031,3931400
2017-12-19 00:00:00-05:00,103.5012569720777,104.07522121973223,102.40281856705009,103.17469787597656,3942100
2017-12-20 00:00:00-05:00,103.17468220260866,103.41218175005133,101.73977180145101,102.31373596191406,3673500
2017-12-21 00:00:00-05:00,102.6502068571773,102.95697743931419,102.2543692205644,102.54135131835938,2486800
2017-12-22 00:00:00-05:00,102.21479405930108,102.42260713880302,100.95801001424921,101.56166076660156,3538300
2017-12-26 00:00:00-05:00,101.09654599938126,101.53196058588769,100.26528624336969,101.47258758544922,2524600
2017-12-27 00:00:00-05:00,101.52208611062213,101.73979722934664,101.02729085896695,101.58146667480469,2038600
2017-12-28 00:00:00-05:00,101.57156114618607,101.82885677201725,101.29447703374132,101.72000122070312,2719400
2017-12-29 00:00:00-05:00,101.54186650547145,102.0960346859595,101.14602885513347,101.16582489013672,2498800
2018-01-02 00:00:00-05:00,101.80905575001537,103.61010994268754,101.20540501318798,103.32313537597656,4669200
2018-01-03 00:00:00-05:00,103.80802248970659,105.03511233009729,103.53093841768043,104.19396209716797,3888700
2018-01-04 00:00:00-05:00,104.89658201266545,106.53930569458792,104.66897289951665,105.56950378417969,4540200
2018-01-05 00:00:00-05:00,106.63825908880189,107.17263878810253,106.08408335435571,106.97471618652344,3368400
2018-01-08 00:00:00-05:00,106.87575076227364,108.00388308298855,106.45022663779524,107.72679901123047,2933600
2018-01-09 00:00:00-05:00,107.86535387493903,108.20181098780834,107.12316107304724,108.0137939453125,3302300
2018-01-10 00:00:00-05:00,107.54868113063539,108.3502469099984,107.10336848653932,107.66743469238281,3113300
2018-01-11 00:00:00-05:00,107.86535216369562,108.26118982841987,107.53878552404994,107.96430969238281,3668100
2018-01-12 00:00:00-05:00,108.09295692960829,109.55754641524734,107.7762883205532,109.09243774414062,5749500
2018-01-16 00:00:00-05:00,109.69607326143513,110.27993541128404,107.10335174338567,107.75647735595703,5790800
2018-01-17 00:00:00-05:00,108.60753390223768,109.23097306450563,108.09295027544145,108.89451599121094,4254700
2018-01-18 00:00:00-05:00,109.08255142857575,111.00235164092989,109.07265341073553,110.60651397705078,3842800
2018-01-19 00:00:00-05:00,111.04192323984043,111.22994780704617,110.44817058810732,110.76483917236328,3120900
2018-01-22 00:00:00-05:00,110.46796545373464,111.7841224002659,109.85442428315241,111.71485137939453,2214700
2018-01-23 00:00:00-05:00,112.00183762651501,112.57580184925497,111.50704244483752,112.06121063232422,2816800
2018-01-24 00:00:00-05:00,112.44714166754198,112.65495472195127,111.32890736048975,111.67526245117188,4975500
2018-01-25 00:00:00-05:00,112.10079171343043,112.28881629269108,110.73515977189136,110.7945327758789,4715100
2018-01-26 00:00:00-05:00,111.54662415337721,112.7341295394771,110.86380440388346,112.51641845703125,3927400
2018-01-29 00:00:00-05:00,112.51642796819876,113.21904381183981,111.67527761944315,112.12059783935547,3181500
2018-01-30 00:00:00-05:00,111.24974646557992,112.26902332844227,110.67578224475297,111.06172943115234,3737700
2018-01-31 00:00:00-05:00,111.88307773343728,113.32787867617694,111.46745161634261,112.72423553466797,4181800
2018-02-01 00:00:00-05:00,112.12058194176029,113.08047817307474,111.3585931968304,111.56640625,4302800
2018-02-02 00:00:00-05:00,110.86380371117978,111.1804723154928,109.55754477464168,109.62681579589844,4403800
2018-02-05 00:00:00-05:00,108.01378148974109,110.44817269322809,106.38095600387275,106.5293960571289,6124000
2018-02-06 00:00:00-05:00,103.91688332445214,108.47889537859982,102.6106243825905,108.42941284179688,6857900
2018-02-07 00:00:00-05:00,107.9346170989544,111.12109917273449,107.67732149890429,108.9044189453125,4515400
2018-02-08 00:00:00-05:00,108.95390369424499,109.03307273981173,102.9174036443322,102.94709014892578,6803800
2018-02-09 00:00:00-05:00,104.2236551819972,106.98461315977879,101.30436667447314,105.86637878417969,6615800
2018-02-12 00:00:00-05:00,106.57887090249433,108.34034795554109,105.15386602302888,107.42002868652344,4624100
2018-02-13 00:00:00-05:00,106.88565358874949,106.95492460980606,104.82730389167546,106.56898498535156,7542800
2018-02-14 00:00:00-05:00,105.61897667922146,108.0830544271184,105.61897667922146,107.8851318359375,7428000
2018-02-15 00:00:00-05:00,111.14089339239351,112.24923733828416,108.9044245649358,111.94246673583984,8341900
2018-02-16 00:00:00-05:00,111.66536937065949,112.9617378387704,111.49714082631631,111.68516540527344,4667300
2018-02-20 00:00:00-05:00,111.2794295732242,114.06018353412526,111.11120102914133,113.15965270996094,4287800
2018-02-21 00:00:00-05:00,113.57528174898299,114.46591457869465,112.98152904583364,113.2883071899414,4976500
2018-02-22 00:00:00-05:00,113.32788929610567,113.80289601013725,111.30913152390436,111.82371520996094,4763400
2018-02-23 00:00:00-05:00,112.44714868733134,113.7633056640625,111.56641388033984,113.7633056640625,4173500
2018-02-26 00:00:00-05:00,114.90133503184803,115.58415478273989,114.16904029391954,115.43571472167969,5418900
2018-02-27 00:00:00-05:00,116.07896074789156,116.3857313659628,114.55499057590154,115.25759887695312,5908200
2018-02-28 00:00:00-05:00,115.7820792905746,116.92010978504976,115.01019996996689,115.03988647460938,9684400
2018-03-01 00:00:00-05:00,119.6513645161958,121.19512293877676,116.82113570814758,118.186767578125,15555500
2018-03-02 00:00:00-05:00,117.41489140754257,121.05658403843306,116.41540308371798,120.65084838867188,10627500
2018-03-05 00:00:00-05:00,118.7508470184949,121.66024518644019,118.41438990926407,121.22482299804688,10121300
2018-03-06 00:00:00-05:00,121.59097817295245,123.39203244349373,121.47222460402443,123.18421936035156,8154800
2018-03-07 00:00:00-05:00,122.09566190982788,124.46078238266958,121.89774684807423,124.0253677368164,6750400
2018-03-08 00:00:00-05:00,124.45087928303597,125.96495124670535,124.39149873055638,125.04463195800781,6127900
2018-03-09 00:00:00-05:00,125.86599863249273,126.17276922402576,124.93578129045687,126.08370971679688,5637800
2018-03-12 00:00:00-04:00,126.53892354439695,126.86548262906925,125.46026611328125,125.46026611328125,5609800
2018-03-13 00:00:00-04:00,126.5587103799398,126.7764214668667,124.42119913096951,125.4107894897461,4641800
2018-03-14 00:00:00-04:00,125.72746682894727,127.52851355495199,125.19308709212108,126.65767669677734,5402400
2018-03-15 00:00:00-04:00,126.66756253980515,127.12278073666063,125.35140558579597,125.89568328857422,4603500
2018-03-16 00:00:00-04:00,125.96495801071542,126.61808372326323,124.38161494244393,124.65869903564453,6662900
2018-03-19 00:00:00-04:00,123.72848347268925,124.45088776897978,122.1847249025031,123.67900848388672,6830400
2018-03-20 00:00:00-04:00,123.29305382043687,125.5097415637911,123.1545117802241,123.81754302978516,7113600
2018-03-21 00:00:00-04:00,120.29460156952348,122.72899294556304,118.94875807789548,120.43314361572266,14824000
2018-03-22 00:00:00-04:00,119.14668266846084,119.40397827997224,116.21749606424976,116.81124877929688,10950500
2018-03-23 00:00:00-04:00,116.78155816710718,116.85082918892579,113.12006937819046,113.23882293701172,10902100
2018-03-26 00:00:00-04:00,117.00917067418779,118.01855714375024,113.84248430884169,117.73157501220703,13171700
2018-03-27 00:00:00-04:00,118.83990886220892,118.90918743897258,111.54663236333087,112.62528228759766,8304700
2018-03-28 00:00:00-04:00,111.97214202968459,113.66434050759104,110.18097848349997,111.70494842529297,6489500
2018-03-29 00:00:00-04:00,112.7242352442653,116.0393612553653,111.34869777461022,115.08935546875,7794700
2018-04-02 00:00:00-04:00,114.70342030564224,116.45499189113767,112.42735949626554,114.09976959228516,6461300
2018-04-03 00:00:00-04:00,115.54458317613155,116.22739545335784,113.40706417792059,115.27738952636719,5193300
2018-04-04 00:00:00-04:00,112.87268125794041,118.43418215450001,112.81330824853869,118.23626708984375,6389300
2018-04-05 00:00:00-04:00,119.1466626853433,119.77999981516781,117.43466830161587,117.80081939697266,5052400
2018-04-06 00:00:00-04:00,116.87062210068788,117.74146646508028,113.75341090082276,114.89144134521484,5385500
2018-04-09 00:00:00-04:00,115.92061023712466,117.9888579454059,115.92061023712466,115.9700927734375,4104200
2018-04-10 00:00:00-04:00,117.68208855914025,118.86960156915723,116.45499857710072,118.24615478515625,3693000
2018-04-11 00:00:00-04:00,118.08782236436328,119.453454376635,117.63261169360605,117.91959381103516,3059400
2018-04-12 00:00:00-04:00,118.75084063169123,120.46283523945384,118.09770738422888,120.13626861572266,4419900
2018-04-13 00:00:00-04:00,120.67065650209673,120.67065650209673,117.26646309007205,117.77115631103516,4933100
2018-04-16 00:00:00-04:00,119.69093928975197,119.72063333962055,117.4247842314616,118.16697692871094,4464700
2018-04-17 00:00:00-04:00,119.14668278518454,122.57066458028513,118.76074314252705,122.06597137451172,5524600
2018-04-18 00:00:00-04:00,122.24410170153966,123.44150518735461,120.95763870313198,123.16442108154297,4321800
2018-04-19 00:00:00-04:00,122.748789090484,123.2237882350273,121.8977407773707,122.7685775756836,3657000
2018-04-20 00:00:00-04:00,122.71910360090506,123.08524720493534,120.7795073863929,121.54148864746094,2971000
2018-04-23 00:00:00-04:00,121.9076328389555,123.27326475026632,119.97792720234843,120.62116241455078,3932700
2018-04-24 00:00:00-04:00,122.05607075730312,122.2440953407384,115.6930120228592,116.65290832519531,5379300
2018-04-25 00:00:00-04:00,116.54405226177893,116.99927046700813,113.84247483277525,116.09873962402344,5080500
2018-04-26 00:00:00-04:00,117.46437979338283,120.79930222562066,116.9300076107463,119.57221221923828,4998800
2018-04-27 00:00:00-04:00,120.36387780513317,120.3737758231404,118.30553550818821,118.96855926513672,3801200
2018-04-30 00:00:00-04:00,119.61178377965034,120.43313800097425,118.5331264131305,119.73052978515625,2788300
2018-05-01 00:00:00-04:00,119.62168601634731,122.03628903220539,119.16647533384509,121.82847595214844,3873900
2018-05-02 00:00:00-04:00,121.01700696062541,122.67951908020375,120.47272923845156,121.54148864746094,3671000
2018-05-03 00:00:00-04:00,121.34356922832902,123.69879150050765,120.40345388294011,123.11493682861328,4435600
2018-05-04 00:00:00-04:00,123.08524076011771,124.53004171517586,121.69982035798999,123.81754302978516,6341200
2018-05-07 00:00:00-04:00,124.48058314230079,126.360806500209,124.15401648303747,125.64830017089844,4342000
2018-05-08 00:00:00-04:00,125.27224070863093,127.6175801421579,125.1831811997497,127.40975952148438,4467800
2018-05-09 00:00:00-04:00,127.53840441278774,128.38945268624175,126.0045364071503,128.37954711914062,4605300
2018-05-10 00:00:00-04:00,128.59727589344175,129.63634888541446,127.70665052886623,129.2602996826172,3772400
2018-05-11 00:00:00-04:00,128.64675583415334,129.48791373920344,127.54830985341749,129.27020263671875,3233200
2018-05-14 00:00:00-04:00,129.4285072743941,129.6363278790941,125.83630479273295,126.36078643798828,4169800
2018-05-15 00:00:00-04:00,125.60869834078082,127.2514143292694,124.77743855445686,126.79621124267578,2933100
2018-05-16 00:00:00-04:00,127.37019241916661,127.6274804980744,126.58840751410341,127.4295654296875,2439900
2018-05-17 00:00:00-04:00,127.84518242309312,128.11237605120252,124.24307407728196,124.73786926269531,5557000
2018-05-18 00:00:00-04:00,124.74775676483596,126.39048036534454,124.55973973283179,125.63838958740234,3612300
2018-05-21 00:00:00-04:00,126.66757218809545,127.01393487077779,124.68839137265645,125.0545425415039,2887200
2018-05-22 00:00:00-04:00,125.34151004377293,125.72744965376292,123.9560821245904,124.13420867919922,2789800
2018-05-23 00:00:00-04:00,123.5800382468972,126.75662231445312,123.2831656765502,126.75662231445312,4303900
2018-05-24 00:00:00-04:00,127.46913530126987,128.0332090696938,126.06391876407905,127.39987182617188,5972400
2018-05-25 00:00:00-04:00,127.38996435770134,127.90455557912,126.29152599077484,126.62798309326172,4031800
2018-05-29 00:00:00-04:00,125.43057533440988,126.2123526073827,124.80713613949617,125.55921936035156,8141900
2018-05-30 00:00:00-04:00,130.92279608638682,131.1701936545395,126.50921682656539,127.95402526855469,14170900
2018-05-31 00:00:00-04:00,128.0233111047013,129.626457894408,127.07331273297689,127.98373413085938,6408300
2018-06-01 00:00:00-04:00,128.5279939838878,129.50767872445016,127.01392202124616,129.1613311767578,6132800
2018-06-04 00:00:00-04:00,129.03268109523188,131.41759738809895,128.25091138717065,131.26914978027344,4860700
2018-06-05 00:00:00-04:00,131.754052167841,133.22854715339506,131.5858236285415,132.72384643554688,5123200
2018-06-06 00:00:00-04:00,132.9316755969898,134.29731513323438,132.72385497627624,134.13897705078125,4766900
2018-06-07 00:00:00-04:00,134.1389766939588,134.3368917465234,129.3691438974135,131.52645874023438,6564100
2018-06-08 00:00:00-04:00,130.3290171218866,132.28840135161528,129.4581880753111,132.1399688720703,3486600
2018-06-11 00:00:00-04:00,132.48637716125523,133.26814698978987,131.87282080093522,132.5853271484375,3443100
2018-06-12 00:00:00-04:00,133.55511269122226,136.0686653934211,133.24832701619584,134.84156799316406,5319900
2018-06-13 00:00:00-04:00,134.95043472286602,136.05878621178607,134.18846100542504,135.07908630371094,5809300
2018-06-14 00:00:00-04:00,135.57388170751148,138.29525524543598,135.46502616199646,136.96920776367188,6494900
2018-06-15 00:00:00-04:00,136.63275065933487,137.50357992350413,135.37596665201622,136.96920776367188,7711100
2018-06-18 00:00:00-04:00,135.5837761317282,138.73068147574958,135.48482615106855,138.34474182128906,4202400
2018-06-19 00:00:00-04:00,136.64265997346124,138.25569734312862,135.8015019966518,138.0676727294922,4833700
2018-06-20 00:00:00-04:00,138.54266157030003,140.6405884706657,137.3749520993272,137.4936981201172,5341400
2018-06-21 00:00:00-04:00,137.62233229757697,138.60201704505008,135.6926191041726,136.44471740722656,3912800
2018-06-22 00:00:00-04:00,135.83116196145122,135.87075403024483,132.5556204164531,133.60458374023438,7466000
2018-06-25 00:00:00-04:00,132.84261599374886,133.48584369082573,130.29936150848516,131.8035430908203,6969800
2018-06-26 00:00:00-04:00,133.3571806801416,135.7420968786312,132.42697850101536,134.06968688964844,7043100
2018-06-27 00:00:00-04:00,135.25719542956247,135.98949769010815,131.71447543111503,131.83322143554688,6851600
2018-06-28 00:00:00-04:00,132.5952131416256,134.4754287199807,131.80353786128396,133.71343994140625,6333700
2018-06-29 00:00:00-04:00,134.86137178774962,136.2764938412495,134.48532262249293,134.98011779785156,5229500
2018-07-02 00:00:00-04:00,134.7327245369264,139.00776223728798,133.89158177177487,138.96817016601562,6399200
2018-07-03 00:00:00-04:00,139.13643082059173,139.28486335612337,136.276514869711,136.4051513671875,3164700
2018-07-05 00:00:00-04:00,137.8103322693835,138.4337789565616,136.781165057167,138.31503295898438,5576700
2018-07-06 00:00:00-04:00,138.7306893237565,140.25465199169682,137.56296472628486,139.92808532714844,5045800
2018-07-09 00:00:00-04:00,141.16505178917524,141.38276286553725,138.42389750034863,140.28431701660156,5183100
2018-07-10 00:00:00-04:00,140.81868482340386,142.01608047834057,140.0369001297332,140.9671173095703,3643700
2018-07-11 00:00:00-04:00,139.7400531578094,144.1239309467026,139.55202858447996,143.7379913330078,6168000
2018-07-12 00:00:00-04:00,144.28227252587342,147.15207843079781,144.28227252587342,146.61770629882812,4681000
2018-07-13 00:00:00-04:00,146.21196733145067,146.4593649073076,143.89632964541764,146.07342529296875,3941800
2018-07-16 00:00:00-04:00,146.30103554975304,147.1421933977533,145.29166425209345,145.43020629882812,3592100
2018-07-17 00:00:00-04:00,143.8963371712268,145.90520438425335,141.59058983165508,145.4895782470703,5133900
2018-07-18 00:00:00-04:00,145.4895540276416,146.64737273847192,144.24266072371046,146.30101013183594,2908100
2018-07-19 00:00:00-04:00,145.4697899625042,146.4593803704124,145.08385030741803,145.6281280517578,3590600
2018-07-20 00:00:00-04:00,145.90519921874207,146.38019834442755,145.16300647863042,145.34112548828125,2462200
2018-07-23 00:00:00-04:00,145.34112132271437,146.10311007537592,143.29267727068986,146.02394104003906,2538100
2018-07-24 00:00:00-04:00,147.003652556541,147.3005326876787,143.6687227400173,144.48019409179688,4052300
2018-07-25 00:00:00-04:00,144.60884456949242,147.7953267461792,144.48019299032507,147.3203125,4056900
2018-07-26 00:00:00-04:00,146.4395645305525,147.2015532695808,144.16350388017585,146.03384399414062,3414300
2018-07-27 00:00:00-04:00,146.70677545988957,146.73646196362228,140.89788469693593,142.41195678710938,5924400
2018-07-30 00:00:00-04:00,142.04579230392483,142.23381688656104,134.1092885628044,136.59315490722656,9522000
2018-07-31 00:00:00-04:00,137.23637726774024,138.3348231184389,133.98063178410996,135.72230529785156,7442900
2018-08-01 00:00:00-04:00,136.56347182244124,139.43327787148326,136.07856710245173,136.24679565429688,5098100
2018-08-02 00:00:00-04:00,135.62337042198848,139.82912971756303,135.32649027525173,139.67079162597656,3779200
2018-08-03 00:00:00-04:00,140.05672785122445,140.26454847882786,136.979101108781,139.5718231201172,3463500
2018-08-06 00:00:00-04:00,139.4234100222815,141.36301411694947,139.18590285764262,141.22447204589844,3247300
2018-08-07 00:00:00-04:00,142.0359010465946,143.1046604314651,141.24422575039975,142.93643188476562,3928300
2018-08-08 00:00:00-04:00,142.95624322973515,144.12395271421835,141.66977262313614,143.65884399414062,3026700
2018-08-09 00:00:00-04:00,143.7874718107346,145.32133977653078,143.57965120635725,144.30206298828125,3572600
2018-08-10 00:00:00-04:00,143.4213360225676,145.4697954927899,142.84738685211832,143.99530029296875,2748500
2018-08-13 00:00:00-04:00,144.1140440168087,145.64789694224916,142.71871803306922,142.94631958007812,2880400
2018-08-14 00:00:00-04:00,144.6583262304104,145.24219607791764,143.06510008537248,145.04428100585938,3474700
2018-08-15 00:00:00-04:00,144.55937970280326,146.34064559384697,142.10519953067217,143.5301971435547,4476900
2018-08-16 00:00:00-04:00,144.984876701308,145.38072190116574,143.70831179414904,144.21299743652344,3704000
2018-08-17 00:00:00-04:00,143.98540566629043,144.49009134295267,142.45153750002697,143.51040649414062,2865600
2018-08-20 00:00:00-04:00,143.6984268520136,144.53956962164725,142.81769201089662,144.19322204589844,2882200
2018-08-21 00:00:00-04:00,144.88593533385554,147.24115023814113,143.84686238493038,144.0150909423828,4063700
2018-08-22 00:00:00-04:00,144.07445567200102,145.66769674214743,143.54008352609094,144.93540954589844,4245300
2018-08-23 00:00:00-04:00,145.30153222733364,146.79580800722886,144.54944910433073,146.29112243652344,6196300
2018-08-24 00:00:00-04:00,146.95416847967059,150.79378390896872,146.95416847967059,150.71461486816406,4882000
2018-08-27 00:00:00-04:00,153.09951608716455,153.26774461972073,148.63645434130993,150.10104370117188,5814800
2018-08-28 00:00:00-04:00,150.44743221969188,151.80316628000446,149.98232350849892,151.39744567871094,5266900
2018-08-29 00:00:00-04:00,151.73389952074115,153.3568271906774,151.4568154136753,153.1885986328125,9018600
2018-08-30 00:00:00-04:00,149.5468880346473,152.13962500530394,147.94375650847934,150.5562744140625,14441000
2018-08-31 00:00:00-04:00,150.5562955076689,152.26828281559114,150.31878835572178,151.09066772460938,6210500
2018-09-04 00:00:00-04:00,150.5265722577086,151.74376402692278,149.9328120727536,151.61512756347656,5310900
2018-09-05 00:00:00-04:00,150.8036734579893,151.18961309209206,145.5489510936864,147.10260009765625,7287400
2018-09-06 00:00:00-04:00,147.20156216246863,147.60729782334147,145.54894811690755,147.28073120117188,4190300
2018-09-07 00:00:00-04:00,146.30103922802493,149.8338841585074,145.96458212034594,148.86407470703125,3866800
2018-09-10 00:00:00-04:00,148.43854556279032,150.00210005471237,146.45936495528647,149.74481201171875,3872300
2018-09-11 00:00:00-04:00,149.50730417103634,152.14950845712713,149.05208598956077,151.2489776611328,4151000
2018-09-12 00:00:00-04:00,151.24900754516642,154.14851554583075,150.22973054389652,153.75267028808594,5180800
2018-09-13 00:00:00-04:00,154.24743505602444,157.12714644978269,154.19796762103962,156.53338623046875,6213500
2018-09-14 00:00:00-04:00,156.305804335019,157.13705666657484,154.69278221306095,155.85060119628906,4615300
2018-09-17 00:00:00-04:00,155.3656923675619,156.7807993876466,153.01046239013297,153.30734252929688,3899600
2018-09-18 00:00:00-04:00,153.14901626827523,156.38498134514353,153.13912579952142,154.37611389160156,3749600
2018-09-19 00:00:00-04:00,154.74224473574984,155.69225815586836,150.80367920432204,151.30836486816406,5546000
2018-09-20 00:00:00-04:00,151.69428548558804,154.4453603216354,150.07135805062399,153.88128662109375,4655600
2018-09-21 00:00:00-04:00,155.434960562578,156.31569535330843,153.34692435984178,153.90109252929688,17991600
2018-09-24 00:00:00-04:00,153.76255040509966,157.25580306422358,151.73388720732044,157.1271514892578,5082100
2018-09-25 00:00:00-04:00,157.3448686209289,157.48341066854678,155.53391643424112,157.21621704101562,5699600
2018-09-26 00:00:00-04:00,157.40425103236586,158.26518987258098,155.71205985677398,156.68185424804688,4079700
2018-09-27 00:00:00-04:00,157.39435477584956,159.40322206244258,157.27559366091208,158.75997924804688,3930300
2018-09-28 00:00:00-04:00,158.33446137520042,159.18550970909016,157.28549798458187,157.3745574951172,4607700
2018-10-01 00:00:00-04:00,158.44330517032375,159.5120645173351,157.36465535619232,158.19590759277344,4297600
2018-10-02 00:00:00-04:00,157.6120722713596,157.9188428891681,155.06881761413143,155.62298583984375,4137000
2018-10-03 00:00:00-04:00,156.90944514681206,158.09695055943652,155.38548263560162,157.44383239746094,3561600
2018-10-04 00:00:00-04:00,156.55318774167478,157.1865249511247,152.1792002795439,153.28753662109375,6206400
2018-10-05 00:00:00-04:00,153.2479594156014,154.96985202924193,150.882839126149,153.45578002929688,4963600
2018-10-08 00:00:00-04:00,152.63442165306284,153.01045571965625,144.08436159759785,147.10260009765625,10238700
2018-10-09 00:00:00-04:00,146.7760283476438,149.29947132299895,145.677582601921,146.9541473388672,5593300
2018-10-10 00:00:00-04:00,145.98437136192018,146.0536348338301,136.10824888477254,136.3754425048828,13660600
2018-10-11 00:00:00-04:00,136.00927725204244,140.68014412670124,135.0295775342823,137.79054260253906,10499300
2018-10-12 00:00:00-04:00,144.25257488774994,147.2015496030729,141.7291167317075,145.2124786376953,9371700
2018-10-15 00:00:00-04:00,145.17292113700037,145.17292113700037,139.84893459539333,140.4723663330078,6040800
2018-10-16 00:00:00-04:00,143.95570303259277,146.37030579540547,142.51089454174672,145.9051971435547,5383100
2018-10-17 00:00:00-04:00,146.8057532665732,146.8057532665732,143.90624531770604,145.4796905517578,3377900
2018-10-18 00:00:00-04:00,144.56922595028973,146.05361122211815,139.95773208182192,141.35305786132812,5338200
2018-10-19 00:00:00-04:00,142.11505891681193,143.85673235159518,138.91868658083703,139.0275421142578,5141600
2018-10-22 00:00:00-04:00,140.2249414554157,142.30308711006276,137.75096572366894,141.46192932128906,4234900
2018-10-23 00:00:00-04:00,137.8697380463215,140.49214649539957,136.3457604155755,139.19578552246094,6462000
2018-10-24 00:00:00-04:00,139.7598550913771,140.02704874098953,131.6155299120255,131.87281799316406,7251500
2018-10-25 00:00:00-04:00,132.2983322895467,140.21505484911313,132.27853625516178,139.33432006835938,7792900
2018-10-26 00:00:00-04:00,134.33690027595753,137.76088979253151,131.22958694355407,134.1092987060547,7457000
2018-10-29 00:00:00-04:00,136.6624699796055,138.0973733514499,127.1920805455144,129.62648010253906,9212500
2018-10-30 00:00:00-04:00,129.082171803215,131.60563029650646,126.69725535936166,130.79415893554688,10037900
2018-10-31 00:00:00-04:00,133.5155442317112,137.2661005642457,133.36711170137963,135.8114013671875,6666400
2018-11-01 00:00:00-04:00,136.95930214952642,138.34473773742548,134.99002696308224,138.1369171142578,4668800
2018-11-02 00:00:00-04:00,138.6811764545192,139.08691207932034,134.68323850511572,135.3660430908203,4481400
2018-11-05 00:00:00-05:00,135.91033649468432,135.91033649468432,132.07073616369593,134.03012084960938,4629900
2018-11-06 00:00:00-05:00,133.9905366318306,136.5634777600439,131.59572963093126,132.55563354492188,4667100
2018-11-07 00:00:00-05:00,135.42543219433514,140.8285865209928,135.00979100002402,140.31399536132812,5804000
2018-11-08 00:00:00-05:00,141.72914158756967,142.13487728498092,139.21557345722093,140.3931884765625,3986700
2018-11-09 00:00:00-05:00,139.59160853302512,139.59160853302512,133.64417612834646,135.4947052001953,5252500
2018-11-12 00:00:00-05:00,134.326999391397,135.237420700362,128.72591439281302,129.14154052734375,7571200
2018-11-13 00:00:00-05:00,130.1113267341699,132.37749694784875,127.6076645155287,130.7842559814453,6176300
2018-11-14 00:00:00-05:00,132.81293474706874,133.53533151390585,127.24153594130892,128.00352478027344,5729600
2018-11-15 00:00:00-05:00,127.85506403449035,131.56602766803758,124.98525819786038,131.11082458496094,6468700
2018-11-16 00:00:00-05:00,130.47748634716325,132.0806177919912,128.7259072982163,131.17019653320312,5126900
2018-11-19 00:00:00-05:00,130.23008529779298,130.88320339865652,119.16645825051279,119.75032043457031,14284700
2018-11-20 00:00:00-05:00,113.13986502409878,123.6394191020794,112.41746075620895,119.41386413574219,13829500
2018-11-21 00:00:00-05:00,122.90712517680578,124.44099332324558,120.3440896540171,122.30347442626953,7311300
2018-11-23 00:00:00-05:00,120.06700197692356,122.422224350769,119.45345322660525,120.75971221923828,3009600
2018-11-26 00:00:00-05:00,123.18421410064973,125.62849600275206,122.3727502892289,125.09412384033203,9321200
2018-11-27 00:00:00-05:00,123.84723618948722,126.28162759121332,122.43212165982801,126.21235656738281,10558800
2018-11-28 00:00:00-05:00,137.03844591128464,139.42336190410262,130.5962191808401,139.17596435546875,25705400
2018-11-29 00:00:00-05:00,138.3942308144353,141.39268867734796,137.82026654002289,138.2655792236328,7763000
2018-11-30 00:00:00-05:00,137.44420076521007,141.7291287196814,136.84055005799934,141.27391052246094,9401400
2018-12-03 00:00:00-05:00,144.77707291742013,145.53906172381383,141.0759995291728,142.64944458007812,7358900
2018-12-04 00:00:00-05:00,141.2442026793889,143.6884916409139,137.3551205057568,137.79054260253906,6978400
2018-12-06 00:00:00-05:00,133.3967720578161,140.58119201660156,131.36810897456553,140.58119201660156,9186600
2018-12-07 00:00:00-05:00,140.42286487066147,140.8879735439711,133.3374094282292,134.53480529785156,6225300
2018-12-10 00:00:00-05:00,133.7530433443035,138.0379716285451,131.79364346193444,135.84107971191406,5897000
2018-12-11 00:00:00-05:00,139.12648904517832,139.23534457622378,134.17853781574644,135.3660430908203,4548700
2018-12-12 00:00:00-05:00,140.31399906328227,142.53068672497997,138.09732650153393,138.63169860839844,6794300
2018-12-13 00:00:00-05:00,140.02704478207036,142.13487721395455,138.12703298288733,139.67079162597656,5122800
2018-12-14 00:00:00-05:00,137.43433766578525,139.24529014804065,134.960361340292,135.6134796142578,5354400
2018-12-17 00:00:00-05:00,132.91186370484337,134.0894785151751,128.61704565535612,129.4680938720703,8392400
2018-12-18 00:00:00-05:00,130.7644775666633,132.28844017032213,128.77540625735273,130.94261169433594,6668400
2018-12-19 00:00:00-05:00,130.60611863900058,135.07907085424787,128.15193901556847,129.79466247558594,7350700
2018-12-20 00:00:00-05:00,127.90454933622237,130.95248934516465,121.3633566926698,126.40037536621094,12265100
2018-12-21 00:00:00-05:00,127.23164721517732,128.04310350548386,121.18524161079057,121.63056182861328,12568600
2018-12-24 00:00:00-05:00,119.87898437402427,123.54046595382495,118.90918997828231,120.06700897216797,4721500
2018-12-26 00:00:00-05:00,121.24460547618882,129.537369830747,120.84877537905443,129.47799682617188,8110900
2018-12-27 00:00:00-05:00,127.45923080109891,133.7926025390625,126.50921749042972,133.7926025390625,7967700
2018-12-28 00:00:00-05:00,134.58429699668767,135.45514139747422,131.22958607995946,133.2780303955078,7276200
2018-12-31 00:00:00-05:00,134.58430077048138,136.53379515875582,133.09002463173297,135.54420471191406,5467700
2019-01-02 00:00:00-05:00,132.01134870518783,135.40565151050495,131.6650011372661,134.13897705078125,4783900
2019-01-03 00:00:00-05:00,132.09051202695468,133.37698246626908,128.7457070046772,129.04257202148438,6365700
2019-01-04 00:00:00-05:00,132.11031553152424,137.869738782448,130.84364105502328,136.52389526367188,6650600
2019-01-07 00:00:00-05:00,139.55202714084598,141.89735129981005,137.34522991874988,140.73953247070312,9064800
2019-01-08 00:00:00-05:00,143.22340984017322,144.93541205006292,141.40256718567446,144.20310974121094,9057300
2019-01-09 00:00:00-05:00,145.3609317070379,145.9645824486201,143.02549778386197,144.47030639648438,5445900
2019-01-10 00:00:00-05:00,142.27340417151268,145.67759727962218,142.26349860436997,145.5093536376953,5116900
2019-01-11 00:00:00-05:00,145.03435350127944,146.48905246581464,144.09424572622703,146.01405334472656,5185200
2019-01-14 00:00:00-05:00,144.23279821006727,145.20259255666673,143.1937252887353,144.52967834472656,5815500
2019-01-15 00:00:00-05:00,144.82654534279052,148.3000018333742,144.28226766194277,147.63697814941406,5350400
2019-01-16 00:00:00-05:00,147.59739461378308,148.23073183357593,146.26145670169444,146.99374389648438,3936800
2019-01-17 00:00:00-05:00,146.99376257005588,149.1510776583755,146.15261972594806,148.2604522705078,3743200
2019-01-18 00:00:00-05:00,150.2494949112211,151.67450733882393,148.67604998072187,150.9224090576172,6151200
2019-01-22 00:00:00-05:00,148.77500503802568,149.804187426474,145.8656070821486,147.39947509765625,5203300
2019-01-23 00:00:00-05:00,148.1713660734275,149.23023504732745,146.1130162334701,148.191162109375,3335400
2019-01-24 00:00:00-05:00,148.38906548633378,148.93334318240565,144.9947779361991,145.34112548828125,6734700
2019-01-25 00:00:00-05:00,146.98386336602698,148.32970693656833,146.01406898576897,148.1812744140625,4600800
2019-01-28 00:00:00-05:00,146.62760851750062,146.65729502165868,144.57916423083685,145.79635620117188,4054700
2019-01-29 00:00:00-05:00,145.53905664470835,146.45936840087293,143.1343442980443,143.66871643066406,3915100
2019-01-30 00:00:00-05:00,145.6577905555469,148.13176616767333,144.55934477976484,147.60728454589844,4653400
2019-01-31 00:00:00-05:00,147.46877272313077,151.78338767848322,147.16200210038,150.3880615234375,8615900
2019-02-01 00:00:00-05:00,150.81357186472053,154.32662082671663,149.4974299124332,154.24745178222656,5959200
2019-02-04 00:00:00-05:00,154.39588551592374,157.24589536146414,153.79223481844002,156.07818603515625,5264700
2019-02-05 00:00:00-05:00,156.691733404674,158.21571100946616,156.17715729132257,157.33497619628906,4575600
2019-02-06 00:00:00-05:00,157.34487129854,157.44383637707293,153.4656787992745,156.4839324951172,4205100
2019-02-07 00:00:00-05:00,154.33652220729394,155.42506256460763,151.76358118100543,153.31723022460938,4545500
2019-02-08 00:00:00-05:00,151.31826913003763,155.06881003865834,151.1203540733735,155.03912353515625,3018700
2019-02-11 00:00:00-05:00,156.5531857529156,159.8188368320117,155.92975411868858,158.24539184570312,7125500
2019-02-12 00:00:00-05:00,159.57143553444897,161.68915816793142,158.36413416302958,161.09539794921875,5631700
2019-02-13 00:00:00-05:00,161.73864875587074,161.8673003329857,158.60164916736665,158.73028564453125,5296000
2019-02-14 00:00:00-05:00,157.8099365234375,158.76984014101484,155.07867324761915,157.8099365234375,5061100
2019-02-15 00:00:00-05:00,159.31417128390652,159.54177285842337,156.4443499315012,157.3943634033203,5282000
2019-02-19 00:00:00-05:00,157.99798734902296,159.7990338023203,157.483396176674,158.93809509277344,3883200
2019-02-20 00:00:00-05:00,158.66103906224754,159.80896761114272,155.5735216824141,156.88966369628906,7047200
2019-02-21 00:00:00-05:00,156.05839032697554,158.8094502065164,155.66256023925237,157.9683074951172,4463000
2019-02-22 00:00:00-05:00,158.7995613460336,160.02665879031107,158.53236772914454,159.6308135986328,4175000
2019-02-25 00:00:00-05:00,160.81833607001334,161.3626138289631,159.25478137155386,159.68031311035156,5076700
2019-02-26 00:00:00-05:00,159.13604754034682,161.67930239971523,158.2058300447016,161.30325317382812,4496300
2019-02-27 00:00:00-05:00,160.60061996449917,161.82771750100852,158.8292597859429,161.42198181152344,4278300
2019-02-28 00:00:00-05:00,161.30324441121772,162.88659518161538,160.48188252031972,161.94647216796875,6908100
2019-03-01 00:00:00-05:00,163.43084773161053,164.42043812683661,160.0662464278222,162.8173065185547,6919900
2019-03-04 00:00:00-05:00,163.83658838352594,164.06418995334025,153.80214207578737,156.85008239746094,17886300
2019-03-05 00:00:00-05:00,158.2553025948669,159.20531606870182,153.18860433428566,155.3360137939453,16042900
2019-03-06 00:00:00-05:00,155.49433963332362,158.58185675500948,154.6531817790422,155.15786743164062,7436300
2019-03-07 00:00:00-05:00,154.46514470496885,155.9495301396119,153.1984703420694,153.98025512695312,6916500
2019-03-08 00:00:00-05:00,150.43754401833513,153.79225503050125,148.68596469872304,153.44589233398438,4800700
2019-03-11 00:00:00-04:00,154.27714312642385,156.12768751203808,151.832853538434,156.00892639160156,5699500
2019-03-12 00:00:00-04:00,156.35528588635268,157.71101992566128,155.52403356005914,156.6323699951172,4082100
2019-03-13 00:00:00-04:00,157.19645544259575,160.31365944742578,156.95894828891292,158.14645385742188,5230600
2019-03-14 00:00:00-04:00,159.2745663943001,159.9079036245683,158.07717050736292,158.9974822998047,3247200
2019-03-15 00:00:00-04:00,158.9677965609527,160.4917590880029,157.5328935432861,159.8287353515625,6743700
2019-03-18 00:00:00-04:00,159.7198824234044,161.62979972230787,159.205306294124,160.26416015625,3575500
2019-03-19 00:00:00-04:00,160.82823032130784,162.9063610274953,159.9178089976518,162.22354125976562,4379000
2019-03-20 00:00:00-04:00,162.13448901029318,163.23293496844195,159.8287415449917,161.80792236328125,4391000
2019-03-21 00:00:00-04:00,161.4714619642615,165.25170449829113,161.05583581286757,165.2121124267578,4277800
2019-03-22 00:00:00-04:00,164.23242743054965,164.7569091281747,159.67041513803574,159.81884765625,5614300
2019-03-25 00:00:00-04:00,158.56206419242937,159.91781329666875,157.56258333305743,159.20530700683594,3795400
2019-03-26 00:00:00-04:00,159.74954384207086,160.38289608625684,155.75160595031272,157.7406768798828,6910300
2019-03-27 00:00:00-04:00,157.34486438249118,157.64174450508972,150.78387558285982,153.5052490234375,8218700
2019-03-28 00:00:00-04:00,154.06933701554883,154.8511068140754,151.91202201843276,153.56463623046875,4424800
2019-03-29 00:00:00-04:00,155.23703474991518,156.85007186671157,153.81202221727915,156.72142028808594,4913100
2019-04-01 00:00:00-04:00,158.4334224487363,159.9969619273372,156.85996230263072,159.50216674804688,4601100
2019-04-02 00:00:00-04:00,159.18550450862637,159.31415608627506,157.25580634364798,158.83914184570312,3158400
2019-04-03 00:00:00-04:00,160.0959327515275,161.44177629151858,158.977690774196,160.92718505859375,3819100
2019-04-04 00:00:00-04:00,161.01624354004065,161.10530304260087,154.2078574786,156.86985778808594,6295200
2019-04-05 00:00:00-04:00,157.96830797974442,158.57195868034165,156.3750669568534,156.90943908691406,4315300
2019-04-08 00:00:00-04:00,156.75111021933915,157.13704986370686,154.82141199750058,156.8203887939453,2848400
2019-04-09 00:00:00-04:00,155.405277273314,156.70165344384807,155.01933760268304,155.3360137939453,5642900
2019-04-10 00:00:00-04:00,156.5531877132479,158.71050249188733,156.00891000992488,158.57196044921875,3414700
2019-04-11 00:00:00-04:00,158.49279559512885,159.1558193239731,157.36466318934228,159.05685424804688,2578400
2019-04-12 00:00:00-04:00,160.31364382165287,160.80843901863327,157.8396678367508,159.03707885742188,2844200
2019-04-15 00:00:00-04:00,159.32405383400794,160.3433307343909,157.8297777712987,158.42352294921875,2608400
2019-04-16 00:00:00-04:00,158.37403916104213,158.59175025454874,156.10788381493376,157.03810119628906,3004800
2019-04-17 00:00:00-04:00,157.39436389340528,157.39436389340528,153.45579813537367,153.7229766845703,4765500
2019-04-18 00:00:00-04:00,153.28754593248627,154.5839220320935,151.57555877950182,154.3662109375,4391500
2019-04-22 00:00:00-04:00,153.83180420852054,157.48339471504443,153.66357567488018,157.1073455810547,2943300
2019-04-23 00:00:00-04:00,158.09695195023056,159.71987955174947,156.76101401175714,159.55165100097656,3418400
2019-04-24 00:00:00-04:00,160.1948894347602,160.79854014752826,157.74069451402602,157.89903259277344,3384900
2019-04-25 00:00:00-04:00,160.31363833946497,162.18396351609405,159.32404797934484,161.3922882080078,5498400
2019-04-26 00:00:00-04:00,160.72924863082451,164.33135658249614,159.60111633551935,164.23240661621094,3342900
2019-04-29 00:00:00-04:00,164.97462497724385,165.81576777129058,163.6089853705014,163.638671875,4509700
2019-04-30 00:00:00-04:00,163.47046133040098,164.70744948732943,161.91679695732137,163.62879943847656,3581800
2019-05-01 00:00:00-04:00,164.28188594439683,164.48970655855672,160.4521761830307,160.46206665039062,2707700
2019-05-02 00:00:00-04:00,160.00687420775003,161.00635507586605,157.96832039954145,160.14541625976562,3181100
2019-05-03 00:00:00-04:00,160.88759574920817,161.79801702998228,159.18549919386314,161.63967895507812,3131000
2019-05-06 00:00:00-04:00,156.96882555037737,161.14489827655257,156.21674227692475,160.80844116210938,2520600
2019-05-07 00:00:00-04:00,159.6506325310013,159.9870896672214,153.1391254184983,155.26673889160156,6541900
2019-05-08 00:00:00-04:00,155.47455520368248,156.28601151548924,153.42609573737866,155.22715759277344,4061300
2019-05-09 00:00:00-04:00,153.04013776417645,155.4646461410662,150.80366906503141,154.682861328125,5809300
2019-05-10 00:00:00-04:00,154.6531661784561,158.93809385929657,152.772950705547,158.2750701904297,4462200
2019-05-13 00:00:00-04:00,153.30731932241122,155.26670378436953,151.18959679687376,151.5557403564453,5694600
2019-05-14 00:00:00-04:00,153.43599333437126,156.93913667886687,151.3281609669491,156.424560546875,4954000
2019-05-15 00:00:00-04:00,152.21880984336843,154.7521589723261,150.12086782723946,153.44589233398438,7783800
2019-05-16 00:00:00-04:00,155.1281798570211,157.79018034929655,154.27713154090276,156.8302764892578,5048100
2019-05-17 00:00:00-04:00,154.55422461610883,155.52403410010362,151.57556288657145,152.96099853515625,5314000
2019-05-20 00:00:00-04:00,150.8828510789401,154.46516353253853,150.1208622349596,154.35630798339844,5437600
2019-05-21 00:00:00-04:00,155.72194082300445,156.19693997138535,153.56462597002962,154.15838623046875,3803100
2019-05-22 00:00:00-04:00,154.24747445070466,156.54333177846576,154.21778794215203,155.99905395507812,3170100
2019-05-23 00:00:00-04:00,154.40581231692283,154.712582971447,150.56619615072836,152.10997009277344,4508200
2019-05-24 00:00:00-04:00,153.27766052209486,155.2964183477219,152.55526373889887,152.901611328125,3151700
2019-05-28 00:00:00-04:00,153.7328772752316,156.16726124435513,152.78286383121537,153.5745391845703,4934100
2019-05-29 00:00:00-04:00,152.15941599752134,152.4562961404958,149.62606696404833,151.29847717285156,4359500
2019-05-30 00:00:00-04:00,152.71359484740213,154.24744785802665,152.29795359941582,154.03964233398438,4418100
2019-05-31 00:00:00-04:00,151.0708654931005,152.87191206665878,149.6854299519515,149.83387756347656,5326900
2019-06-03 00:00:00-04:00,149.1312661179062,149.1312661179062,141.8973629108192,143.58956909179688,8835200
2019-06-04 00:00:00-04:00,144.5296678628733,149.34896784283623,141.02650970786814,149.2401123046875,12375100
2019-06-05 00:00:00-04:00,155.5141152015175,156.8500681945744,152.94118938889522,156.7906951904297,12072400
2019-06-06 00:00:00-04:00,156.85009123091334,158.33447695234153,155.69227218019364,157.6516571044922,5601200
2019-06-07 00:00:00-04:00,158.1761103153654,161.29332882796888,157.8396532365294,159.5912322998047,7175300
2019-06-10 00:00:00-04:00,151.8823131226832,155.81098777270518,149.2599049003534,151.19949340820312,29856300
2019-06-11 00:00:00-04:00,153.69326458691353,154.08910976046994,147.24113170746324,148.58697509765625,15214300
2019-06-12 00:00:00-04:00,149.53701740278723,150.73442852248948,148.58700390203606,149.7052459716797,7161300
2019-06-13 00:00:00-04:00,150.5760740108258,150.65524305225566,148.6859527840586,149.7646026611328,5173800
2019-06-14 00:00:00-04:00,149.46771738767467,150.39793471752895,147.92395888278892,148.4484405517578,6248200
2019-06-17 00:00:00-04:00,148.63648064577424,149.7052401299324,148.30991398950772,148.7255401611328,4491800
2019-06-18 00:00:00-04:00,150.29896445795004,151.35781812032903,148.93332514951263,149.0223846435547,7317800
2019-06-19 00:00:00-04:00,150.11095298490002,152.86201277355227,148.9432285947807,152.5354461669922,8095300
2019-06-20 00:00:00-04:00,154.66306779823887,156.6422484808445,153.8021290332895,155.5635986328125,10153600
2019-06-21 00:00:00-04:00,155.03912313184588,156.14745952624253,154.31672638192313,155.2073516845703,9706900
2019-06-24 00:00:00-04:00,155.75163199944186,156.08808911047595,150.9224260294895,150.97190856933594,6378200
2019-06-25 00:00:00-04:00,151.23910693824857,151.37764899418426,147.04323808712945,147.78543090820312,7362500
2019-06-26 00:00:00-04:00,149.70524398050426,149.8042090667493,147.36980988467076,147.48855590820312,5844900
2019-06-27 00:00:00-04:00,148.32969312864867,149.19063187894102,146.92447667991573,149.12136840820312,6832800
2019-06-28 00:00:00-04:00,148.85418223899578,150.19013528382143,148.0427259843234,150.15054321289062,6936600
2019-07-01 00:00:00-04:00,152.96099961006428,153.12922817072686,150.26931243956005,152.456298828125,6476400
2019-07-02 00:00:00-04:00,152.683899335859,152.75317791327112,150.99170817276692,152.5156707763672,4736300
2019-07-03 00:00:00-04:00,152.93127933097924,154.12869024588827,152.55524528245428,153.97035217285156,3885400
2019-07-05 00:00:00-04:00,152.34743944490927,153.19848779505745,150.98181495742585,152.97088623046875,3940900
2019-07-08 00:00:00-04:00,151.921899780819,152.090128311738,150.4572953352615,151.2192840576172,4717400
2019-07-09 00:00:00-04:00,150.4968832207225,152.58491919934184,150.1010380707778,152.347412109375,4979100
2019-07-10 00:00:00-04:00,152.96097954341727,154.77191650001527,152.96097954341727,154.64328002929688,4966300
2019-07-11 00:00:00-04:00,155.18756081362574,157.64174057264913,154.9896306701973,157.2458953857422,7083200
2019-07-12 00:00:00-04:00,157.74068429859494,157.9583953677859,155.76150374227655,156.43443298339844,4348000
2019-07-15 00:00:00-04:00,157.10736331023168,158.17612273274423,155.84068883168734,157.98809814453125,3603700
2019-07-16 00:00:00-04:00,158.29489706969846,159.92771529329875,155.1677875833364,155.49435424804688,6913100
2019-07-17 00:00:00-04:00,156.0386053941188,158.25529330294677,156.01882445829028,156.59278869628906,4160500
2019-07-18 00:00:00-04:00,155.36568541839054,156.92923998809835,154.5839156835119,156.33547973632812,3724000
2019-07-19 00:00:00-04:00,158.06726112444863,159.06675703399347,154.66306793144304,155.1182861328125,5218800
2019-07-22 00:00:00-04:00,156.00891284818528,157.39434840002633,155.51411767251713,156.0583953857422,2909500
2019-07-23 00:00:00-04:00,156.3354918540448,156.80060056399404,153.66360071387888,154.62350463867188,4865800
2019-07-24 00:00:00-04:00,154.35630660849523,158.58186185117432,154.07922250405244,158.08706665039062,4110500
2019-07-25 00:00:00-04:00,158.45319681709512,159.4526927018073,157.01829387661067,157.69122314453125,6934500
2019-07-26 00:00:00-04:00,157.89904336075617,159.14593694098664,157.07768150868492,158.30477905273438,4979100
2019-07-29 00:00:00-04:00,158.7302787721776,159.5219540356197,153.90108835508525,154.5839080810547,8880500
2019-07-30 00:00:00-04:00,153.72297927666088,156.57300464909795,153.01047293355163,155.3261260986328,4241600
2019-07-31 00:00:00-04:00,155.7516238684133,156.24641904114478,150.71461263399505,152.89170837402344,7454200
2019-08-01 00:00:00-04:00,153.1193045097021,156.13755797659925,148.84428222048288,149.2401123046875,26124700
2019-08-02 00:00:00-04:00,148.2406457951839,148.33959577578403,143.79737943756845,144.18331909179688,13138900
2019-08-05 00:00:00-04:00,139.86869317378185,142.25360948549186,138.34473071440226,141.3332977294922,13070100
2019-08-06 00:00:00-04:00,142.29317651245677,143.45101040193512,140.4822396287986,141.31349182128906,6694000
2019-08-07 00:00:00-04:00,139.46297252723292,141.61039705560907,137.61244324881056,140.16558837890625,7635500
2019-08-08 00:00:00-04:00,142.02601111067358,143.45102362916754,140.8385057119121,142.32289123535156,8670300
2019-08-09 00:00:00-04:00,142.1151011649239,142.96614965195522,140.21508909851866,141.87759399414062,5286700
2019-08-12 00:00:00-04:00,140.07650393744726,140.4921300335094,138.59211855153282,139.25514221191406,4389500
2019-08-13 00:00:00-04:00,139.46295959586837,143.4905995342188,138.96816442506073,142.38226318359375,5205800
2019-08-14 00:00:00-04:00,139.81922838199668,140.87809741408992,136.4348308466285,138.2655792236328,8607800
2019-08-15 00:00:00-04:00,139.63119017049593,141.8082856982534,138.29523729439876,140.6504669189453,6647700
2019-08-16 00:00:00-04:00,141.57078909936197,143.82705382632338,141.0364169692711,142.39215087890625,5341100
2019-08-19 00:00:00-04:00,144.08437109666284,144.61874327913068,141.3926839480474,142.17445373535156,4632100
2019-08-20 00:00:00-04:00,142.65935416821037,144.97499205555314,141.5707986998265,144.0249786376953,6259200
2019-08-21 00:00:00-04:00,145.37082618209166,146.84532133904685,144.638538937658,145.84584045410156,6142400
2019-08-22 00:00:00-04:00,147.93387213691884,148.33959271893582,143.95571455996097,146.69688415527344,11744500
2019-08-23 00:00:00-04:00,156.05839665254544,156.77090291928738,149.0817815990019,149.99221801757812,26531900
2019-08-26 00:00:00-04:00,151.91201773841416,153.59433350801413,149.94274249509974,153.52505493164062,8975400
2019-08-27 00:00:00-04:00,152.65420972157744,154.27713737414882,150.94222255696312,151.97140502929688,6516500
2019-08-28 00:00:00-04:00,150.91252014631473,151.18960422121035,149.29948313178335,150.24949645996094,5326800
2019-08-29 00:00:00-04:00,151.8031612279828,154.3761023064033,151.07087399639553,154.30682373046875,5979900
2019-08-30 00:00:00-04:00,154.79170580549206,156.57297128368074,152.10001910510664,154.4453582763672,7591000
2019-09-03 00:00:00-04:00,152.6047413745239,153.7031873163788,150.18023282812226,151.14013671875,4953800
2019-09-04 00:00:00-04:00,152.48596194475533,153.30732368550554,150.73439802888913,150.87294006347656,3604500
2019-09-05 00:00:00-04:00,153.0302809815306,153.1292460758223,150.3682800045896,152.16934204101562,5065400
2019-09-06 00:00:00-04:00,152.36722723663857,152.44639627654902,149.2005411399718,149.49742126464844,4722300
2019-09-09 00:00:00-04:00,150.08127925636214,150.5661688740755,146.54843438470405,147.98333740234375,6265500
2019-09-10 00:00:00-04:00,147.22134917227413,150.08126445783046,146.20207239887182,148.09217834472656,6249700
2019-09-11 00:00:00-04:00,148.5276008124193,153.04013005230067,147.4885280032481,152.4859619140625,6242400
2019-09-12 00:00:00-04:00,153.42607366448337,155.16776225868136,152.80264204265083,153.13909912109375,4993500
2019-09-13 00:00:00-04:00,152.71360540279846,153.29746014396906,151.1500506807173,151.38754272460938,3763500
2019-09-16 00:00:00-04:00,150.07137752665915,152.49588607703396,149.78440295577232,151.41722106933594,2592300
2019-09-17 00:00:00-04:00,151.4073212828645,151.85263391370643,150.15053732919716,151.2292022705078,3028500
2019-09-18 00:00:00-04:00,150.7640766766745,151.3182447861606,149.0026072858301,151.17970275878906,2951200
2019-09-19 00:00:00-04:00,151.92191433425126,152.64431105974074,151.1797215738311,152.00108337402344,2947000
2019-09-20 00:00:00-04:00,153.07974121245715,155.24694660190758,152.02087223772244,153.5844268798828,11733000
2019-09-23 00:00:00-04:00,152.54535068516472,153.5844236017582,151.36775081963964,153.04014587402344,3642200
2019-09-24 00:00:00-04:00,152.67400649656324,154.6432968387686,149.51721068818352,150.46722412109375,4120800
2019-09-25 00:00:00-04:00,150.46722825632503,151.61515678182047,147.35000933450294,151.39744567871094,3445000
2019-09-26 00:00:00-04:00,150.83334994326765,151.80314419789667,150.25938576401185,150.75418090820312,3837300
2019-09-27 00:00:00-04:00,151.5260849997395,151.55577150526838,145.22239865991065,146.7166748046875,5858200
2019-09-30 00:00:00-04:00,146.40987074447398,147.41925700179212,145.87549866703998,146.894775390625,3671200
2019-10-01 00:00:00-04:00,147.93386882307175,148.59689255438724,145.71718097363657,146.15260314941406,3172900
2019-10-02 00:00:00-04:00,144.53957753034908,144.97499974078468,141.7093482624695,142.71873474121094,4432400
2019-10-03 00:00:00-04:00,142.50103136957907,145.52917587019022,140.601019429979,145.4698028564453,3660900
2019-10-04 00:00:00-04:00,146.73647232223598,147.36980961316203,144.68802792031588,146.48907470703125,3259000
2019-10-07 00:00:00-04:00,145.74687123765653,147.77553455445275,145.46978713682057,147.2510528564453,2704700
2019-10-08 00:00:00-04:00,146.00418136696933,146.79585681754665,144.29219396381254,144.3911590576172,2613200
2019-10-09 00:00:00-04:00,145.73698294734592,146.310947193354,145.08384965706594,145.51927185058594,2273000
2019-10-10 00:00:00-04:00,145.31144189116202,146.0239481439068,143.99528492706264,144.88592529296875,2687400
2019-10-11 00:00:00-04:00,146.59791732155028,149.14117182933938,146.54843478288672,147.8151092529297,4663900
2019-10-14 00:00:00-04:00,147.84479575613767,148.71564011677376,147.25105059202733,147.8151092529297,1556900
2019-10-15 00:00:00-04:00,148.10208454751518,151.37762594989076,148.06249248044546,151.1500244140625,3942600
2019-10-16 00:00:00-04:00,145.72706854978134,149.27970935895618,144.30207113908048,145.44009399414062,8988600
2019-10-17 00:00:00-04:00,146.04373287773842,146.49893594290967,143.99527378462062,144.64840698242188,5024400
2019-10-18 00:00:00-04:00,144.77707399109894,144.9156160387479,140.91766249239083,142.59007263183594,6080000
2019-10-21 00:00:00-04:00,142.59994502593605,143.6785946531263,141.5113898333926,143.04525756835938,3358000
2019-10-22 00:00:00-04:00,143.5400754855681,144.44060627910912,140.66036409960276,140.848388671875,4460500
2019-10-23 00:00:00-04:00,140.63068045331312,144.05466959168717,140.01713928919142,143.61924743652344,4761400
2019-10-24 00:00:00-04:00,145.06403779705332,147.24113342721887,144.87601322491162,146.57810974121094,5280100
2019-10-25 00:00:00-04:00,145.51928349647756,149.09170574291102,144.77709063447574,148.92347717285156,4991400
2019-10-28 00:00:00-04:00,149.6260696668155,153.3073472663124,147.87449038158272,153.17869567871094,7576700
2019-10-29 00:00:00-04:00,153.1687848440793,154.50473778398356,152.8125317334348,153.47555541992188,5477300
2019-10-30 00:00:00-04:00,154.11881697991015,156.77091204949946,153.39640510353348,156.6323699951172,4724500
2019-10-31 00:00:00-04:00,154.9302559010911,156.6323524355139,153.59431804787712,154.86099243164062,4578300
2019-11-01 00:00:00-04:00,156.26621159246858,158.42351124950991,155.11828319333375,158.07716369628906,4771100
2019-11-04 00:00:00-05:00,159.26470138313903,159.57147202965317,155.0589416552257,155.95947265625,5748100
2019-11-05 00:00:00-05:00,155.9495549102338,157.46362708606503,153.85162799469285,156.50372314453125,4015000
2019-11-06 00:00:00-05:00,157.2854945568465,158.3344579246049,156.10787961004013,157.2755889892578,4207400
2019-11-07 00:00:00-05:00,157.27557169344146,159.45268233044533,156.434429038189,157.8396453857422,3802300
2019-11-08 00:00:00-05:00,157.59225330669446,159.5318569144469,157.25579623288468,159.43289184570312,3265300
2019-11-11 00:00:00-05:00,159.54174859873171,160.54122936089303,158.58184480440022,160.09591674804688,3541200
2019-11-12 00:00:00-05:00,160.31363978895538,162.65896413166143,159.90790411364947,161.16468811035156,3710600
2019-11-13 00:00:00-05:00,161.35270703965793,162.70844096576613,160.33343020324878,160.9073944091797,5389700
2019-11-14 00:00:00-05:00,161.33292613143917,161.87720388636595,160.69958886205663,161.35272216796875,3820700
2019-11-15 00:00:00-05:00,162.01573300484856,162.22353852198495,159.31415558242296,161.51104736328125,3693000
2019-11-18 00:00:00-05:00,162.29281443889946,162.29281443889946,160.20477823449852,161.07562255859375,5556700
2019-11-19 00:00:00-05:00,161.93657394317768,162.73813975856663,160.15530818678485,162.2532501220703,4952900
2019-11-20 00:00:00-05:00,161.73863947156227,164.60844527361107,160.56102461004826,162.49072265625,8450300
2019-11-21 00:00:00-05:00,163.59908159559916,164.1829362698515,160.52145504663923,161.18447875976562,5724200
2019-11-22 00:00:00-05:00,161.28341713165756,161.78811783068093,159.70008176792211,161.1151885986328,3761900
2019-11-25 00:00:00-05:00,162.0751166666399,162.93605549414337,159.7693691918792,160.02667236328125,5509300
2019-11-26 00:00:00-05:00,159.87821289703987,160.91728577391703,159.63081531206674,160.84800720214844,5881400
2019-11-27 00:00:00-05:00,160.23447102757777,161.1350018889919,159.4329052432237,159.8287353515625,4012800
2019-11-29 00:00:00-05:00,159.9276920547764,161.70895764893507,159.64071750624942,161.19436645507812,2432500
2019-12-02 00:00:00-05:00,161.40216582205716,161.5110213468155,156.45421487840056,159.3240203857422,5117400
2019-12-03 00:00:00-05:00,155.32612519429108,160.16522193809516,154.5641363123561,159.8881378173828,6216400
2019-12-04 00:00:00-05:00,158.71049903612146,159.01726961678295,152.89170317083955,154.80160522460938,17803300
2019-12-05 00:00:00-05:00,154.11881802406873,157.2657083234794,153.6339132804699,156.572998046875,7126600
2019-12-06 00:00:00-05:00,156.4542479516197,157.83966846873153,155.94954718471018,156.36517333984375,4751200
2019-12-09 00:00:00-05:00,155.7417330090713,157.24589945842604,155.4250568513438,155.84068298339844,3709000
2019-12-10 00:00:00-05:00,155.37557760588285,156.02871087006992,154.5443253241633,154.7719268798828,4074700
2019-12-11 00:00:00-05:00,155.20736713902406,155.24695921416674,153.86152348326814,154.76205444335938,4867500
2019-12-12 00:00:00-05:00,154.14848071979006,157.334962599954,153.69326255121697,156.93911743164062,5353900
2019-12-13 00:00:00-05:00,157.2063234338655,159.80895088351645,156.8995528416915,159.45269775390625,5742300
2019-12-16 00:00:00-05:00,159.175617194686,161.0459423916354,159.14593069155592,160.27406311035156,5370000
2019-12-17 00:00:00-05:00,160.31365340128528,160.67979703694556,158.07718441327475,159.947509765625,4789600
2019-12-18 00:00:00-05:00,160.1157331896352,161.580322785203,159.79905700683594,159.79905700683594,4144800
2019-12-19 00:00:00-05:00,159.90789864054028,161.63968172713552,159.15581542177242,161.62979125976562,4185400
2019-12-20 00:00:00-05:00,163.01521618524094,163.4506383607293,161.92667584647063,162.83709716796875,8586700
2019-12-23 00:00:00-05:00,162.33238747336492,163.1537492409636,161.64958284483208,162.0355224609375,4368600
2019-12-24 00:00:00-05:00,161.61000166859642,162.1344833591665,161.184485055472,161.55062866210938,1238000
2019-12-26 00:00:00-05:00,161.69903957843093,162.8172813843974,161.57040311487592,162.7974853515625,2155500
2019-12-27 00:00:00-05:00,163.14385775553586,163.73761797658403,162.1938444218487,163.26260375976562,3409900
2019-12-30 00:00:00-05:00,163.14387620297407,163.2230452480625,159.5219716649238,160.7490692138672,3197100
2019-12-31 00:00:00-05:00,160.35323065392825,161.56053221679633,160.1157386087424,160.94699096679688,3273500
2020-01-02 00:00:00-05:00,162.21364418137014,165.33086276354058,161.8771870950254,165.25169372558594,5189300
2020-01-03 00:00:00-05:00,163.34178539951068,165.03399159010547,163.2824123928145,164.4402313232422,3205400
2020-01-06 00:00:00-05:00,163.2824189452143,171.86216605597775,162.73814119540663,171.6444549560547,8836200
2020-01-07 00:00:00-05:00,171.42673812111818,175.02884651758623,170.29860568650872,174.16790771484375,8272700
2020-01-08 00:00:00-05:00,173.4059239160508,176.98825148060743,172.93092474559435,175.48406982421875,7225100
2020-01-09 00:00:00-05:00,176.97835507410716,178.02731855064437,175.44448683390846,177.73045349121094,5952900
2020-01-10 00:00:00-05:00,177.9679198537763,178.79917210012485,176.8298970236527,178.3241729736328,5111800
2020-01-13 00:00:00-05:00,179.37312227621933,182.52991757206286,179.24448581240372,181.93617248535156,6202600
2020-01-14 00:00:00-05:00,181.58983696085664,181.93619963809212,180.1450283443286,180.2241973876953,4342300
2020-01-15 00:00:00-05:00,179.7887731377121,181.18409919864342,178.7398097500449,179.17523193359375,3886600
2020-01-16 00:00:00-05:00,180.33305082392656,181.20389519081553,179.07628191256282,180.78826904296875,3485300
2020-01-17 00:00:00-05:00,181.32262864209076,181.43148418041017,179.47209959061107,180.33303833007812,4577000
2020-01-21 00:00:00-05:00,179.62054588257647,184.06381216049772,179.61065541467923,183.34141540527344,6302400
2020-01-22 00:00:00-05:00,183.46014349741756,184.49921632325723,180.78825273093668,180.84762573242188,4781800
2020-01-23 00:00:00-05:00,181.3028760660467,182.38152605086805,179.41275465047394,182.06484985351562,4369000
2020-01-24 00:00:00-05:00,183.0742098647807,184.19245176242524,179.24450014445821,180.21429443359375,4653600
2020-01-27 00:00:00-05:00,176.90908014626422,179.8382592761175,175.45438104936133,178.82888793945312,4239400
2020-01-28 00:00:00-05:00,179.25440328015432,181.94609035855393,178.47263351324352,180.9466094970703,3445300
2020-01-29 00:00:00-05:00,182.08462033805054,182.18358541082299,179.72939052560696,179.87783813476562,2785500
2020-01-30 00:00:00-05:00,179.01689332178364,184.0044372823625,178.6606401817423,183.73724365234375,3715700
2020-01-31 00:00:00-05:00,182.93565915328895,184.0934779650247,178.90801947917666,180.41220092773438,4193300
2020-02-03 00:00:00-05:00,181.35231890422264,183.93515027613472,179.95700801131161,183.48983764648438,4755200
2020-02-04 00:00:00-05:00,186.0429984485196,187.71540866971395,184.7070453452119,186.37945556640625,3983200
2020-02-05 00:00:00-05:00,188.41798950849122,188.5664371153743,180.95648519429963,183.55911254882812,6162700
2020-02-06 00:00:00-05:00,184.88517418532382,185.60757094129372,182.32213870185115,184.7862091064453,4102700
2020-02-07 00:00:00-05:00,184.90496987471158,186.6862204915799,183.71744933019806,183.78672790527344,3713100
2020-02-10 00:00:00-05:00,184.23203291030438,187.29976902300905,183.62838219522186,187.1513214111328,3873500
2020-02-11 00:00:00-05:00,189.4867580386932,190.59510951064266,186.68621550592044,187.1414337158203,4299200
2020-02-12 00:00:00-05:00,187.7351905544208,188.5367563160022,184.82579253093996,187.48779296875,4535400
2020-02-13 00:00:00-05:00,186.53777326833895,189.06123157657436,186.4586042316157,186.6763153076172,3132100
2020-02-14 00:00:00-05:00,187.37894160868805,188.26956689699847,186.1419536527288,187.97268676757812,3599400
2020-02-18 00:00:00-05:00,188.9622727754609,189.50655048352374,186.95340558929738,189.10081481933594,4957000
2020-02-19 00:00:00-05:00,190.00136583056485,191.90137767687628,189.80345076114838,190.8623046875,3903200
2020-02-20 00:00:00-05:00,191.98053573216816,193.6826324116041,187.79457260888088,191.34719848632812,5451200
2020-02-21 00:00:00-05:00,189.84301209892575,190.04092715204126,184.776314259406,187.52737426757812,5242100
2020-02-24 00:00:00-05:00,176.9288599293443,185.20183622858804,176.9288599293443,184.0044403076172,8463300
2020-02-25 00:00:00-05:00,186.50810452465086,188.00238059770513,177.56219882252464,179.383056640625,11361100
2020-02-26 00:00:00-05:00,174.70227872976344,180.76847258033294,172.43612340758193,177.00802612304688,13923100
2020-02-27 00:00:00-05:00,170.41734403172592,176.47363154521014,168.27982546227895,170.3579559326172,9927300
2020-02-28 00:00:00-05:00,163.272503075078,169.98192385625154,161.4219590136396,168.6261749267578,12640800
2020-03-02 00:00:00-05:00,170.4074533796763,174.9496694123344,166.83503165138794,174.91998291015625,7761000
2020-03-03 00:00:00-05:00,176.55282385315925,176.5627143210068,165.35065346974076,167.60691833496094,8323500
2020-03-04 00:00:00-05:00,170.45695152518408,173.97989103911726,167.86422943121224,173.86114501953125,5846300
2020-03-05 00:00:00-05:00,170.77360278805494,171.9413120767733,166.35013300461625,167.8345184326172,5797500
2020-03-06 00:00:00-05:00,163.94542371785326,165.82565435388818,156.88964002410916,162.37197875976562,9757700
2020-03-09 00:00:00-04:00,150.12086070150121,156.06830867111375,149.07189729320348,149.63597106933594,9657100
2020-03-10 00:00:00-04:00,155.59329016394054,159.78915878266,149.42814636634827,159.66050720214844,11443900
2020-03-11 00:00:00-04:00,156.03861024676658,157.95841807840952,148.58699558886076,152.96099853515625,10341300
2020-03-12 00:00:00-04:00,142.83747461766606,149.65575186516446,138.6416209884062,139.1265106201172,13213000
2020-03-13 00:00:00-04:00,147.91406346670564,147.9437499677333,133.9113667505422,146.2416534423828,13765400
2020-03-16 00:00:00-04:00,132.61499424362026,140.07651376282786,122.10554980616634,123.0060806274414,13845300
2020-03-17 00:00:00-04:00,125.6779808414419,136.57336571305217,121.64045019611639,134.0103302001953,12191500
2020-03-18 00:00:00-04:00,124.23317393666541,132.0311432075358,114.08987280902203,130.86343383789062,12988200
2020-03-19 00:00:00-04:00,130.22019871087107,142.50101934964474,127.51862111368709,138.00828552246094,10444000
2020-03-20 00:00:00-04:00,138.9582832053101,144.6781145525057,133.19887488579417,137.89942932128906,12450100
2020-03-23 00:00:00-04:00,137.31554709407004,142.22392171548427,132.69416212085687,139.05723571777344,11898300
2020-03-24 00:00:00-04:00,143.12447519041632,152.5354751689995,141.6895569221137,152.04067993164062,11834400
2020-03-25 00:00:00-04:00,151.08076220760222,156.3750768052877,145.43020956740722,145.52915954589844,10639300
2020-03-26 00:00:00-04:00,146.75626448343576,153.46568642258836,146.1921906876898,153.11932373046875,8573100
2020-03-27 00:00:00-04:00,149.06200233915797,149.87345859098681,143.40154421194904,144.48019409179688,8273500
2020-03-30 00:00:00-04:00,146.18229818668473,151.40733440116003,145.03436967442613,148.29013061523438,7650400
2020-03-31 00:00:00-04:00,147.47863499662446,150.36823673906588,141.2936958818229,142.481201171875,10429700
2020-04-01 00:00:00-04:00,136.88015461378112,137.6124418631341,131.71449139559488,132.66448974609375,8737600
2020-04-02 00:00:00-04:00,132.6149977539134,133.98063727287655,128.68632284497053,132.92178344726562,8150500
2020-04-03 00:00:00-04:00,133.0504072665996,134.77229975277584,130.2894570887134,132.911865234375,6004400
2020-04-06 00:00:00-04:00,137.5530531693554,148.2901140790296,136.86034297194573,146.01405334472656,12296800
2020-04-07 00:00:00-04:00,148.76509934223054,149.23020795286868,143.00567702323838,143.5598602294922,7859500
2020-04-08 00:00:00-04:00,144.77705780704125,150.57605732458754,143.49058745128133,149.546875,7665500
2020-04-09 00:00:00-04:00,150.8036738327868,154.4750606996174,150.10105803564815,152.94119262695312,7094600
2020-04-13 00:00:00-04:00,152.51565282282527,153.69326770059521,148.4385456022669,150.9125213623047,5138600
2020-04-14 00:00:00-04:00,154.08911767031276,157.13704261343432,153.53493439888595,156.06829833984375,7334300
2020-04-15 00:00:00-04:00,153.46565582114422,155.6328608569454,152.39689655280603,154.0099334716797,4042600
2020-04-16 00:00:00-04:00,155.36570633252387,156.35529681871827,152.6443324954892,155.42507934570312,4391500
2020-04-17 00:00:00-04:00,158.33446305800328,161.56052230682772,155.98913865594096,160.92718505859375,7312900
2020-04-20 00:00:00-04:00,159.07661830029122,162.59955685567775,158.84901679136163,161.06568908691406,4686000
2020-04-21 00:00:00-04:00,158.33447314813876,158.4235326652961,146.45938766202835,148.99273681640625,13737900
2020-04-22 00:00:00-04:00,152.39690413087118,154.07920459804026,149.10156666461882,152.5354461669922,6660900
2020-04-23 00:00:00-04:00,151.90210976994953,154.8411941441784,149.9229291866277,150.14064025878906,6281400
2020-04-24 00:00:00-04:00,151.99118133130915,152.89171219215729,149.72502602758496,152.3771209716797,6710500
2020-04-27 00:00:00-04:00,153.9208954376361,156.79071686765172,152.59484782856973,155.98915100097656,5036400
2020-04-28 00:00:00-04:00,157.83965563109652,159.13601653094614,152.5750278943592,152.8521270751953,4731800
2020-04-29 00:00:00-04:00,156.23653582987856,160.2047878635032,154.89069229354496,158.75997924804688,5256700
2020-04-30 00:00:00-04:00,159.94749908438138,163.57929399271327,158.3443523894588,160.26416015625,6830700
2020-05-01 00:00:00-04:00,156.84017501961424,158.50267950676667,153.6437874188022,154.7422332763672,4276900
2020-05-04 00:00:00-04:00,153.96046753060673,160.33343176192122,153.46567235860965,159.78915405273438,5974200
2020-05-05 00:00:00-04:00,160.83812238436312,162.43136349155256,158.58185753815025,161.55062866210938,5264800
2020-05-06 00:00:00-04:00,162.7282670021112,163.98505118646128,161.2240851885558,161.96627807617188,4112600
2020-05-07 00:00:00-04:00,164.76679230245705,169.4871424720811,164.29179316524687,168.1313934326172,6460900
2020-05-08 00:00:00-04:00,171.1496356485762,174.24705805230104,169.36837012726565,174.0689239501953,5403400
2020-05-11 00:00:00-04:00,173.73248997403437,181.39192518387654,172.34706943993174,180.7684783935547,8696000
2020-05-12 00:00:00-04:00,181.09501823809538,181.11481427135305,175.16736712317277,175.6918487548828,5904600
2020-05-13 00:00:00-04:00,173.34654869874444,173.3861407707497,164.5392001714727,167.87411499023438,12534900
2020-05-14 00:00:00-04:00,166.68662466100434,166.81527625677361,162.85691429417537,165.26161193847656,7442300
2020-05-15 00:00:00-04:00,165.5287745662469,169.93244840406328,164.45010965769885,169.5465087890625,5673800
2020-05-18 00:00:00-04:00,172.1887159264606,175.15748689070992,170.33818685739584,170.70433044433594,6398300
2020-05-19 00:00:00-04:00,170.95174321096977,176.34500792180313,170.95174321096977,174.20748901367188,5264000
2020-05-20 00:00:00-04:00,176.71115370803693,177.27521234809527,173.0793438836613,175.0882110595703,4951200
2020-05-21 00:00:00-04:00,175.08820666047257,176.4340500888389,173.10902603640147,173.4355926513672,4429700
2020-05-22 00:00:00-04:00,174.7616692367777,176.78042699212804,173.62363122620505,175.9986572265625,4965100
2020-05-26 00:00:00-04:00,180.10544607882755,180.10544607882755,174.38561498827622,174.6824951171875,8353600
2020-05-27 00:00:00-04:00,174.45487202964443,174.7715481821276,169.58608943484157,174.76165771484375,6340200
2020-05-28 00:00:00-04:00,178.12625783898145,182.87629440134427,175.25645194711117,179.21481323242188,10275200
2020-05-29 00:00:00-04:00,172.48558468157674,173.17829484095077,168.91316325257404,172.97047424316406,19588900
2020-06-01 00:00:00-04:00,171.29811053603703,175.67209845178732,170.88246926490018,174.524169921875,5711600
2020-06-02 00:00:00-04:00,173.02989239295832,173.07935983440194,169.4376743069772,172.4163360595703,8571800
2020-06-03 00:00:00-04:00,173.01008842844342,174.09862878949954,171.04079813078556,173.16842651367188,6004000
2020-06-04 00:00:00-04:00,173.1783196499094,173.60383627307263,168.230367659912,169.65538024902344,7301600
2020-06-05 00:00:00-04:00,168.33921691759826,172.37674740256563,165.2615902908191,172.06997680664062,8232200
2020-06-08 00:00:00-04:00,171.82258655509273,174.73198475675525,170.8626826559061,174.71218872070312,4592600
2020-06-09 00:00:00-04:00,174.1679019269641,174.1679019269641,171.72361254987942,172.74288940429688,4025600
2020-06-10 00:00:00-04:00,174.41529721623053,180.60023683382735,174.21738216845748,180.20440673828125,8127200
2020-06-11 00:00:00-04:00,174.80123389897477,176.57259393162903,170.2095354082389,170.25901794433594,6521200
2020-06-12 00:00:00-04:00,174.06892483137108,175.8402998948454,170.07098672992382,173.2871551513672,5443800
2020-06-15 00:00:00-04:00,170.2095396264198,177.03770697842975,169.4871429013403,176.750732421875,6000000
2020-06-16 00:00:00-04:00,178.13614866426389,180.60023400530457,176.15696801763042,178.60125732421875,5824100
2020-06-17 00:00:00-04:00,179.08615639594237,180.84762590814614,178.79916675521898,179.5116729736328,5038600
2020-06-18 00:00:00-04:00,180.01639801920092,187.03259051561307,179.7294083396856,185.70654296875,8677800
2020-06-19 00:00:00-04:00,187.52736457161325,189.25914762174688,183.5591128470033,185.00390625,11841000
2020-06-22 00:00:00-04:00,185.08308096000846,190.49614135347733,185.05339445766367,189.6549835205078,6252200
2020-06-23 00:00:00-04:00,190.00136300874334,192.0696033883397,186.62685601048508,187.0919647216797,6950800
2020-06-24 00:00:00-04:00,185.55808846292805,187.32946371575972,182.12420860403753,183.61849975585938,4903100
2020-06-25 00:00:00-04:00,184.20235966838194,186.80498729781112,182.52005897899733,186.37945556640625,4022400
2020-06-26 00:00:00-04:00,186.04298301873447,186.26069410047583,181.11482737739448,181.2632598876953,7595700
2020-06-29 00:00:00-04:00,181.41170987429732,181.79764950608518,178.12626267040042,181.42160034179688,3972100
2020-06-30 00:00:00-04:00,181.54034377799795,185.9341272775717,181.22368272304723,185.3799591064453,4478900
2020-07-01 00:00:00-04:00,186.14194589018163,190.8128134250939,185.50860868714014,189.89248657226562,4754600
2020-07-02 00:00:00-04:00,191.14927989628177,193.3560621980492,190.2883260045997,190.5258331298828,4200300
2020-07-06 00:00:00-04:00,192.41596408164202,197.37380666018788,191.82220378842447,195.6618194580078,5794200
2020-07-07 00:00:00-04:00,195.6024288125667,198.13577764863763,194.16752584994296,194.33575439453125,5431500
2020-07-08 00:00:00-04:00,195.93889505582624,199.10558124885952,195.2956673494112,198.19515991210938,4233700
2020-07-09 00:00:00-04:00,199.91703446971306,200.70870972113244,193.6034435920792,198.65036010742188,6062800
2020-07-10 00:00:00-04:00,197.97744755101672,198.6404712887472,195.02847246828773,196.8097381591797,3783200
2020-07-13 00:00:00-04:00,197.9180834558719,198.17537152838204,186.07268495304186,186.37945556640625,5555400
2020-07-14 00:00:00-04:00,184.05391648277893,187.98259141977,181.39191599852575,187.5867462158203,5854700
2020-07-15 00:00:00-04:00,189.04143217472082,190.10030103458743,184.80598693515344,186.1320343017578,7681800
2020-07-16 00:00:00-04:00,184.47943405449354,184.91485623114036,180.0361678791028,183.5789031982422,7350000
2020-07-17 00:00:00-04:00,185.19193439703804,186.4388127811976,181.45128414460916,185.8252716064453,4324300
2020-07-20 00:00:00-04:00,185.9440314017363,193.27689994027023,185.32059971340578,193.05918884277344,5729000
2020-07-21 00:00:00-04:00,193.95970959997743,194.45450477752837,187.50757625672674,188.8138427734375,5376800
2020-07-22 00:00:00-04:00,188.7940455447875,189.87269540104123,186.9039243545041,189.3185272216797,2833000
2020-07-23 00:00:00-04:00,189.48674467298716,192.54459014782077,185.5580700101298,186.5773468017578,3639500
2020-07-24 00:00:00-04:00,184.12318063094247,186.9732057100253,182.4606760681112,186.52789306640625,3908400
2020-07-27 00:00:00-04:00,187.9232047539985,189.56592838808675,186.68621679458582,188.97218322753906,3015700
2020-07-28 00:00:00-04:00,189.0117598158703,190.96125404395673,187.0820616230806,187.52737426757812,3114200
2020-07-29 00:00:00-04:00,188.17059996115864,192.5346970506478,187.77476985914328,191.59458923339844,3747800
2020-07-30 00:00:00-04:00,188.11122670007373,189.9221788592351,185.4195397301678,189.7044677734375,3587400
2020-07-31 00:00:00-04:00,190.99092248911288,192.9602125663036,188.68517534344213,192.82167053222656,3734000
2020-08-03 00:00:00-04:00,195.74099810419577,202.65822582970355,194.52380605334736,201.07489013671875,6557500
2020-08-04 00:00:00-04:00,200.8868453346259,201.2727849753594,196.82951877310882,199.3134002685547,4480300
2020-08-05 00:00:00-04:00,200.68893195675813,201.7774723140975,199.48163048592747,200.5305938720703,3559100
2020-08-06 00:00:00-04:00,200.85715083688044,207.76448712428885,200.29307709982487,205.62696838378906,5113300
2020-08-07 00:00:00-04:00,204.46914832534816,204.78582447764296,196.51284874831686,198.95713806152344,5423400
2020-08-10 00:00:00-04:00,198.31388303336237,199.38264233138028,193.68260784190062,195.1076202392578,5528200
2020-08-11 00:00:00-04:00,191.60446167827754,193.80135326770503,189.72424622063554,189.99143981933594,5015400
2020-08-12 00:00:00-04:00,190.99093257804623,193.3857393507096,190.12008826073227,190.61488342285156,3980300
2020-08-13 00:00:00-04:00,191.3075961583374,196.00814988958206,191.21852155904728,193.108642578125,4711600
2020-08-14 00:00:00-04:00,193.18782527683013,193.4451133264433,190.51593440794682,191.44615173339844,2833000
2020-08-17 00:00:00-04:00,193.30658101098402,195.01858323862848,192.39615967429287,194.6920166015625,3574500
2020-08-18 00:00:00-04:00,197.2550464279286,202.66810685455283,196.92847980018547,201.88632202148438,7284800
2020-08-19 00:00:00-04:00,201.87642292801365,204.94415892425258,197.94774819538915,202.97486877441406,7080700
2020-08-20 00:00:00-04:00,201.72800107903467,207.9228313013526,201.39152888041696,207.32907104492188,5175100
2020-08-21 00:00:00-04:00,207.75460637641,207.81397938309877,204.10301546554342,205.36968994140625,5727800
2020-08-24 00:00:00-04:00,206.70563467497138,207.11135523767078,203.0144518415253,206.29000854492188,5699000
2020-08-25 00:00:00-04:00,211.0004373543964,216.07704024205518,208.60563072687106,213.8009796142578,27096500
2020-08-26 00:00:00-04:00,249.33722746899818,275.0764707774935,246.87314170338237,269.48529052734375,63253400
2020-08-27 00:00:00-04:00,264.2205850292022,275.38316134603554,258.12470573562706,273.4435729980469,22817100
2020-08-28 00:00:00-04:00,268.4560731193593,272.8795432607204,264.6164576695996,268.2779541015625,28068000
2020-08-31 00:00:00-04:00,267.1893595337913,271.85032101635403,263.1419391559522,269.811767578125,16010100
2020-09-01 00:00:00-04:00,268.17896527777776,278.99517976591324,267.76332407315573,278.322265625,13293600
2020-09-02 00:00:00-04:00,280.51917471094276,281.53845155250417,265.7742846942188,273.80975341796875,12963800
2020-09-03 00:00:00-04:00,267.76336911348466,268.9212032211987,254.73047987483943,262.2513732910156,14000600
2020-09-04 00:00:00-04:00,260.2424823057675,262.9044827754402,240.668371201247,252.0486602783203,14374300
2020-09-08 00:00:00-04:00,238.06575840101814,251.03927342918084,237.64022669737574,238.7584686279297,15229600
2020-09-09 00:00:00-04:00,243.83505694373068,250.81167195249984,240.4308788133061,247.82310485839844,9988600
2020-09-10 00:00:00-04:00,252.15751235587646,253.8398280154143,244.39912770698885,245.22048950195312,5945000
2020-09-11 00:00:00-04:00,248.1100856190375,248.6840498151987,236.957398512492,240.5694122314453,5455200
2020-09-14 00:00:00-04:00,243.746004163278,246.27935312093263,241.49962977194093,244.07257080078125,4255200
2020-09-15 00:00:00-04:00,248.75331852242752,249.31739226327076,245.92308955071013,249.06008911132812,4133600
2020-09-16 00:00:00-04:00,252.01898865412468,252.7710719319846,247.62520480463198,247.99136352539062,5441200
2020-09-17 00:00:00-04:00,243.5579572657156,246.2298631278294,238.79803038831432,241.98451232910156,5279500
2020-09-18 00:00:00-04:00,242.57825915686794,245.52723382941738,236.22509165965542,240.25271606445312,6595600
2020-09-21 00:00:00-04:00,236.48240393204944,242.57828402915197,234.33499471374176,242.49911499023438,5561600
2020-09-22 00:00:00-04:00,244.17153151934824,245.98248369501482,238.74856545999285,245.20069885253906,3600800
2020-09-23 00:00:00-04:00,245.90331137518066,246.18039546503556,232.9000947871747,233.53343200683594,7507900
2020-09-24 00:00:00-04:00,233.38498804582437,237.4621106173849,231.19800179525717,235.0771942138672,4166800
2020-09-25 00:00:00-04:00,234.91883598596635,241.41054580734826,232.60319835454953,240.21315002441406,5117800
2020-09-28 00:00:00-04:00,244.98298395056716,245.9923703327538,239.68868465272072,244.1022491455078,4088300
2020-09-29 00:00:00-04:00,242.70692495625164,245.3194428886456,241.95484172266643,244.87413024902344,3983700
2020-09-30 00:00:00-04:00,244.0824721112701,252.75129389202382,243.65695547680193,248.70387268066406,8188500
2020-10-01 00:00:00-04:00,250.54448239775064,252.01897748367418,248.19915805499605,250.81167602539062,4318000
2020-10-02 00:00:00-04:00,247.15020475158124,252.29607186055284,244.63665175564384,245.26998901367188,4494500
2020-10-05 00:00:00-04:00,247.3975947979498,250.64345003370286,246.40800441875803,248.9116668701172,3403500
2020-10-06 00:00:00-04:00,250.09915281206278,254.61169727342178,246.40798521335861,247.53611755371094,4448100
2020-10-07 00:00:00-04:00,249.57471488493408,258.02581090117735,249.57471488493408,257.27374267578125,4963200
2020-10-08 00:00:00-04:00,261.4497803834998,261.8653914151114,254.40387178196784,257.5111999511719,4150400
2020-10-09 00:00:00-04:00,260.1632875957204,263.2804910458601,258.77786719564716,263.21124267578125,4225000
2020-10-12 00:00:00-04:00,267.1894096339422,267.1894096339422,262.52844727741166,264.2899169921875,4317000
2020-10-13 00:00:00-04:00,263.64666271435726,265.99198690849965,261.4794575273878,264.0523681640625,3713200
2020-10-14 00:00:00-04:00,267.1893662266912,267.34770428992437,256.0564759672457,259.1044006347656,5129500
2020-10-15 00:00:00-04:00,255.4231559857862,257.80807240223106,251.37575009514094,255.0372314453125,5256800
2020-10-16 00:00:00-04:00,256.5413860239824,259.78724107989814,255.7991932807099,255.8585662841797,3092300
2020-10-19 00:00:00-04:00,257.0559921104664,258.75808867497597,251.85073734460207,252.3554229736328,3242300
2020-10-20 00:00:00-04:00,253.4538829562752,256.4820270990527,251.4054387243761,253.30545043945312,2989300
2020-10-21 00:00:00-04:00,253.78046407215305,255.62108767604616,249.22834230137107,251.58355712890625,2794000
2020-10-22 00:00:00-04:00,251.2470867799652,252.56324372300284,243.5678713009858,247.07101440429688,3685700
2020-10-23 00:00:00-04:00,247.4965595222726,247.96166820782437,244.24079872341034,247.9121856689453,3159600
2020-10-26 00:00:00-04:00,242.7465066555078,245.52725301740335,234.9089531931712,239.4610595703125,5864100
2020-10-27 00:00:00-04:00,245.4184123897708,249.12937628679356,243.21163008699415,247.69447326660156,4285600
2020-10-28 00:00:00-04:00,242.05379888240904,242.89494159642132,235.5323871822786,235.94801330566406,4425400
2020-10-29 00:00:00-04:00,239.99544850461135,239.99544850461135,234.66155728669358,234.67144775390625,4589000
2020-10-30 00:00:00-04:00,233.36522188960808,235.27512416694023,226.27975080385193,229.8521728515625,5741200
2020-11-02 00:00:00-05:00,232.6724778554113,236.01729806457897,226.60629928842633,230.0302734375,3953400
2020-11-03 00:00:00-05:00,232.65269289434661,238.43189680429947,230.8516312436698,234.66156005859375,4151400
2020-11-04 00:00:00-05:00,243.4590152839442,250.24760549790835,240.70795539635625,248.1298828125,6505400
2020-11-05 00:00:00-05:00,255.42314862602575,258.20392527039206,252.78095932536425,257.5111999511719,8961700
2020-11-06 00:00:00-05:00,257.2934925354225,259.0252756582571,251.84085511036554,257.4419250488281,3798600
2020-11-09 00:00:00-05:00,258.2335921680634,268.0998083347809,254.57209610141703,256.5809631347656,8777500
2020-11-10 00:00:00-05:00,255.37367287703088,256.30389018403827,240.37148015964516,245.08193969726562,6863200
2020-11-11 00:00:00-05:00,250.87104914039395,254.0674218059492,248.5950033704643,251.53407287597656,4163400
2020-11-12 00:00:00-05:00,244.8246469192259,252.31585312799916,243.79547959765205,246.82362365722656,5607000
2020-11-13 00:00:00-05:00,250.20802697211366,251.14813480905394,244.9829909963278,246.91268920898438,5160000
2020-11-16 00:00:00-05:00,246.9225832167513,250.85125803241561,245.59652069940998,247.28872680664062,5712600
2020-11-17 00:00:00-05:00,251.09867491396238,255.5815031426874,247.85281959209416,253.50338745117188,5090700
2020-11-18 00:00:00-05:00,253.7309491865469,259.92579418482853,253.186686596559,254.48304748535156,5880500
2020-11-19 00:00:00-05:00,254.166352717782,264.3096526418715,252.99864348669146,261.8950500488281,8084600
2020-11-20 00:00:00-05:00,260.8460957568261,262.26120259555546,255.1361707684485,255.3538818359375,7286100
2020-11-23 00:00:00-05:00,258.51072547529617,259.0153960714967,251.95962639412187,254.95809936523438,5383600
2020-11-24 00:00:00-05:00,257.2934731295201,259.5794242632559,255.1361735643329,258.1247253417969,5797300
2020-11-25 00:00:00-05:00,260.98469495717603,263.33001944412354,242.49913787412493,244.25071716308594,26394900
2020-11-27 00:00:00-05:00,248.3871914413249,249.2184437568215,244.45851632885842,245.05227661132812,7395000
2020-11-30 00:00:00-05:00,242.92464158032578,245.05226995139236,233.61260760632825,243.24131774902344,18966400
2020-12-01 00:00:00-05:00,242.4496298755892,244.13193040983796,236.21520780165545,238.83763122558594,18872000
2020-12-02 00:00:00-05:00,223.13282199031545,223.64741318669562,213.38536636051134,218.48175048828125,52225500
2020-12-03 00:00:00-05:00,223.7562940406541,223.7562940406541,217.83854746261164,218.6697998046875,21395300
2020-12-04 00:00:00-05:00,221.49013803402605,226.22037909730736,219.51095716738277,223.50889587402344,20504800
2020-12-07 00:00:00-05:00,225.73546285384052,227.4771364918125,223.89482413759526,225.32972717285156,12864100
2020-12-08 00:00:00-05:00,226.26980677031818,227.11096453078218,223.31094155869934,225.488037109375,12116800
2020-12-09 00:00:00-05:00,225.676103853347,226.45787366040238,217.77917633544365,218.2739715576172,15651800
2020-12-10 00:00:00-05:00,218.2739589547164,221.9750173389103,217.86822327197237,220.5994873046875,9258600
2020-12-11 00:00:00-05:00,219.60986491268392,220.42133615991239,217.69005742528856,220.1046600341797,8214400
2020-12-14 00:00:00-05:00,220.76772150348603,221.14377069222533,218.15520341845036,218.9666748046875,8508500
2020-12-15 00:00:00-05:00,219.75833362180433,219.8275970934947,215.92860874553128,217.85830688476562,10766800
2020-12-16 00:00:00-05:00,219.17448290692033,221.66825500369836,217.95729091323466,221.29220581054688,8821400
2020-12-17 00:00:00-05:00,222.55886616718755,224.36981833996026,222.16303606273527,223.56825256347656,9946900
2020-12-18 00:00:00-05:00,224.65679471070928,225.44846997273152,222.0640578500876,225.06251525878906,11845400
2020-12-21 00:00:00-05:00,222.55888458468027,225.0724527658051,222.37087508447493,224.112548828125,9219000
2020-12-22 00:00:00-05:00,224.6370206859333,229.45632109950176,224.24119056611477,228.76361083984375,10339600
2020-12-23 00:00:00-05:00,230.0797453406448,230.7526594983964,224.74585421394997,225.06251525878906,7090500
2020-12-24 00:00:00-05:00,225.92347461010883,226.80420939689142,222.4895949683953,223.42970275878906,6146300
2020-12-28 00:00:00-05:00,224.8547350455768,225.4682762701864,219.7385544179077,222.3015899658203,6422500
2020-12-29 00:00:00-05:00,222.6281381473585,222.95470476883816,218.56092127976632,220.14427185058594,6122400
2020-12-30 00:00:00-05:00,220.80731176953302,221.31199743980318,219.27344362269653,220.08489990234375,4724000
2020-12-31 00:00:00-05:00,219.95625868929469,220.47083481656466,217.87811284471294,220.2135467529297,6011100
2021-01-04 00:00:00-05:00,220.32239466367872,221.4208405548988,213.4744312616397,218.0166473388672,10319900
2021-01-05 00:00:00-05:00,217.20519828518158,220.67865508848436,215.7208127128375,219.2140655517578,8657200
2021-01-06 00:00:00-05:00,215.73068091827486,218.16507964967897,213.5337892899185,213.89993286132812,9789800
2021-01-07 00:00:00-05:00,214.77079914063626,218.3630170549849,214.24631744679954,215.71090698242188,8443100
2021-01-08 00:00:00-05:00,217.70987999749582,220.00573688908207,216.93800072186437,219.7286376953125,7301700
2021-01-11 00:00:00-05:00,217.34372785905927,218.28383564759145,213.9791116949047,215.97808837890625,7199000
2021-01-12 00:00:00-05:00,215.73069965355498,216.0275797831601,211.8613977009182,213.27651977539062,10736000
2021-01-13 00:00:00-05:00,214.741119297746,216.6213350396351,213.28642018482967,215.90882873535156,6839200
2021-01-14 00:00:00-05:00,215.9583101323597,217.2150941763092,213.30621509153218,213.35569763183594,6548000
2021-01-15 00:00:00-05:00,213.91975284036513,215.60205348373714,210.77286264746405,210.92129516601562,8525600
2021-01-19 00:00:00-05:00,213.10827498254977,215.018176994194,211.47544194414849,214.5035858154297,7753800
2021-01-20 00:00:00-05:00,219.67917169040302,222.30158013113905,217.68019491485194,221.11407470703125,9857700
2021-01-21 00:00:00-05:00,221.3614814574268,222.4005544089898,218.52136180977908,219.8572998046875,6785900
2021-01-22 00:00:00-05:00,222.55886120058247,225.41877667628756,221.42083835071531,223.41981506347656,10186100
2021-01-25 00:00:00-05:00,227.29901245273894,227.90266317699653,219.01614596247327,223.56825256347656,8213500
2021-01-26 00:00:00-05:00,225.42868646889733,225.53754201222537,222.20261223933005,223.9047088623047,5021000
2021-01-27 00:00:00-05:00,221.37136508882827,225.43858215651537,219.27343831423812,222.44012451171875,7641100
2021-01-28 00:00:00-05:00,222.65781124696036,227.20993253910015,222.65781124696036,224.14219665527344,7246000
2021-01-29 00:00:00-05:00,222.3213651076543,226.40836286482647,220.6984375854473,223.2119903564453,6473000
2021-02-01 00:00:00-05:00,224.8448145162196,227.5067996896466,222.41041577961516,226.08180236816406,5696700
2021-02-02 00:00:00-05:00,229.06047704506472,233.49383753712905,228.97141753851605,231.76205444335938,7134900
2021-02-03 00:00:00-05:00,232.55374463486126,233.5433350375628,229.8422614954766,232.37562561035156,5357600
2021-02-04 00:00:00-05:00,233.0683472695253,235.75012893601556,233.01886472698024,235.5027313232422,4770700
2021-02-05 00:00:00-05:00,236.6605320800058,236.86835270268034,233.94906411717622,236.4032440185547,5020000
2021-02-08 00:00:00-05:00,237.01677426140435,238.60012482777503,234.66155954636437,236.44281005859375,4336400
2021-02-09 00:00:00-05:00,237.06625183488947,237.58084302317957,233.78081986338313,234.23602294921875,5157200
2021-02-10 00:00:00-05:00,234.97821027908378,235.74019902692766,231.5245498465521,234.2558135986328,5535600
2021-02-11 00:00:00-05:00,236.4428389190304,240.36162374415582,236.096491321577,238.7288055419922,6091600
2021-02-12 00:00:00-05:00,238.4418078816044,239.0454586397837,236.42305007553426,237.8678436279297,4314400
2021-02-16 00:00:00-05:00,242.44964765264837,248.61479160782937,241.2621421943399,246.0022735595703,10837600
2021-02-17 00:00:00-05:00,246.00225143720925,246.9027822429249,242.94442100456138,245.08193969726562,5879200
2021-02-18 00:00:00-05:00,243.4095077414276,245.4282651472458,240.0449070317478,244.4386749267578,4152800
2021-02-19 00:00:00-05:00,245.41842080443328,246.79395086542783,243.41944395537857,243.993408203125,4647700
2021-02-22 00:00:00-05:00,241.71734477441413,241.97464794143164,237.87774430457551,238.44180297851562,5055000
2021-02-23 00:00:00-05:00,232.8110388178083,236.47253548392544,226.626098638491,233.1870880126953,8641600
2021-02-24 00:00:00-05:00,233.07820309834938,238.9860584213578,229.10004584819427,237.96678161621094,6128300
2021-02-25 00:00:00-05:00,236.0469590481679,237.84802053530072,227.3781539704028,228.6745147705078,8828900
2021-02-26 00:00:00-05:00,227.00214234527144,228.10058829855973,214.08798454308507,214.24632263183594,20372900
2021-03-01 00:00:00-05:00,217.61091605202404,217.90779618264446,212.79161578810985,215.27548217773438,14027700
2021-03-02 00:00:00-05:00,216.12652157945018,216.3244517249958,211.11919693612757,211.2478485107422,10211500
2021-03-03 00:00:00-05:00,210.61452554667017,211.09943027612618,203.2618610610037,203.85562133789062,11459000
2021-03-04 00:00:00-05:00,204.68687248732354,206.91345086312344,199.41235390065677,203.19259643554688,12800500
2021-03-05 00:00:00-05:00,207.8238473359581,210.13950004560522,201.10453604116393,208.5660400390625,11406000
2021-03-08 00:00:00-05:00,211.3962857661131,212.66296020630338,205.40927622769271,205.55770874023438,9576400
2021-03-09 00:00:00-05:00,209.97127640334165,213.54369822508525,208.97179557064712,209.3280487060547,9732200
2021-03-10 00:00:00-05:00,212.48486531471957,213.89997242810904,209.56557647035254,209.75360107421875,7186400
2021-03-11 00:00:00-05:00,212.76194896745795,215.89894891465832,212.11872120823486,213.70205688476562,6431000
2021-03-12 00:00:00-05:00,211.22804359477874,211.62388876927594,207.12124994653507,210.00096130371094,6114600
2021-03-15 00:00:00-04:00,209.6447006315205,210.7233503806967,207.31915750260953,210.58480834960938,5733700
2021-03-16 00:00:00-04:00,212.6035675502468,214.43431556877945,211.2577241944477,212.247314453125,5311000
2021-03-17 00:00:00-04:00,211.2973344553386,212.57389935497832,208.66502051660365,210.9014892578125,5805100
2021-03-18 00:00:00-04:00,208.50667884816423,209.17960812239903,206.23061807640983,207.29937744140625,5580100
2021-03-19 00:00:00-04:00,207.62593813987812,210.53533603384662,206.8936509828586,209.99105834960938,7088400
2021-03-22 00:00:00-04:00,209.278569599641,214.72131669653882,209.169714053705,212.93016052246094,5002500
2021-03-23 00:00:00-04:00,212.52441000335764,215.16661432482908,212.09889341710505,212.7619171142578,4578000
2021-03-24 00:00:00-04:00,212.89058927718074,213.0390217983808,207.23013093616495,207.348876953125,4617700
2021-03-25 00:00:00-04:00,204.023849395206,206.0030301800651,202.24258366884263,203.30145263671875,7977200
2021-03-26 00:00:00-04:00,203.49933829029044,207.23009775865478,202.6383996052636,206.91342163085938,7333200
2021-03-29 00:00:00-04:00,206.83425447439424,209.44677215259998,203.84570276595787,208.57594299316406,5686900
2021-03-30 00:00:00-04:00,206.46813657978174,209.09054505061914,205.20146209953376,207.81398010253906,4717900
2021-03-31 00:00:00-04:00,208.24938288047792,211.44575528668844,207.92281627303976,209.66448974609375,6838000
2021-04-01 00:00:00-04:00,211.37649402654387,216.65099703525667,211.14887738568075,216.4431915283203,7763500
2021-04-05 00:00:00-04:00,217.3239576952762,219.53074015420535,216.65102834235833,217.9968719482422,5553200
2021-04-06 00:00:00-04:00,217.53175956074327,219.24374665065852,215.97809545201255,218.7885284423828,5448500
2021-04-07 00:00:00-04:00,219.64947213574752,220.36196326791546,217.10621778778128,218.49163818359375,4403400
2021-04-08 00:00:00-04:00,220.67865288922744,223.36044944051432,220.13437516480198,222.11355590820312,6169100
2021-04-09 00:00:00-04:00,221.99480196460829,228.90213828432093,221.30209174915578,228.87245178222656,7319300
2021-04-12 00:00:00-04:00,227.1307756793219,227.45734229864837,224.78543634051385,226.37867736816406,6205700
2021-04-13 00:00:00-04:00,226.61620495237153,231.05947135008392,226.12140974505195,229.58497619628906,5397100
2021-04-14 00:00:00-04:00,230.42611596094315,230.71309051463342,225.29013969702413,225.64639282226562,4617600
2021-04-15 00:00:00-04:00,227.47714683081745,230.6537387483751,227.11100320447667,230.57456970214844,5073900
2021-04-16 00:00:00-04:00,231.56416632902267,231.56416632902267,227.49694895745074,229.4959259033203,5088700
2021-04-19 00:00:00-04:00,228.42715257968663,229.7828865881985,226.4875487624435,228.1005859375,4257700
2021-04-20 00:00:00-04:00,227.60579392188018,229.0406969940061,224.52816714789495,225.5870361328125,4081200
2021-04-21 00:00:00-04:00,224.74587406048175,228.3875594474393,224.31045187292142,228.1599578857422,4024000
2021-04-22 00:00:00-04:00,227.60577371193332,231.45527945462845,226.62607385866954,228.9417266845703,4975400
2021-04-23 00:00:00-04:00,230.51516501838563,233.03862328279942,229.33755015499588,231.0792236328125,5447100
2021-04-26 00:00:00-04:00,231.60371011853303,233.345398732689,230.00057864409385,233.00894165039062,3459600
2021-04-27 00:00:00-04:00,233.00892996740833,233.44433699916635,229.49588151380695,231.77194213867188,3445200
2021-04-28 00:00:00-04:00,232.553764878092,235.84910301793332,231.0990656514967,234.41419982910156,4274500
2021-04-29 00:00:00-04:00,234.849573524255,235.1959210637995,229.7531745000057,231.92037963867188,4140800
2021-04-30 00:00:00-04:00,230.3766500774264,232.0589507515841,227.1307947461253,227.92247009277344,5024800
2021-05-03 00:00:00-04:00,228.3677629214419,229.0505826598696,220.74792045917854,221.43072509765625,5835700
2021-05-04 00:00:00-04:00,219.36247040068096,219.6890369974007,212.12856803986648,214.91920471191406,6727500
2021-05-05 00:00:00-04:00,216.5421729887495,217.28436576959942,212.60359242640803,213.1577606201172,4205800
2021-05-06 00:00:00-04:00,213.56347893144203,216.00776816560992,211.27752776830152,215.78016662597656,5200000
2021-05-07 00:00:00-04:00,218.21457471896508,218.94687705447436,212.8509965371276,214.24632263183594,5774700
2021-05-10 00:00:00-04:00,213.25669301112646,213.7119111575869,211.01031897740882,211.6634521484375,5263700
2021-05-11 00:00:00-04:00,206.8243905615795,214.31559702750408,206.73533105087614,213.31610107421875,6097900
2021-05-12 00:00:00-04:00,211.1191988589317,211.1488853610439,206.8243804205973,208.3483428955078,5482500
2021-05-13 00:00:00-04:00,210.75304789034013,213.39525218550614,208.27907213457237,209.65460205078125,5337000
2021-05-14 00:00:00-04:00,211.96037659211513,215.9979073580221,211.920784518947,215.39425659179688,4429000
2021-05-17 00:00:00-04:00,214.33536102460582,215.45360290378912,210.60461643821424,212.8212890625,3816100
2021-05-18 00:00:00-04:00,213.19735339398062,215.0874746394317,211.56452021075685,212.09890747070312,3540600
2021-05-19 00:00:00-04:00,213.60307796227724,219.29322233824763,212.27701544913253,219.03591918945312,8092100
2021-05-20 00:00:00-04:00,220.65887089691427,224.46880011041216,220.04532965939734,221.45054626464844,6705500
2021-05-21 00:00:00-04:00,222.86565856576115,223.4297172365672,220.12448895513938,220.26303100585938,4913600
2021-05-24 00:00:00-04:00,222.6578458467747,225.23078699431807,221.8760760542247,224.62713623046875,5288300
2021-05-25 00:00:00-04:00,225.62660469069542,227.3287013375862,223.92450804380465,225.33963012695312,6256300
2021-05-26 00:00:00-04:00,226.10160285579124,227.84329156592324,225.91357827004285,227.2891082763672,5807100
2021-05-27 00:00:00-04:00,227.1307777613555,227.1307777613555,223.04376484862547,223.47918701171875,15344100
2021-05-28 00:00:00-04:00,236.7297962813747,240.9652416201309,235.35426634799288,235.6214599609375,17810800
2021-06-01 00:00:00-04:00,235.5225071340654,235.91833724052893,230.04018314979695,233.74124145507812,8103900
2021-06-02 00:00:00-04:00,231.95999275294773,235.8094989548562,231.46519753367951,232.17770385742188,5543900
2021-06-03 00:00:00-04:00,230.4657209521816,230.7526955407644,227.0417313266046,228.4370574951172,5109000
2021-06-04 00:00:00-04:00,229.2188246461018,235.41365499147932,229.10996910025878,235.00791931152344,6177600
2021-06-07 00:00:00-04:00,234.13706363104782,236.97718287043503,233.38496536281488,235.66102600097656,3510800
2021-06-08 00:00:00-04:00,236.31418377397262,239.27304932128726,233.21676107867194,233.95895385742188,5827300
2021-06-09 00:00:00-04:00,236.3834298174957,236.3834298174957,233.05840580987962,233.6323699951172,3350900
2021-06-10 00:00:00-04:00,233.543326473157,237.78866250108481,232.7021686217268,237.68971252441406,4659500
2021-06-11 00:00:00-04:00,236.54178197115564,237.86782942636287,235.92824078142257,237.80845642089844,4624200
2021-06-14 00:00:00-04:00,238.19439792877372,244.0725671151674,237.97668684039243,243.69651794433594,6764700
2021-06-15 00:00:00-04:00,242.65745223728726,242.80588474728066,239.4907510912263,240.05482482910156,5135300
2021-06-16 00:00:00-04:00,239.48086639503978,242.45952793364054,236.9870944674028,239.86680603027344,5099300
2021-06-17 00:00:00-04:00,239.48087691563575,244.60694794213435,238.68920157526324,241.8855743408203,5170200
2021-06-18 00:00:00-04:00,239.33240439380515,243.44908829577227,238.55061965212158,240.25271606445312,7822200
2021-06-21 00:00:00-04:00,240.9157664875339,242.17255045376007,236.40323693000238,241.93504333496094,5895100
2021-06-22 00:00:00-04:00,241.26211965397803,242.17254092362174,238.38240823915783,240.5792999267578,4457200
2021-06-23 00:00:00-04:00,241.21264620430046,241.95483896185215,238.34284024841403,239.32252502441406,4482400
2021-06-24 00:00:00-04:00,240.81681101035034,245.1116293858339,240.17356824078206,241.23243713378906,4987300
2021-06-25 00:00:00-04:00,241.64809094586434,241.6579814142402,238.48140457113914,239.35223388671875,15409300
2021-06-28 00:00:00-04:00,241.66787100815284,245.01267619226002,241.06422027818886,242.0241241455078,4274900
2021-06-29 00:00:00-04:00,241.8954866486802,244.21112462633022,239.90640022432947,243.251220703125,3871900
2021-06-30 00:00:00-04:00,242.92464506317998,244.06268307330882,240.96526031611123,241.7272491455078,4168800
2021-07-01 00:00:00-04:00,241.95485617603825,244.0230965169085,240.0944213660949,242.4298553466797,3899600
2021-07-02 00:00:00-04:00,244.34965851026635,246.3684313719469,243.28089907172094,245.6163330078125,4056200
2021-07-06 00:00:00-04:00,246.40800105656064,250.28719347806742,245.79445986181764,247.64498901367188,5590200
2021-07-07 00:00:00-04:00,250.3663657697041,250.86116095897228,245.27987182802514,245.8538360595703,5101400
2021-07-08 00:00:00-04:00,242.29130434288123,244.01319703528551,239.22358323336434,243.24131774902344,5159600
2021-07-09 00:00:00-04:00,243.03349964171395,245.41841609957302,241.5491140604665,242.50901794433594,4213500
2021-07-12 00:00:00-04:00,244.6465409172179,244.68611788940458,239.33244527901977,240.38140869140625,5604500
2021-07-13 00:00:00-04:00,239.76784095009873,244.58715625658567,239.1641902283394,241.47984313964844,6699800
2021-07-14 00:00:00-04:00,241.95483126395877,243.58764923864356,237.37302328779433,239.9063720703125,6375700
2021-07-15 00:00:00-04:00,238.70898075802037,239.5105465098234,233.36519901270015,235.10687255859375,7912600
2021-07-16 00:00:00-04:00,235.81937683172688,238.37252167533768,235.29489516888688,235.94801330566406,7288100
2021-07-19 00:00:00-04:00,234.04801177834682,236.01730204057958,231.8709159954469,235.0771942138672,8843000
2021-07-20 00:00:00-04:00,236.21522384828998,240.64858458205438,233.81052644067404,237.6105499267578,8487000
2021-07-21 00:00:00-04:00,238.92668273664142,240.45064514374795,235.78968332010464,239.58970642089844,15323100
2021-07-22 00:00:00-04:00,240.96525484968052,246.11112174845152,240.80691676665356,245.69549560546875,7868700
2021-07-23 00:00:00-04:00,247.39758509763658,247.95175327226323,244.11213791956382,245.66580200195312,5877300
2021-07-26 00:00:00-04:00,245.61632817312756,245.89341227026475,243.26111334746147,245.0225830078125,3960700
2021-07-27 00:00:00-04:00,244.63663984921197,245.5470611695702,238.67930164648567,240.9751434326172,6352500
2021-07-28 00:00:00-04:00,241.28192914481957,243.51839792541872,240.47045780056158,241.42047119140625,4100200
2021-07-29 00:00:00-04:00,240.95537115078798,243.59757569822762,240.95537115078798,241.4996337890625,3271100
2021-07-30 00:00:00-04:00,240.47047484459915,241.69757241559122,239.11474078548449,239.41160583496094,3748400
2021-08-02 00:00:00-04:00,239.78764044510115,239.94597852849165,236.39335271964038,238.3527374267578,3525700
2021-08-03 00:00:00-04:00,238.86733167798576,240.5199458069678,236.55167870388883,238.61993408203125,3077900
2021-08-04 00:00:00-04:00,239.10480705783553,242.10326450403272,237.1751089637408,241.62826538085938,4121600
2021-08-05 00:00:00-04:00,242.1329706128942,248.28822407810222,241.00483816653508,247.95176696777344,5235200
2021-08-06 00:00:00-04:00,246.6356169914916,249.45595573811067,246.6257265232403,247.98146057128906,4045400
2021-08-09 00:00:00-04:00,248.80281644807312,249.7924068476438,245.2699865735803,246.7246856689453,3312200
2021-08-10 00:00:00-04:00,248.25853127531116,248.63458044787328,240.51003686667292,240.8563995361328,4430600
2021-08-11 00:00:00-04:00,242.12308558116501,243.58767517073645,237.6006652262213,239.75796508789062,3999200
2021-08-12 00:00:00-04:00,239.9756502247414,245.84391351628187,239.41157649994858,245.80433654785156,4467400
2021-08-13 00:00:00-04:00,249.0897928268279,251.12834652516057,246.27934476606848,248.94134521484375,5986400
2021-08-16 00:00:00-04:00,247.56579978051667,248.3871615290409,241.92513817614187,246.60589599609375,4047500
2021-08-17 00:00:00-04:00,245.67569894718034,246.60591630766683,243.37985714891326,244.41893005371094,3472600
2021-08-18 00:00:00-04:00,245.41840678126286,254.12678978063767,245.14132269128007,248.60488891601562,8306700
2021-08-19 00:00:00-04:00,246.57621195901,252.78094733578666,245.7944422700461,250.4356231689453,6600800
2021-08-20 00:00:00-04:00,250.36636814733652,255.18566850459146,249.98042850004026,253.4637908935547,5510700
2021-08-23 00:00:00-04:00,254.32472768519145,259.134122436515,253.89921106972574,257.8080749511719,7603900
2021-08-24 00:00:00-04:00,259.19351508185997,259.7674641909733,256.36327100615483,256.95703125,6685200
2021-08-25 00:00:00-04:00,258.1445799595441,259.17376260180095,256.0565583660221,258.13470458984375,9701000
2021-08-26 00:00:00-04:00,266.99143622916387,272.35502864919977,264.57683361348984,265.00238037109375,18987000
2021-08-27 00:00:00-04:00,265.0716349337549,268.0899033738634,262.666937828284,263.7554931640625,7992500
2021-08-30 00:00:00-04:00,263.043013761192,264.7945778436447,261.99405038527334,262.2117614746094,5730000
2021-08-31 00:00:00-04:00,262.0138412709554,263.9930220855713,259.96541207975395,262.5086364746094,5901500
2021-09-01 00:00:00-04:00,263.4982076792471,270.4154646581619,262.82529349929354,265.5268859863281,7189000
2021-09-02 00:00:00-04:00,266.1998185697301,266.45712173863615,261.172712607374,261.4002990722656,4498300
2021-09-03 00:00:00-04:00,260.85601912181573,264.6263558933874,259.07473839357766,264.2997741699219,7356700
2021-09-07 00:00:00-04:00,263.7654213500378,265.1112497352136,261.3211319682279,262.4492492675781,4672500
2021-09-08 00:00:00-04:00,260.8757902519226,261.5882964764591,258.8570175824193,259.8861999511719,3851500
2021-09-09 00:00:00-04:00,259.09453123740997,260.9648411401393,257.73879740212027,258.0257568359375,4126500
2021-09-10 00:00:00-04:00,258.28307520351973,258.86692987213735,253.8299187344935,254.52264404296875,5280900
2021-09-13 00:00:00-04:00,254.32471340756425,255.00753314749096,249.56478636250415,251.4647979736328,5258200
2021-09-14 00:00:00-04:00,251.46481886382062,252.45440927057288,250.36637290832752,251.72210693359375,4097500
2021-09-15 00:00:00-04:00,251.89033775574921,254.07733921831587,250.31689261885296,253.4934844970703,4764600
2021-09-16 00:00:00-04:00,252.87004126882732,258.5008132292689,252.3455595491331,257.6497497558594,5122600
2021-09-17 00:00:00-04:00,256.5710388200445,258.975765944263,255.98718422935897,257.81793212890625,7049400
2021-09-20 00:00:00-04:00,253.91900621521816,256.511728324185,252.28618803666075,255.53204345703125,5985500
2021-09-21 00:00:00-04:00,256.7690384030762,259.81696373831505,255.08672253758385,255.28465270996094,6040600
2021-09-22 00:00:00-04:00,256.20492873586824,257.6497221523286,253.5429283494358,256.4721374511719,4355600
2021-09-23 00:00:00-04:00,267.1893941690401,276.48166203998244,263.62686287347276,274.9675598144531,15617200
2021-09-24 00:00:00-04:00,275.60092345508167,283.3790894200154,275.31393378617565,282.6567077636719,13368300
2021-09-27 00:00:00-04:00,279.49989469225557,280.80616117335956,276.1352936166029,276.76861572265625,5941100
2021-09-28 00:00:00-04:00,272.24617548056824,273.81965064818013,267.2289755646174,269.4456481933594,7127100
2021-09-29 00:00:00-04:00,270.64303888865294,271.8206537503563,266.4372801539693,267.6841735839844,4361900
2021-09-30 00:00:00-04:00,267.83265469967597,271.4050920007819,267.6248491569227,268.396728515625,5224200
2021-10-01 00:00:00-04:00,268.6737838868612,273.463397625718,265.9721913205648,272.3946533203125,4756000
2021-10-04 00:00:00-04:00,272.35506555112335,272.43421949355485,263.3695981900154,268.0404357910156,6393800
2021-10-05 00:00:00-04:00,269.27743612451,270.70244875289234,268.2086917531748,268.94097900390625,4050400
2021-10-06 00:00:00-04:00,266.8628289883616,272.62222157163444,264.7154047534342,272.4045104980469,4745500
2021-10-07 00:00:00-04:00,274.0175978843366,276.59053917243324,271.226945482634,271.72174072265625,5374200
2021-10-08 00:00:00-04:00,272.67176007282336,274.0373997209191,269.43577998496954,269.64361572265625,2683300
2021-10-11 00:00:00-04:00,268.95089619497185,273.3941477324865,268.6837176405676,270.900390625,2693000
2021-10-12 00:00:00-04:00,273.54260358717426,277.827516918114,273.146743249986,276.0957336425781,5970100
2021-10-13 00:00:00-04:00,277.0853347271064,282.13225222104535,275.6999140934518,281.4494323730469,6573500
2021-10-14 00:00:00-04:00,283.0228644034356,287.61457851768273,281.69681684455475,287.0010070800781,5433900
2021-10-15 00:00:00-04:00,289.4452786066027,289.82132778042023,286.3082940353594,288.6239318847656,5119300
2021-10-18 00:00:00-04:00,287.7531072075526,290.19739680466216,285.70464774683694,288.6635437011719,5163300
2021-10-19 00:00:00-04:00,289.0593219656063,292.45360932093405,288.32700463479375,289.29681396484375,3631200
2021-10-20 00:00:00-04:00,290.0588033505353,292.3348791998154,284.9525438901881,287.07025146484375,4487900
2021-10-21 00:00:00-04:00,286.4566947898589,288.5348403832358,285.2691743936726,286.79315185546875,2828500
2021-10-22 00:00:00-04:00,285.99161757560495,289.9499790645407,285.1801462223968,289.5145568847656,2927000
2021-10-25 00:00:00-04:00,290.24684120506583,292.0578084801595,288.6833017204675,290.86041259765625,2993500
2021-10-26 00:00:00-04:00,292.7010637956584,295.2541938835523,290.56354478723586,292.03802490234375,3601400
2021-10-27 00:00:00-04:00,293.4431844911865,296.07549808030353,292.0181721692601,292.0775451660156,3742700
2021-10-28 00:00:00-04:00,291.9984148467483,295.6994728766139,290.47443734037455,295.2739562988281,3450400
2021-10-29 00:00:00-04:00,294.8979328615323,297.64899290640557,293.18593063436487,296.5703430175781,4251900
2021-11-01 00:00:00-04:00,298.361535263143,301.6865448417628,296.6000653840136,299.6084289550781,3825100
2021-11-02 00:00:00-04:00,298.57921019885,300.2813068578081,296.29325884058494,299.7964172363281,4177500
2021-11-03 00:00:00-04:00,300.7860239891612,300.7860239891612,295.0859734349241,299.737060546875,3260200
2021-11-04 00:00:00-04:00,300.3406561219673,305.19954812011946,299.2521007517266,304.8334045410156,3833800
2021-11-05 00:00:00-04:00,305.2885623990859,308.1583678046737,300.18227358229694,304.05157470703125,4681800
2021-11-08 00:00:00-05:00,304.0021800134838,308.148566165288,302.71569438601136,306.7334289550781,3893000
2021-11-09 00:00:00-05:00,306.77301261053645,308.5047957462411,304.0219526086703,306.48602294921875,3126500
2021-11-10 00:00:00-05:00,303.3787353278846,305.37769705833165,294.7890979278734,296.5505676269531,4350900
2021-11-11 00:00:00-05:00,298.3614758045614,302.56723458455934,298.3614758045614,299.8260803222656,2681900
2021-11-12 00:00:00-05:00,301.33027245286195,304.0219595100265,298.4901528778193,303.4578857421875,3803700
2021-11-15 00:00:00-05:00,303.70526249553586,304.55632587279933,300.07348294112154,302.3099365234375,3595300
2021-11-16 00:00:00-05:00,300.9146337962076,304.3782001760898,299.5688053559779,303.893310546875,2989400
2021-11-17 00:00:00-05:00,304.5761066206518,306.67403326113754,304.0516249605304,304.8135986328125,3864700
2021-11-18 00:00:00-05:00,302.97295185237874,303.79429846457265,296.4614311537141,299.8359375,4443100
2021-11-19 00:00:00-05:00,302.52766112673726,302.8146507877045,297.96566405363325,298.0349426269531,4758900
2021-11-22 00:00:00-05:00,298.6979207879469,302.3099192010006,293.631223483073,293.7499694824219,4474700
2021-11-23 00:00:00-05:00,290.593211328586,293.383863470073,285.30880228188414,288.3864440917969,6431100
2021-11-24 00:00:00-05:00,283.0623982997825,286.43690461348973,280.25196566605644,286.1598205566406,5091400
2021-11-26 00:00:00-05:00,281.5384850498653,284.57653500119227,280.0936914384472,281.2514953613281,4195300
2021-11-29 00:00:00-05:00,286.50618794213455,295.2838797354487,281.73638539570345,293.6510314941406,8215600
2021-11-30 00:00:00-05:00,293.1067626359165,296.15468756828307,280.44989384295525,281.99365234375,13597600
2021-12-01 00:00:00-05:00,268.43628826555215,274.05715421103235,248.84239629654132,248.88197326660156,30723100
2021-12-02 00:00:00-05:00,250.18827542924416,259.84665809499035,249.51534604272544,258.4810485839844,12200800
2021-12-03 00:00:00-05:00,258.8273543347555,259.02528449264764,249.07989805660736,255.63099670410156,8944000
2021-12-06 00:00:00-05:00,253.4340798034724,256.53150224919983,248.10018873396305,256.0564880371094,7123000
2021-12-07 00:00:00-05:00,262.70655738279083,267.41701721963017,260.8560282182901,264.2107238769531,7401200
2021-12-08 00:00:00-05:00,265.516992036274,265.70501662417894,261.8159336846953,263.5378112792969,4586500
2021-12-09 00:00:00-05:00,263.27060846488496,263.9039305447509,259.90600752835627,261.5685119628906,3967000
2021-12-10 00:00:00-05:00,263.32995971470154,267.7534291411341,261.6872363496391,263.26068115234375,3480100
2021-12-13 00:00:00-05:00,263.03312266405214,267.74358274706367,261.8555076432993,262.9935607910156,3625700
2021-12-14 00:00:00-05:00,259.27267544204756,259.4211079567097,250.66324229277888,252.9293975830078,7227300
2021-12-15 00:00:00-05:00,252.1971227075137,257.4815318871535,249.2778189101925,257.3330993652344,6484900
2021-12-16 00:00:00-05:00,257.29347826611155,258.62943121247315,249.59446693214466,250.48509216308594,6556700
2021-12-17 00:00:00-05:00,248.62469355773894,251.256992503699,244.2210042681706,250.29708862304688,12119400
2021-12-20 00:00:00-05:00,247.2887528287047,248.9215710040346,243.9340418630647,244.63665771484375,5580100
2021-12-21 00:00:00-05:00,245.41841182078525,250.37625413973097,242.69703830261125,249.92105102539062,5428200
2021-12-22 00:00:00-05:00,250.78199824945145,251.61325056442462,246.91269614767825,250.16845703125,4982400
2021-12-23 00:00:00-05:00,248.614776897843,251.66271695713056,246.7444517591836,250.50489807128906,3769500
2021-12-27 00:00:00-05:00,250.7522834218036,255.73981184823128,250.60385091802135,255.6111602783203,3531800
2021-12-28 00:00:00-05:00,257.02630829942603,258.0653660700755,252.28616214400625,252.7908477783203,3293700
2021-12-29 00:00:00-05:00,253.33514371850598,253.76066034474405,250.48511851968837,251.8903350830078,2592700
2021-12-30 00:00:00-05:00,252.64240212257013,255.2153277969002,251.81114990932272,252.67208862304688,2950600
2021-12-31 00:00:00-05:00,251.8210304229954,253.81999184251768,250.989778242603,251.4845733642578,3169300
2022-01-03 00:00:00-05:00,252.35542300680382,254.02784816977265,246.0616279441724,252.80075073242188,4316800
2022-01-04 00:00:00-05:00,254.17632211901247,254.1961030567472,240.86631801544536,245.6460418701172,7240700
2022-01-05 00:00:00-05:00,233.71156738762346,235.72043472971933,224.9437956733717,225.300048828125,18882500
2022-01-06 00:00:00-05:00,225.6662024201482,232.03916741451707,223.69692706378072,226.7646484375,9376100
2022-01-07 00:00:00-05:00,226.12140471754634,229.86205519371796,223.69691127557599,225.93338012695312,6286700
2022-01-10 00:00:00-05:00,223.15262626194163,227.43755433430914,216.6114333759417,227.23963928222656,7803800
2022-01-11 00:00:00-05:00,226.41828175526499,233.8896921373676,224.20159387012615,232.39540100097656,7635300
2022-01-12 00:00:00-05:00,234.53291674865574,236.7891815752037,233.30581925879866,235.35427856445312,6718900
2022-01-13 00:00:00-05:00,235.02772316954602,236.30428815878307,225.5474451977024,226.25006103515625,6680300
2022-01-14 00:00:00-05:00,225.65629654434986,230.86153658561759,225.24067039047992,228.82298278808594,5805100
2022-01-18 00:00:00-05:00,226.0719073890611,228.32817212868005,222.95470389615204,223.706787109375,6032000
2022-01-19 00:00:00-05:00,225.10211721161087,229.79278088761205,223.81564674182655,223.91461181640625,5332600
2022-01-20 00:00:00-05:00,226.6854717115752,228.99120396952245,220.17396531071972,220.61927795410156,5663700
2022-01-21 00:00:00-05:00,220.7380192010557,222.43022532932125,215.9780920735258,216.35414123535156,9128400
2022-01-24 00:00:00-05:00,210.17910235872338,221.05470618239025,205.34989642283549,220.70834350585938,11664300
2022-01-25 00:00:00-05:00,218.69945994555462,221.56926582341225,212.4353514301427,213.14785766601562,9092700
2022-01-26 00:00:00-05:00,217.32394752409462,219.15469579713448,206.89367139161567,208.80357360839844,10029600
2022-01-27 00:00:00-05:00,211.85149907471478,220.82707549111183,209.8525223856362,210.52545166015625,9462100
2022-01-28 00:00:00-05:00,212.06920920714617,219.97602622276463,208.68481211498676,219.8177032470703,8254900
2022-01-31 00:00:00-05:00,220.6291622429966,230.48548862691345,219.9463424956233,230.20840454101562,7084200
2022-02-01 00:00:00-05:00,229.9511024189253,230.3568380822165,223.96409294331465,229.70370483398438,6387100
2022-02-02 00:00:00-05:00,231.3068594460343,232.04905222650638,220.69844942915762,222.667724609375,9378900
2022-02-03 00:00:00-05:00,215.7999771951116,218.49164908412743,208.20980584096293,210.55514526367188,12826600
2022-02-04 00:00:00-05:00,212.7520377566636,219.36249413909871,210.9707720817722,216.94789123535156,6176500
2022-02-07 00:00:00-05:00,216.72029304301338,219.1348959842336,214.40465517969267,214.71142578125,3922300
2022-02-08 00:00:00-05:00,213.35568889520064,215.67132672706228,209.9415900534103,215.1666259765625,5628700
2022-02-09 00:00:00-05:00,218.83801240803027,219.8770853098266,213.32600193461346,219.7286376953125,6107700
2022-02-10 00:00:00-05:00,215.43384605251947,219.67919769875962,213.56352063563085,215.40415954589844,5312600
2022-02-11 00:00:00-05:00,215.35464384814898,217.6405951057674,203.96446452947464,205.73582458496094,8165600
2022-02-14 00:00:00-05:00,203.65770441346365,207.71501593519008,202.49988547409546,204.25144958496094,7005900
2022-02-15 00:00:00-05:00,207.56658803790702,212.33642105152234,206.3493960642885,212.01974487304688,6353000
2022-02-16 00:00:00-05:00,208.80354068177974,210.20875701086706,206.04259055560473,209.5358428955078,7072700
2022-02-17 00:00:00-05:00,206.16137261544574,207.56658919034209,197.4232874539845,197.94776916503906,8820100
2022-02-18 00:00:00-05:00,198.31389370627016,200.49100448603926,193.75188173585394,194.79095458984375,6691800
2022-02-22 00:00:00-05:00,193.4945849521975,199.3628631255026,191.51540440537406,193.0987548828125,8434800
2022-02-23 00:00:00-05:00,194.3060662836097,196.92847460393335,188.150813256335,188.55653381347656,7784300
2022-02-24 00:00:00-05:00,182.8169270698595,202.76705709080616,182.52004694426066,202.1634063720703,11792600
2022-02-25 00:00:00-05:00,202.58894389246655,206.29990781913108,199.51131720528804,205.92385864257812,5853600
2022-02-28 00:00:00-05:00,205.62697220491782,209.46658759532016,204.7957199348154,208.3384552001953,7904700
2022-03-01 00:00:00-05:00,211.17856190998884,212.15826173336742,206.2899985598656,206.71551513671875,12587300
2022-03-02 00:00:00-05:00,213.85048840091736,215.04788431170434,199.05610005396906,208.19992065429688,16670100
2022-03-03 00:00:00-05:00,208.1998950527135,209.42699241613622,202.0941249354241,202.6186065673828,6559900
2022-03-04 00:00:00-05:00,202.56915398394142,204.2316737253475,197.18577973550472,200.89674377441406,6813600
2022-03-07 00:00:00-05:00,201.33216067759014,202.79675021845333,193.99929230551115,194.18731689453125,7043500
2022-03-08 00:00:00-05:00,192.2576164301725,195.1472185069135,187.23049552407767,190.0805206298828,8229000
2022-03-09 00:00:00-05:00,196.28526895365826,203.09364088304983,195.16702692937497,201.04519653320312,6881300
2022-03-10 00:00:00-05:00,197.02744003990227,199.10557066551655,195.47377597937034,198.06649780273438,5604200
2022-03-11 00:00:00-05:00,202.63838429428517,202.63838429428517,195.57271105116982,195.8398895263672,5196900
2022-03-14 00:00:00-04:00,196.17639294602446,198.07640457238438,189.82322482352257,191.10968017578125,5665500
2022-03-15 00:00:00-04:00,196.46335623905787,197.87847818537134,190.73363518637288,194.09823608398438,5276300
2022-03-16 00:00:00-04:00,196.5920411565851,203.7566663045358,195.2758840545559,203.43011474609375,6043400
2022-03-17 00:00:00-04:00,202.48997466245467,208.48688982898776,200.45142093653226,208.21971130371094,5842600
2022-03-18 00:00:00-04:00,207.05199717557116,217.2942639550576,206.14157581072035,216.5223846435547,12220600
2022-03-21 00:00:00-04:00,215.91872466662207,216.8192555248926,208.41762787016594,211.49525451660156,6448700
2022-03-22 00:00:00-04:00,211.49525611983165,219.5406306993043,210.40670066752202,215.9385223388672,7018800
2022-03-23 00:00:00-04:00,211.6436784174998,211.70305142113173,206.14155861500802,208.91241455078125,8404700
2022-03-24 00:00:00-04:00,210.13951100143976,211.88118453288027,207.68531612992587,211.75253295898438,4150300
2022-03-25 00:00:00-04:00,212.03953014768194,213.61297519225366,206.30979352129364,208.833251953125,3656500
2022-03-28 00:00:00-04:00,208.190029880554,213.13798180204296,207.12127045351826,213.0390167236328,4290900
2022-03-29 00:00:00-04:00,216.34426074749183,219.84741941914217,214.51352746311198,218.98646545410156,5370400
2022-03-30 00:00:00-04:00,217.42289520640327,217.5614372467944,211.17856762176305,212.70254516601562,4951200
2022-03-31 00:00:00-04:00,212.2671325033756,214.53328778682265,209.58533598021717,210.10983276367188,7141300
2022-04-01 00:00:00-04:00,210.26814414510005,211.8020121405149,207.8535413806973,210.04054260253906,6007900
2022-04-04 00:00:00-04:00,212.3957661977768,218.69945143661303,211.87128455843606,216.57183837890625,7843600
2022-04-05 00:00:00-04:00,215.73069536990076,215.9978889912349,206.49781563221325,207.9525146484375,7304600
2022-04-06 00:00:00-04:00,203.0738389226755,203.33112697332888,196.01805501488076,198.7295379638672,7171300
2022-04-07 00:00:00-04:00,197.04721837491397,200.60974954318255,196.12690663141532,198.07640075683594,5246000
2022-04-08 00:00:00-04:00,196.57222218376583,198.0566076760214,194.57324549287566,195.11752319335938,3897700
2022-04-11 00:00:00-04:00,192.18835338987466,195.04826896988178,190.15969010095353,193.41543579101562,5173800
2022-04-12 00:00:00-04:00,197.67065222022785,199.02638602925404,192.55447244534523,192.78207397460938,4832200
2022-04-13 00:00:00-04:00,189.9914495495369,195.04825665085383,187.3492452269239,193.6826171875,8733000
2022-04-14 00:00:00-04:00,194.2763657296982,194.40500219463138,187.25026889295708,187.43829345703125,5126700
2022-04-18 00:00:00-04:00,186.3398581524663,187.37893099661503,183.59868876931858,185.0632781982422,4899500
2022-04-19 00:00:00-04:00,185.29091097922247,190.19927088201118,183.5888142919785,189.397705078125,6120400
2022-04-20 00:00:00-04:00,190.88208791238438,191.2878235924238,184.14297983640407,184.29141235351562,6015400
2022-04-21 00:00:00-04:00,186.81487339020478,188.19040343400576,174.90021168921908,175.38510131835938,9119500
2022-04-22 00:00:00-04:00,175.85019759709067,177.18615057479187,169.3189105170903,169.6454620361328,8843900
2022-04-25 00:00:00-04:00,167.92358668240416,172.94080183844886,167.4683684834579,172.75279235839844,7988900
2022-04-26 00:00:00-04:00,170.82307732136053,171.9116327204454,165.80586221818766,168.3095245361328,8073300
2022-04-27 00:00:00-04:00,169.21996303578285,175.38510716869072,168.85381940973673,172.8616485595703,9644600
2022-04-28 00:00:00-04:00,179.52159049199895,184.98411839690144,177.1168780697735,183.8065185546875,10614800
2022-04-29 00:00:00-04:00,180.6695090555448,183.43045935982303,173.47518331722844,174.1085205078125,7110800
2022-05-02 00:00:00-04:00,173.26737783575456,175.92937840199352,171.31788355861866,175.72157287597656,6278400
2022-05-03 00:00:00-04:00,175.108015607949,178.51220894838372,174.29655934421336,176.5033416748047,5047700
2022-05-04 00:00:00-04:00,177.83928428081043,184.0440047581477,172.92101914840813,183.54920959472656,7563100
2022-05-05 00:00:00-04:00,178.61115552091468,180.34293851525584,168.05222901884005,170.50640869140625,8379400
2022-05-06 00:00:00-04:00,167.72569665149697,170.63507999192544,163.85639423316854,167.93350219726562,7232700
2022-05-09 00:00:00-04:00,164.98452053657215,168.5173505804886,160.44230400870023,161.89700317382812,9997800
2022-05-10 00:00:00-04:00,165.67722782352385,169.47725144717845,161.58032405115682,165.4100341796875,8598700
2022-05-11 00:00:00-04:00,163.77719505106967,168.21055537794052,159.15581015074645,159.5912322998047,7220100
2022-05-12 00:00:00-04:00,155.29641559036554,165.11316573269312,153.03026019840576,158.75009155273438,10187500
2022-05-13 00:00:00-04:00,161.8475069039374,166.9240951986408,160.323529288801,165.1725311279297,6499700
2022-05-16 00:00:00-04:00,163.02510101446555,164.3808348066323,160.19487233377424,162.4115447998047,5065800
2022-05-17 00:00:00-04:00,165.58816630720577,167.33974557347892,156.62247954417083,162.025634765625,7317700
2022-05-18 00:00:00-04:00,161.12513331071227,162.8074341496251,154.5641434290042,155.69227600097656,7454400
2022-05-19 00:00:00-04:00,153.61409645177554,157.59225364460477,153.1193013068945,153.98025512695312,8382200
2022-05-20 00:00:00-04:00,157.0875823745941,159.05685756704383,152.94119626594238,157.98809814453125,9068700
2022-05-23 00:00:00-04:00,158.17612404729908,159.0568588889182,154.28704106912343,158.65113830566406,6148800
2022-05-24 00:00:00-04:00,156.1276846644152,156.74122589233178,152.9412023066105,155.29641723632812,6928400
2022-05-25 00:00:00-04:00,153.70318508661308,160.20478603195926,153.70318508661308,157.98809814453125,7436800
2022-05-26 00:00:00-04:00,158.0276902812542,161.9860518033348,155.92976350653578,160.76885986328125,6697700
2022-05-27 00:00:00-04:00,158.99747007847105,163.5099993847703,158.58184396867503,163.38136291503906,7883600
2022-05-31 00:00:00-04:00,165.22200869721073,165.53866975190311,157.69122565655064,158.57196044921875,18114600
2022-06-01 00:00:00-04:00,176.15697523916566,182.5002530956559,172.5548669186227,174.2371826171875,37037400
2022-06-02 00:00:00-04:00,173.1783220385354,188.15082979876578,172.88144189505053,186.43882751464844,19231200
2022-06-03 00:00:00-04:00,183.07421270475913,187.66591127346427,181.88670731801562,182.9851531982422,9224000
2022-06-06 00:00:00-04:00,186.96331583717728,188.43781103866507,179.80858113590077,180.96640014648438,5811700
2022-06-07 00:00:00-04:00,179.8184691817134,186.6367460907031,179.8184691817134,185.2018280029297,6331100
2022-06-08 00:00:00-04:00,185.05340616429584,188.57634559827633,183.46016500455173,187.22061157226562,6226200
2022-06-09 00:00:00-04:00,186.56747853115206,190.674272686989,184.66746675857527,185.16226196289062,8467700
2022-06-10 00:00:00-04:00,181.7184777465428,182.0351388012433,175.35540405107574,176.59239196777344,7855800
2022-06-13 00:00:00-04:00,168.7746340445833,170.8824511825532,163.34177768907608,164.3016815185547,10726200
2022-06-14 00:00:00-04:00,166.97357411631697,167.86421448375987,160.4620678563557,162.73812866210938,8576200
2022-06-15 00:00:00-04:00,164.99440934792673,169.71475996082958,162.96574593190314,166.79547119140625,7740700
2022-06-16 00:00:00-04:00,162.02562010035524,165.16261962666724,156.96881292262105,158.18601989746094,8090900
2022-06-17 00:00:00-04:00,156.9094446963572,164.49960092770144,156.52350506086347,161.56051635742188,13074600
2022-06-21 00:00:00-04:00,163.3318837272302,167.58712508130762,163.1834361207224,165.09335327148438,6736800
2022-06-22 00:00:00-04:00,162.98552057609436,168.67566484250287,162.50063098953348,165.70689392089844,5864500
2022-06-23 00:00:00-04:00,167.3298419672974,171.58508383075883,165.3803476147343,171.24862670898438,7258000
2022-06-24 00:00:00-04:00,175.86999662264452,184.4695391025196,174.7121777355887,183.98463439941406,12107100
2022-06-27 00:00:00-04:00,184.1726750099985,184.63778371877814,178.59138560459436,179.42263793945312,6170600
2022-06-28 00:00:00-04:00,178.4132405474159,180.43201335121927,169.65537486311965,169.6751708984375,6668600
2022-06-29 00:00:00-04:00,170.70432467404586,171.9709990346457,166.3105413794872,168.83399963378906,5430400
2022-06-30 00:00:00-04:00,163.331896534644,165.75638996488647,159.43290799052258,163.32199096679688,9539400
2022-07-01 00:00:00-04:00,163.04487350838633,167.38917381823748,162.34227293273236,166.44906616210938,4561600
2022-07-05 00:00:00-04:00,164.3709633624224,170.55590305697547,162.89646830325879,170.40745544433594,4614200
2022-07-06 00:00:00-04:00,171.7137000166816,173.2376623187312,169.0516998962662,170.93191528320312,4085100
2022-07-07 00:00:00-04:00,172.3569496384677,175.09811913899088,171.3673592873713,174.80123901367188,4000100
2022-07-08 00:00:00-04:00,172.2381928042002,174.77154152780943,171.04078191064534,173.673095703125,2869200
2022-07-11 00:00:00-04:00,172.1887297618234,174.4845867399576,169.47724662729271,172.54498291015625,3689300
2022-07-12 00:00:00-04:00,170.41738391475943,171.57520296918875,162.63920210555645,164.5985870361328,7073000
2022-07-13 00:00:00-04:00,160.71935716617054,164.1136444976525,159.49225981225092,161.78811645507812,6225900
2022-07-14 00:00:00-04:00,159.35372647623726,160.02665573928536,156.00890639509038,159.36361694335938,6096100
2022-07-15 00:00:00-04:00,162.0058395780194,165.8652358252714,160.5313445502487,165.63763427734375,6037700
2022-07-18 00:00:00-04:00,167.19129740710858,170.8428884503633,165.37045466953515,166.142333984375,3818200
2022-07-19 00:00:00-04:00,169.14077129882554,172.28767628684196,166.06314487938965,172.0006866455078,4373400
2022-07-20 00:00:00-04:00,174.2668907204158,181.5898542808619,173.78198594602623,180.55078125,5654000
2022-07-21 00:00:00-04:00,178.77941170318562,183.59871229213368,178.03721887655325,183.42059326171875,3886000
2022-07-22 00:00:00-04:00,183.14348217521072,185.60755233276365,179.04656387962257,180.57054138183594,3804700
2022-07-25 00:00:00-04:00,179.93722208465903,180.09556017074718,173.25748696481912,175.44447326660156,4407900
2022-07-26 00:00:00-04:00,175.26633131384494,175.28612734700368,167.9928368727735,168.68556213378906,3886500
2022-07-27 00:00:00-04:00,173.03978240754967,180.33305901152636,172.5350967265254,178.42315673828125,4960900
2022-07-28 00:00:00-04:00,176.55283704209288,179.98671713558213,174.09864183697962,179.40284729003906,4562100
2022-07-29 00:00:00-04:00,179.92733527420563,182.5002612756593,178.34398458104081,182.10443115234375,4751400
2022-08-01 00:00:00-04:00,179.41272140192777,183.25232143358667,177.8887439095072,181.07522583007812,3997100
2022-08-02 00:00:00-04:00,178.92781056333604,183.2127381548802,177.56217118729248,181.8767852783203,4317900
2022-08-03 00:00:00-04:00,183.59871911259208,188.695104004811,183.44038101304005,187.6758270263672,5786300
2022-08-04 00:00:00-04:00,186.5971494948348,189.58571650798575,185.30078858348708,189.27894592285156,3759700
2022-08-05 00:00:00-04:00,185.0533694948263,189.80340552858692,184.3408633347648,188.19036865234375,4090300
2022-08-08 00:00:00-04:00,189.10079706558892,192.3466518744532,187.11172610099462,187.77474975585938,3396800
2022-08-09 00:00:00-04:00,184.3606598780172,185.18202156758568,177.94811951963655,180.34292602539062,5851700
2022-08-10 00:00:00-04:00,186.20132432431805,187.5966503451358,184.27162615720331,186.64663696289062,4179200
2022-08-11 00:00:00-04:00,190.1300062669136,190.49614987885226,184.38048852292584,184.7862091064453,4175100
2022-08-12 00:00:00-04:00,184.68725564801886,188.041966399464,183.5789041652747,187.91331481933594,3846200
2022-08-15 00:00:00-04:00,187.08206523745181,190.11020939847862,186.93361761978423,189.07113647460938,2768500
2022-08-16 00:00:00-04:00,187.57686284741837,188.86333338403037,184.42006706371586,187.61643981933594,3835900
2022-08-17 00:00:00-04:00,185.7659108370986,187.45810196276756,184.52892283882255,186.00341796875,3181300
2022-08-18 00:00:00-04:00,186.45861381882654,186.60706143279657,184.66745768322227,185.9737091064453,2791600
2022-08-19 00:00:00-04:00,183.29189739376366,183.50960844497766,179.68978968269735,181.85699462890625,4346100
2022-08-22 00:00:00-04:00,178.12626238720475,178.71011706770807,174.2272740056261,175.1376953125,5182900
2022-08-23 00:00:00-04:00,174.04916170065883,176.25594403065043,173.08925781946164,174.16790771484375,5076800
2022-08-24 00:00:00-04:00,174.83092601666942,179.3434556145943,174.22727529677462,178.1361541748047,11438800
2022-08-25 00:00:00-04:00,166.8251369651513,172.3272566956272,163.8365699885443,172.0996551513672,24025600
2022-08-26 00:00:00-04:00,172.149144417558,174.46478221912852,162.91626461391357,163.510009765625,11074700
2022-08-29 00:00:00-04:00,162.56987582356075,164.09385317792825,158.3839135319243,158.54225158691406,9329900
2022-08-30 00:00:00-04:00,160.45217815749135,162.14438429377336,156.73132389109776,158.0078887939453,8079400
2022-08-31 00:00:00-04:00,158.1266373469204,159.53186894933387,154.34641001493307,154.49484252929688,9166100
2022-09-01 00:00:00-04:00,153.25785594500647,153.71307415970486,149.29949446048423,151.9318084716797,9924000
2022-09-02 00:00:00-04:00,154.8313340583307,157.01832057606126,151.36776735789462,152.0901641845703,7315700
2022-09-06 00:00:00-04:00,151.2885686211036,152.8224214932184,149.25001503627405,150.14064025878906,6373700
2022-09-07 00:00:00-04:00,149.71511230051362,152.45628170449433,148.91354656034832,151.6844024658203,6211400
2022-09-08 00:00:00-04:00,150.73442782145472,155.39539048484255,150.20004051103243,155.26673889160156,6659200
2022-09-09 00:00:00-04:00,156.949050505101,161.59021700488302,156.8203989153581,160.8975067138672,5642300
2022-09-12 00:00:00-04:00,161.98604559091083,163.93553977376538,161.04593778546152,163.90585327148438,6353400
2022-09-13 00:00:00-04:00,156.60265612944858,159.58131732821988,156.16723400605105,156.4542236328125,5463200
2022-09-14 00:00:00-04:00,156.93913162307229,159.96727570973488,156.36516740207833,158.61154174804688,6037300
2022-09-15 00:00:00-04:00,155.167769453848,158.17611746522013,152.70368405345064,153.16879272460938,7012200
2022-09-16 00:00:00-04:00,150.33856648430782,150.62555614621704,148.00313261820295,149.93283081054688,9882300
2022-09-19 00:00:00-04:00,149.1411783727965,151.9417059646253,148.8343926596028,151.23910522460938,4874800
2022-09-20 00:00:00-04:00,149.42815183370814,150.00211608320924,147.30053849327493,148.2406463623047,5505700
2022-09-21 00:00:00-04:00,149.64585700660444,151.70420678884787,145.97447008876793,146.09323120117188,6164400
2022-09-22 00:00:00-04:00,147.9536379199154,151.2687714111844,147.5973848136893,148.58697509765625,12405100
2022-09-23 00:00:00-04:00,146.52866914107798,148.2802334129685,143.2827984853657,145.4796905517578,9175800
2022-09-26 00:00:00-04:00,145.4697738962928,149.61615966347838,143.83695594355916,144.79685974121094,7862400
2022-09-27 00:00:00-04:00,146.82551195150546,149.0421997194617,144.73747575801386,147.34010314941406,7046600
2022-09-28 00:00:00-04:00,144.48019105950988,149.30939679814065,144.15362443210736,148.60678100585938,7908400
2022-09-29 00:00:00-04:00,146.9046656436268,147.42914725403253,143.50047285914167,145.28173828125,8602500
2022-09-30 00:00:00-04:00,144.4900757875812,147.08281266883202,142.25360712202726,142.34266662597656,7575600
2022-10-03 00:00:00-04:00,143.47079551417258,147.40937572655412,142.40203619271853,146.3603973388672,6819900
2022-10-04 00:00:00-04:00,150.12085404915632,155.78131209588352,149.64585490606012,154.10890197753906,8017900
2022-10-05 00:00:00-04:00,150.61565076146567,155.32611056997897,150.35836270215765,154.60369873046875,4256200
2022-10-06 00:00:00-04:00,154.09900863293856,156.60267097994577,152.83233420836376,153.8417205810547,3853900
2022-10-07 00:00:00-04:00,150.2198313852571,151.57556545222124,147.71616878716546,148.7255401611328,5956700
2022-10-10 00:00:00-04:00,149.0520873917017,149.3885595724574,143.07496857404726,144.12393188476562,5497800
2022-10-11 00:00:00-04:00,143.00569962556446,143.46091784194826,138.06765331930862,141.08590698242188,7415000
2022-10-12 00:00:00-04:00,140.82858814753672,141.94682997858436,138.1270109530052,140.8087921142578,5707100
2022-10-13 00:00:00-04:00,137.51348404053348,144.8166506809333,136.15773496979443,143.926025390625,6548600
2022-10-14 00:00:00-04:00,145.79633946446648,146.16248304035216,140.52182139856853,140.73953247070312,5736300
2022-10-17 00:00:00-04:00,144.54947262738088,147.4489651641766,144.42082104726686,145.6479034423828,6288200
2022-10-18 00:00:00-04:00,154.82141054338686,157.31518250662208,150.31877133475263,151.9318084716797,16354800
2022-10-19 00:00:00-04:00,150.2792020292506,154.32662322963523,149.07190050689383,152.0703582763672,6220500
2022-10-20 00:00:00-04:00,153.3864978608631,159.62091982616556,152.00107746855136,155.8604736328125,9203400
2022-10-21 00:00:00-04:00,155.8604811077098,158.75997360351508,153.20838620096438,158.502685546875,8335500
2022-10-24 00:00:00-04:00,159.50215804503563,159.8881127597755,156.7510982062853,158.97767639160156,6259200
2022-10-25 00:00:00-04:00,160.01677634800745,164.30170490498273,160.00688587926743,163.54962158203125,5804500
2022-10-26 00:00:00-04:00,158.13653630640158,162.4115586408938,157.04798091338623,158.24539184570312,6617500
2022-10-27 00:00:00-04:00,160.11572999359402,162.94595914607478,157.6615500256932,158.08706665039062,4987700
2022-10-28 00:00:00-04:00,157.84957158425522,161.39230730467187,156.52352396877842,161.3230438232422,5055400
2022-10-31 00:00:00-04:00,160.4323979970526,162.29283286431098,159.32406153142725,160.8975067138672,4878100
2022-11-01 00:00:00-04:00,163.2824282191537,163.97513853100207,157.97822267421824,158.15635681152344,4545900
2022-11-02 00:00:00-04:00,157.84954872376986,158.10685187455093,148.39897311502313,148.4484405517578,7238200
2022-11-03 00:00:00-04:00,147.44896720846333,148.8541837416774,144.6088476385128,144.8067626953125,5999400
2022-11-04 00:00:00-04:00,144.97497108886964,145.42028367973307,134.6238504681715,138.31503295898438,14265300
2022-11-07 00:00:00-05:00,139.15617952931365,143.42131119522472,137.32544658196986,143.08485412597656,7379900
2022-11-08 00:00:00-05:00,143.57963960458534,149.98228945610498,143.56974913849015,145.5687255859375,9101800
2022-11-09 00:00:00-05:00,144.33174761391857,144.8067467178182,140.46244601561398,140.58119201660156,5588500
2022-11-10 00:00:00-05:00,149.42812705348103,154.74222183922717,148.1713432138535,154.67295837402344,8777900
2022-11-11 00:00:00-05:00,154.8609914229125,158.25527890262006,153.96046062627389,156.08807373046875,7382500
2022-11-14 00:00:00-05:00,154.19798962564352,158.49280851172486,153.0401555227593,157.0084228515625,6580100
2022-11-15 00:00:00-05:00,160.98655494427285,163.52980945579782,159.07665276865052,160.38291931152344,8116100
2022-11-16 00:00:00-05:00,158.33445472451945,159.14592605295874,152.2286841261992,153.5052490234375,6454700
2022-11-17 00:00:00-05:00,148.6265853637019,150.18023444779428,146.7958370742157,148.1317901611328,7357900
2022-11-18 00:00:00-05:00,150.25939345179538,150.73440768648595,144.13382683731083,146.4989471435547,7555700
2022-11-21 00:00:00-05:00,144.49999732387187,145.80624882600316,141.90726015608826,143.34217834472656,8015900
2022-11-22 00:00:00-05:00,143.68850642175005,147.82500166674356,141.43224177900794,147.69635009765625,7017700
2022-11-23 00:00:00-05:00,146.08333995178782,151.31828197981196,146.0140764710515,150.65525817871094,5558900
2022-11-25 00:00:00-05:00,150.48700300198283,152.43648198591137,149.80418328428598,151.75367736816406,3023700
2022-11-28 00:00:00-05:00,150.4177538475102,153.7032015084725,150.4177538475102,152.0901641845703,7931700
2022-11-29 00:00:00-05:00,151.130226029685,152.41669639035183,149.6854176031009,150.10104370117188,6398100
2022-11-30 00:00:00-05:00,149.18074014220335,158.58184814453125,148.56719897824593,158.58184814453125,14591500
2022-12-01 00:00:00-05:00,146.01408064902796,146.0536576248737,140.601019429979,145.4698028564453,33721500
2022-12-02 00:00:00-05:00,142.78796693370208,143.69840322873603,141.29369112980348,143.05516052246094,15086700
2022-12-05 00:00:00-05:00,141.3135042634339,142.88694928774467,131.49676985459487,132.53582763671875,20294600
2022-12-06 00:00:00-05:00,131.3285527219823,133.14939549075652,129.54728692646333,131.88272094726562,16981800
2022-12-07 00:00:00-05:00,131.12071119899028,132.35769904049016,128.66653154944024,129.12173461914062,12915900
2022-12-08 00:00:00-05:00,127.09310515323256,130.09157836603097,125.69778642496745,128.77542114257812,15156900
2022-12-09 00:00:00-05:00,128.38944441275476,131.9816467506604,127.02380503639044,129.74517822265625,10287500
2022-12-12 00:00:00-05:00,129.73530919879403,132.69417487002616,129.58686157685662,131.72438049316406,11852400
2022-12-13 00:00:00-05:00,135.95984673497335,138.4239326708041,132.64471231166303,134.20826721191406,12579800
2022-12-14 00:00:00-05:00,133.6045933637426,135.84107731322624,131.84312367429766,133.34730529785156,9611800
2022-12-15 00:00:00-05:00,130.2993296848416,132.72382246622874,128.33003990406917,129.08213806152344,10807300
2022-12-16 00:00:00-05:00,127.57798108012875,128.5279944226518,125.56911395682619,126.93475341796875,15464700
2022-12-19 00:00:00-05:00,126.4399481174244,128.2311116775271,125.87588195373922,127.66703796386719,9441400
2022-12-20 00:00:00-05:00,126.17278422955111,128.63686992225217,125.86601360153435,127.1128921508789,8455500
2022-12-21 00:00:00-05:00,126.62797355245362,130.78425733162177,125.2821301439582,128.94361877441406,9313200
2022-12-22 00:00:00-05:00,127.33061589375177,128.1915548513368,125.02486807060953,127.84520721435547,9968600
2022-12-23 00:00:00-05:00,127.38995929308793,128.50820120095804,126.26182691787344,128.0925750732422,5821300
2022-12-27 00:00:00-05:00,127.22175018422617,130.37854624361228,126.32122676993535,129.29989624023438,8300800
2022-12-28 00:00:00-05:00,128.35976495423952,129.77487184074576,126.83578743036388,127.1326675415039,6249800
2022-12-29 00:00:00-05:00,128.34986071121125,131.56602923184658,128.1519456683929,131.16029357910156,7628800
2022-12-30 00:00:00-05:00,129.2503781816447,131.2592451038274,129.00298062866702,131.2097625732422,5630200
2023-01-03 00:00:00-05:00,133.78271930239293,135.52439284947226,131.64520056282961,133.37698364257812,8196400
2023-01-04 00:00:00-05:00,139.74995426090175,140.37340103045383,136.18742286339088,138.1369171142578,14322600
2023-01-05 00:00:00-05:00,136.20721633560856,137.14732415616353,132.84261515679583,134.92074584960938,8493500
2023-01-06 00:00:00-05:00,136.1478403253268,140.17546514343022,134.1389731499672,139.04733276367188,9145700
2023-01-09 00:00:00-05:00,141.1056640854494,147.64685596204274,141.1056640854494,145.5687255859375,13679700
2023-01-10 00:00:00-05:00,144.29216011267002,147.72603968274305,144.0843546043663,145.9051971435547,6527700
2023-01-11 00:00:00-05:00,143.76769653444012,145.5093702561302,142.06559978599114,143.3916473388672,13595000
2023-01-12 00:00:00-05:00,146.30103590341372,148.26043569762015,142.44163952079612,148.042724609375,11678000
2023-01-13 00:00:00-05:00,144.67810224473638,148.39897152426778,144.56924670517668,147.95364379882812,8378100
2023-01-17 00:00:00-05:00,148.042710834263,148.92344557295831,144.5791448798513,146.92446899414062,9407600
2023-01-18 00:00:00-05:00,147.31041979635538,147.9833339849693,143.77757500628115,143.9359130859375,7812600
2023-01-19 00:00:00-05:00,142.02600981457243,145.15310381278536,141.66975668820004,144.88592529296875,7070100
2023-01-20 00:00:00-05:00,142.79788734979374,149.95262119321785,142.79788734979374,149.675537109375,10127100
2023-01-23 00:00:00-05:00,155.71205645536574,156.22663259462422,151.6349337138597,154.24745178222656,19922900
2023-01-24 00:00:00-05:00,154.27713795732757,158.5422852829056,152.89171743158496,153.2479705810547,6390200
2023-01-25 00:00:00-05:00,149.6359669867593,154.7719283400934,148.2604369719063,154.54432678222656,9390500
2023-01-26 00:00:00-05:00,156.54329289088054,163.45062899739568,156.45423338734625,163.3714599609375,13354600
2023-01-27 00:00:00-05:00,163.331885225703,165.49909044103163,161.89698228266187,162.80740356445312,9872300
2023-01-30 00:00:00-05:00,162.36210469472502,164.707429118234,161.6990658366496,163.03501892089844,8169800
2023-01-31 00:00:00-05:00,162.56993552757672,166.2611040779175,162.56993552757672,166.22152709960938,6421300
2023-02-01 00:00:00-05:00,165.98399681425047,171.27831159790225,165.2616000360911,170.03143310546875,8853900
2023-02-02 00:00:00-05:00,173.88093623922308,176.97834393058193,171.10017452468733,172.8220672607422,10667100
2023-02-03 00:00:00-05:00,168.25016539895216,173.25749044752345,168.0918273096812,169.25953674316406,6481700
2023-02-06 00:00:00-05:00,166.25119495587137,169.38819485822305,165.6079672058443,167.29026794433594,4310600
2023-02-07 00:00:00-05:00,165.82565299729654,169.94233714893633,164.87563967002612,169.4970245361328,6179200
2023-02-08 00:00:00-05:00,168.23037091728682,170.6548644193398,167.4683820680868,167.86422729492188,7694500
2023-02-09 00:00:00-05:00,171.52569777566396,173.5543610202287,170.21943126113237,171.85226440429688,11512300
2023-02-10 00:00:00-05:00,165.9147370935117,167.97308702441686,163.6089895521605,165.29129028320312,11273700
2023-02-13 00:00:00-05:00,166.52826205588104,169.3782870815897,165.2121050849795,169.2991180419922,8820300
2023-02-14 00:00:00-05:00,166.46888801401897,170.99130801071638,166.10274442061828,168.19078063964844,8393100
2023-02-15 00:00:00-05:00,167.09236060214477,169.8236249238851,166.48870979807015,169.31893920898438,4997000
2023-02-16 00:00:00-05:00,167.23087545108652,168.59649983973236,166.211598618278,166.3600311279297,7483500
2023-02-17 00:00:00-05:00,163.31208052523698,165.37043009221557,161.04592545819781,163.45062255859375,8084500
2023-02-21 00:00:00-05:00,162.0355179564596,162.79749160044068,159.76934775826317,159.9375762939453,5210800
2023-02-22 00:00:00-05:00,161.41208726861413,163.28241248029954,160.42249688994565,161.65948486328125,4343700
2023-02-23 00:00:00-05:00,163.56936356463996,163.74749765920237,159.88810177641815,162.4115447998047,4679400
2023-02-24 00:00:00-05:00,158.91830984422654,160.69957548482054,157.99799807155733,160.5115509033203,6569900
2023-02-27 00:00:00-05:00,162.1344827003899,163.0548095970522,160.53135113194998,161.4417724609375,6891200
2023-02-28 00:00:00-05:00,160.83811623459698,162.73812786928838,159.84852589778168,161.90687561035156,6912600
2023-03-01 00:00:00-05:00,161.29334127703925,166.23138760329633,161.28343570928268,165.6079559326172,15841200
2023-03-02 00:00:00-05:00,191.10968306243706,191.8914678928738,183.2721293228372,184.6476593017578,37712500
2023-03-03 00:00:00-05:00,186.11226149249453,187.7945620414718,182.37159613542482,184.48931884765625,12087200
2023-03-06 00:00:00-05:00,183.1434874232146,187.0325701254666,181.71847494912382,181.88670349121094,10770300
2023-03-07 00:00:00-05:00,182.53984505663811,184.2221456542427,181.12472298515763,181.41171264648438,9024300
2023-03-08 00:00:00-05:00,181.39191014012727,182.97524560493747,179.9075246481458,181.04554748535156,6749100
2023-03-09 00:00:00-05:00,181.19398355683032,181.9262706889441,176.68143926458885,176.8595733642578,7102400
2023-03-10 00:00:00-05:00,176.64188647911578,177.492934827495,169.9225743040848,171.37725830078125,14109000
2023-03-13 00:00:00-04:00,169.21993670267042,175.25644340865182,168.2303464295554,173.6829833984375,9154800
2023-03-14 00:00:00-04:00,178.12629011188918,183.38101325419746,177.24555517033406,180.9862060546875,10138100
2023-03-15 00:00:00-04:00,177.2950174912916,181.94608929367428,176.3549096429298,181.0059814453125,7716900
2023-03-16 00:00:00-04:00,181.39193418387103,185.6966436212423,181.0752579889631,185.3502960205078,8369500
2023-03-17 00:00:00-04:00,184.10338107618466,185.70652770249674,182.2627424311229,182.92578125,10493300
2023-03-20 00:00:00-04:00,182.29244219299466,183.58880311541648,180.74866858695594,183.3216094970703,5513200
2023-03-21 00:00:00-04:00,183.93515018932877,187.30965684566561,182.96535589188903,186.7158966064453,6982000
2023-03-22 00:00:00-04:00,188.0221570288238,189.44716947703424,184.46953147526713,184.5684814453125,6575600
2023-03-23 00:00:00-04:00,185.44922323813853,188.57633232914287,183.64817667556528,185.4888153076172,8685000
2023-03-24 00:00:00-04:00,184.55858870088502,188.3388308487931,184.1528530588416,188.08152770996094,6102700
2023-03-27 00:00:00-04:00,186.95342026953097,190.11021612422775,186.94352980131694,189.26905822753906,7776500
2023-03-28 00:00:00-04:00,189.1898815390197,190.82271472546026,189.1898815390197,190.29823303222656,4899000
2023-03-29 00:00:00-04:00,191.12949681739536,195.3748331574581,190.87220873919367,194.5930633544922,8085200
2023-03-30 00:00:00-04:00,195.71128568216258,196.10711577800527,193.4550209159688,194.553466796875,6932500
2023-03-31 00:00:00-04:00,195.4341776852406,197.91804369766487,194.93938257599643,197.70033264160156,6634300
2023-04-03 00:00:00-04:00,196.15658225620612,196.85918288379955,193.4945820447361,194.44459533691406,5340800
2023-04-04 00:00:00-04:00,196.08732462285863,196.63160234314932,194.57325257365486,195.147216796875,4659100
2023-04-05 00:00:00-04:00,195.93890187343027,196.2258764493673,191.7133465797896,193.2769012451172,3953700
2023-04-06 00:00:00-04:00,191.98052675827327,192.04980533033748,187.62633528414824,190.54562377929688,6304700
2023-04-10 00:00:00-04:00,188.60601796541692,190.54562166231085,187.3096570450213,189.4966583251953,5263800
2023-04-11 00:00:00-04:00,187.09194986161788,188.47738541682065,185.36016674257726,186.92372131347656,4907700
2023-04-12 00:00:00-04:00,188.31905589275058,189.89250100269658,187.55706705776467,188.33885192871094,5033400
2023-04-13 00:00:00-04:00,188.46749067952672,192.35658884517483,188.46749067952672,192.00033569335938,4716400
2023-04-14 00:00:00-04:00,189.85292301648715,193.1383552706476,189.19978973284555,192.62376403808594,5073800
2023-04-17 00:00:00-04:00,193.128446082412,195.46387978848972,192.99979451175426,195.02845764160156,5413500
2023-04-18 00:00:00-04:00,197.007649520147,198.03681684450552,195.00867277673757,196.43368530273438,4679000
2023-04-19 00:00:00-04:00,194.25659745645402,196.99776707715048,193.6925236836238,196.8493194580078,3665100
2023-04-20 00:00:00-04:00,195.12742810650965,197.997249330635,194.77119005794705,195.45399475097656,3620000
2023-04-21 00:00:00-04:00,194.9789797581921,197.04721990530157,194.42481159436852,196.95816040039062,4860100
2023-04-24 00:00:00-04:00,196.3841980937012,196.7008742474791,192.03989714622978,192.8909454345703,4449700
2023-04-25 00:00:00-04:00,191.95087824225809,192.09931078326937,188.6456494628111,188.6852264404297,5010000
2023-04-26 00:00:00-04:00,190.61487692953304,192.34665993795718,188.5862289139101,189.52633666992188,4007600
2023-04-27 00:00:00-04:00,192.14875049660452,195.45397853925257,191.25812524916762,193.90032958984375,4794400
2023-04-28 00:00:00-04:00,194.10813151696465,196.58210726966595,193.23730231997956,196.30502319335938,4094600
2023-05-01 00:00:00-04:00,195.70140785395304,196.97798802889895,195.06807055086395,195.73109436035156,2882900
2023-05-02 00:00:00-04:00,195.95870042331782,196.3446400855362,190.92167367801702,191.82220458984375,6051000
2023-05-03 00:00:00-04:00,192.1883463093273,193.7518857564066,190.55551319061752,190.60499572753906,3779900
2023-05-04 00:00:00-04:00,189.9023661710361,192.53467990487957,188.77423387081024,190.37738037109375,4386500
2023-05-05 00:00:00-04:00,191.9310340324806,196.04773326945264,191.23832384836257,195.53314208984375,4284400
2023-05-08 00:00:00-04:00,196.651360717568,198.41283002047717,194.0388432604484,195.8398895263672,4169400
2023-05-09 00:00:00-04:00,194.73156344063935,201.67849105430142,194.73156344063935,199.08575439453125,6996800
2023-05-10 00:00:00-04:00,202.8066651055167,204.13271265750157,200.92643422886718,202.7176055908203,6535600
2023-05-11 00:00:00-04:00,200.79777580555162,201.67851058789037,196.48316139882522,201.35194396972656,5366300
2023-05-12 00:00:00-04:00,201.31234468861498,201.83684143229334,198.04670882387242,199.70921325683594,4733600
2023-05-15 00:00:00-04:00,201.6290508527489,203.26186902826288,200.37226677404834,201.2134246826172,4518200
2023-05-16 00:00:00-04:00,199.82799059314613,203.52906428013557,199.6498715616628,202.4306182861328,4423200
2023-05-17 00:00:00-04:00,204.35039926605066,207.30927973256766,202.66809875697388,207.20042419433594,5772200
2023-05-18 00:00:00-04:00,207.31916879945408,211.65357916528814,207.1509402596776,211.0994110107422,5165500
2023-05-19 00:00:00-04:00,210.7431680059622,211.02025209652624,207.74469534744688,208.17022705078125,6091600
2023-05-22 00:00:00-04:00,206.99260870301444,210.60462248823092,206.86395712739147,208.07125854492188,3890800
2023-05-23 00:00:00-04:00,205.5775234193709,207.45773921518705,204.3207393327202,204.4889678955078,4256800
2023-05-24 00:00:00-04:00,203.89519142541192,208.0217965205387,203.28165023330845,206.88375854492188,4894000
2023-05-25 00:00:00-04:00,209.8129507988912,210.11972139222362,206.2702155243755,207.72491455078125,6496700
2023-05-26 00:00:00-04:00,210.58483913816113,213.8999579024192,210.3374415393381,213.19735717773438,6933300
2023-05-30 00:00:00-04:00,216.9874742172441,219.82759361050375,213.48431602003086,216.5916290283203,10421000
2023-05-31 00:00:00-04:00,217.2645698112427,222.65783433400966,214.80048434196405,221.05470275878906,19624000
2023-06-01 00:00:00-04:00,206.05250132302822,213.11817573017865,203.9149825696171,210.68377685546875,20907400
2023-06-02 00:00:00-04:00,210.68377213305385,213.89005019130275,208.2394828457371,210.8124237060547,11026900
2023-06-05 00:00:00-04:00,208.27908101198608,210.1098291892655,204.9045743133004,207.67543029785156,7804400
2023-06-06 00:00:00-04:00,206.37905147017432,211.17855516486037,206.2009173716363,210.63429260253906,6796000
2023-06-07 00:00:00-04:00,212.64318572106444,214.40465538975567,202.64831684145403,203.5884246826172,9323900
2023-06-08 00:00:00-04:00,203.24208280044263,208.19003483979552,202.71760109226733,207.348876953125,5548600
2023-06-09 00:00:00-04:00,208.49679249995472,216.38382876879456,208.49679249995472,213.06869506835938,7676700
2023-06-12 00:00:00-04:00,213.89994467903745,218.09581313166828,209.93169287521724,211.46556091308594,11568300
2023-06-13 00:00:00-04:00,213.25671379795997,213.97911050302508,205.7556173660656,206.80458068847656,11698900
2023-06-14 00:00:00-04:00,205.53791425580152,209.50618125378972,202.88581934538047,207.22021484375,8963400
2023-06-15 00:00:00-04:00,205.78532925648892,211.1093306628782,205.211364988518,209.71400451660156,7905400
2023-06-16 00:00:00-04:00,211.3171184332038,211.42597397659722,208.4077354642311,209.55564880371094,13672700
2023-06-20 00:00:00-04:00,206.47802657839748,214.79059482357945,206.43844960720818,214.71142578125,9522900
2023-06-21 00:00:00-04:00,214.2661182448286,215.5327927524318,205.9040823610579,207.4082489013672,7971600
2023-06-22 00:00:00-04:00,207.4478432283185,211.73277153106363,206.91345594901884,211.06973266601562,5689800
2023-06-23 00:00:00-04:00,208.30876605789842,208.80356122668204,205.9040687855862,207.9030303955078,14037600
2023-06-26 00:00:00-04:00,206.84417006576783,209.54574737417624,205.1915560661213,205.20144653320312,4771500
2023-06-27 00:00:00-04:00,205.9733414404312,208.28897930959164,205.35980023576926,206.64627075195312,4014800
2023-06-28 00:00:00-04:00,206.24052577346865,209.991066506999,205.4389600164312,209.9613800048828,4775900
2023-06-29 00:00:00-04:00,209.6942010584058,210.43639386314288,207.53690122061326,208.239501953125,3838300
2023-06-30 00:00:00-04:00,209.6546276033014,211.62391798088981,208.76400226265628,209.0608673095703,5984200
2023-07-03 00:00:00-04:00,208.37804830706094,209.75357829655738,207.73480551631985,209.44679260253906,2400000
2023-07-05 00:00:00-04:00,208.29887021265785,212.38586793332644,207.90302502788074,211.59420776367188,5069300
2023-07-06 00:00:00-04:00,209.00147799892295,210.28794846836655,205.6665633657852,207.9525146484375,4250900
2023-07-07 00:00:00-04:00,207.58638302584797,209.90202094443964,207.10147829248768,207.4082489013672,3022200
2023-07-10 00:00:00-04:00,206.82435965570676,210.65406904318533,206.1514455421229,210.59469604492188,3820100
2023-07-11 00:00:00-04:00,219.74842582799437,220.03541547909725,214.9786082988281,218.86769104003906,10028100
2023-07-12 00:00:00-04:00,219.59009211496047,225.7156587832242,219.30311755810524,224.91409301757812,8923500
2023-07-13 00:00:00-04:00,225.88387246906333,228.55577831202828,225.23075435851243,227.97190856933594,5800300
2023-07-14 00:00:00-04:00,227.3089078918504,229.7828838486619,225.77503977863708,226.94276428222656,4278700
2023-07-17 00:00:00-04:00,226.85371499751457,227.8828823979609,225.43859283445533,225.62661743164062,3557900
2023-07-18 00:00:00-04:00,224.6865032854421,227.22974276085006,223.12294864182755,225.26046752929688,5092700
2023-07-19 00:00:00-04:00,231.5443277317071,235.74019592309142,228.82295448233043,231.93026733398438,8516300
2023-07-20 00:00:00-04:00,228.69432527770385,231.06933596715078,224.95367513685258,225.78492736816406,5303000
2023-07-21 00:00:00-04:00,227.60578182728116,228.40734759946344,224.9239853191641,225.68597412109375,3529700
2023-07-24 00:00:00-04:00,224.89430970703,225.22087635224244,221.21303219730018,223.31097412109375,5363200
2023-07-25 00:00:00-04:00,223.5286610013669,225.1515884835996,222.8458412808023,223.67709350585938,3203700
2023-07-26 00:00:00-04:00,222.12345988824993,225.14169842040306,220.79739732368668,223.23179626464844,4856700
2023-07-27 00:00:00-04:00,225.66619009037618,227.74433598802267,221.67814195247047,222.8062744140625,4299600
2023-07-28 00:00:00-04:00,223.64741701038395,224.94377794077954,221.648440294075,223.2515869140625,4238700
2023-07-31 00:00:00-04:00,220.03542569059667,223.03388331570773,219.44166542623873,222.667724609375,5571900
2023-08-01 00:00:00-04:00,221.5593908848677,222.46981222785934,219.32292204881986,221.93544006347656,4212600
2023-08-02 00:00:00-04:00,219.66927094839284,220.53022485724364,216.52238075037923,218.20468139648438,5127000
2023-08-03 00:00:00-04:00,213.94943831691646,215.93852465566388,212.36610276014767,213.31610107421875,5515200
2023-08-04 00:00:00-04:00,214.15724756694053,214.98849982258875,210.8520194790416,212.35618591308594,4800400
2023-08-07 00:00:00-04:00,213.06868982681414,214.63224434766343,212.13847250808547,213.81088256835938,3615200
2023-08-08 00:00:00-04:00,211.32702720204787,211.9603644368535,208.94211077881474,209.37753295898438,4843800
2023-08-09 00:00:00-04:00,209.44679305730074,209.4566986248409,202.77696371387162,203.71707153320312,7847500
2023-08-10 00:00:00-04:00,206.0129052676162,208.15042397967065,204.2910277773084,206.08218383789062,4004700
2023-08-11 00:00:00-04:00,203.98425707271196,207.3191716122472,203.3608103404143,206.52749633789062,2930800
2023-08-14 00:00:00-04:00,205.73582439044645,209.89211587304146,204.96394513795315,209.85252380371094,3304700
2023-08-15 00:00:00-04:00,208.14054227263438,210.15929996346193,205.67645683975684,206.60667419433594,4076400
2023-08-16 00:00:00-04:00,205.83480803995667,207.50721827127356,204.79573507553388,204.8353271484375,2759600
2023-08-17 00:00:00-04:00,204.41970187007695,204.77593992804682,201.27279645844544,201.71810913085938,4062700
2023-08-18 00:00:00-04:00,198.87799517674063,203.3608387350201,198.11600629753283,202.69781494140625,4267200
2023-08-21 00:00:00-04:00,203.85559241958714,207.23998927786022,202.09412297463712,206.8540496826172,4023300
2023-08-22 00:00:00-04:00,207.66551123498604,207.92279925314193,203.855582893359,204.607666015625,3153200
2023-08-23 00:00:00-04:00,205.83479152669898,208.79367209087738,204.98374322696557,206.95303344726562,3833200
2023-08-24 00:00:00-04:00,208.8134750032382,209.7832845142749,203.30146405967525,203.3707275390625,3960300
2023-08-25 00:00:00-04:00,203.37070535536972,208.59574114303493,203.34101885316312,207.28948974609375,3068800
2023-08-28 00:00:00-04:00,208.2592835480235,211.25774106324477,207.45771779048218,209.5160675048828,4086900
2023-08-29 00:00:00-04:00,204.59782812064577,210.24839630546577,204.37022654225873,209.75360107421875,5850400
2023-08-30 00:00:00-04:00,209.56554889844008,213.3457761158391,207.24989604490392,212.80149841308594,9946000
2023-08-31 00:00:00-04:00,225.62659237682055,226.4083620836219,218.89737519822364,219.15467834472656,19268400
2023-09-01 00:00:00-04:00,221.17343208760872,221.63854073668378,218.22445722109316,219.22393798828125,5600900
2023-09-05 00:00:00-04:00,217.04686569862938,218.02656563717767,215.34476899122592,216.4135284423828,5807300
2023-09-06 00:00:00-04:00,217.18539037597682,219.89687330920341,216.74007774860914,219.31300354003906,5066700
2023-09-07 00:00:00-04:00,217.4822827314359,220.4114618095682,217.0270645112115,220.2135467529297,4201900
2023-09-08 00:00:00-04:00,220.9953212028641,223.1229343864332,220.54010300408012,222.42031860351562,4578900
2023-09-11 00:00:00-04:00,223.65732514140933,224.4687965328906,220.47084278452954,222.96461486816406,4418000
2023-09-12 00:00:00-04:00,221.12397555809105,222.4500230922796,218.95677012985448,219.3526153564453,4002300
2023-09-13 00:00:00-04:00,218.87759955046934,219.55052888098163,216.02758943874764,216.5223846435547,4173600
2023-09-14 00:00:00-04:00,217.1359159646278,218.27395394376285,216.0671565589834,216.50257873535156,4297200
2023-09-15 00:00:00-04:00,216.59162583777672,216.90830198425093,211.23795374850164,212.3759765625,9939000
2023-09-18 00:00:00-04:00,212.32649496091574,214.12755657702164,211.95044581031124,212.7619171142578,4279400
2023-09-19 00:00:00-04:00,212.15825951060918,213.81087346610158,210.05042738237037,213.45462036132812,4001500
2023-09-20 00:00:00-04:00,212.95983287872713,214.91921747545985,210.7035681673501,210.8124237060547,2990900
2023-09-21 00:00:00-04:00,207.6160609918315,209.68430122466484,205.90407389335775,206.43844604492188,4957300
2023-09-22 00:00:00-04:00,207.1311374872176,207.53687312286425,203.73685010107152,204.28111267089844,3848300
2023-09-25 00:00:00-04:00,202.8660301368854,204.38010222698412,201.74778816317092,204.19207763671875,4067300
2023-09-26 00:00:00-04:00,203.3311314012798,204.29103525339656,199.1847453988281,200.3821563720703,5404500
2023-09-27 00:00:00-04:00,200.87694731582306,201.8071495457378,198.84828411132307,200.61964416503906,4123800
2023-09-28 00:00:00-04:00,198.67015962552028,203.01446079787212,197.47276371944648,201.0847625732422,4344000
2023-09-29 00:00:00-04:00,202.9451892254118,205.6269705972647,199.9962142331327,200.66912841796875,4405100
2023-10-02 00:00:00-04:00,198.7097356192895,202.9748674040096,198.43265154278444,201.58944702148438,3745700
2023-10-03 00:00:00-04:00,200.63944950919966,201.4509208686313,195.3649309727467,197.74984741210938,4622400
2023-10-04 00:00:00-04:00,198.78891567475733,200.62955434211437,197.43316661818784,199.7686004638672,3656400
2023-10-05 00:00:00-04:00,199.89725980058657,200.045692319864,196.423802949935,199.9071502685547,3592600
2023-10-06 00:00:00-04:00,198.39306039338294,206.10197733598918,197.80920573661166,205.20144653320312,4989200
2023-10-09 00:00:00-04:00,202.7571797644308,206.1118906712384,202.5592647011877,205.06292724609375,2781100
2023-10-10 00:00:00-04:00,205.47853891573368,207.04209347498826,204.11289940576253,204.72645568847656,4503500
2023-10-11 00:00:00-04:00,205.07279613556935,207.02229025827944,202.28215930759717,204.69676208496094,3971000
2023-10-12 00:00:00-04:00,205.66656878908898,206.40876156796028,201.15403910954365,203.5389404296875,3548500
2023-10-13 00:00:00-04:00,202.97487257008393,204.9837397258496,201.09465698880922,202.4602813720703,3677500
2023-10-16 00:00:00-04:00,203.69728287406514,207.30929686853779,202.90560753966352,206.35928344726562,3623200
2023-10-17 00:00:00-04:00,204.34052096840304,209.7337854657343,203.85561625104694,207.6556396484375,4006100
2023-10-18 00:00:00-04:00,206.70565930872917,207.44785215082777,202.06447765348017,202.69781494140625,3380800
2023-10-19 00:00:00-04:00,204.30094485314018,208.75410186660147,203.39052345349342,206.1514892578125,4995900
2023-10-20 00:00:00-04:00,205.20143994081698,205.94363264675164,200.0159814660383,201.60922241210938,5539100
2023-10-23 00:00:00-04:00,197.81910157466936,201.4509113856158,195.79045347148775,199.89724731445312,4564100
2023-10-24 00:00:00-04:00,201.60924201085157,202.5097728722488,198.83838595267977,202.09414672851562,3959600
2023-10-25 00:00:00-04:00,201.08476671678054,201.6191539899671,193.39564506332812,195.00868225097656,4490000
2023-10-26 00:00:00-04:00,195.3649264495381,197.58161428500276,191.6638530787057,194.2071075439453,5149100
2023-10-27 00:00:00-04:00,195.24618520233304,196.24566605121726,193.3758599861353,194.52378845214844,3168600
2023-10-30 00:00:00-04:00,196.92848508108247,198.49203968919772,195.02847336867617,197.1956787109375,3438300
2023-10-31 00:00:00-04:00,198.33369000423346,199.8081850161369,196.59201647805318,198.7394256591797,3425400
2023-11-01 00:00:00-04:00,198.8285183077413,202.3613635849214,198.4030016474391,201.7873992919922,3593600
2023-11-02 00:00:00-04:00,204.16238363378966,206.09208180519636,203.80613050214913,205.9436492919922,4963600
2023-11-03 00:00:00-04:00,207.21031431675442,207.9920840173364,205.04310912280528,205.310302734375,3861900
2023-11-06 00:00:00-05:00,206.04260327543574,206.3097817848201,202.55924118691127,205.2608184814453,3729700
2023-11-07 00:00:00-05:00,207.31918874871732,211.11921225978907,206.78481657682804,209.63482666015625,5467100
2023-11-08 00:00:00-05:00,210.20876926201208,210.30773433177913,207.46759990892028,209.26866149902344,3433500
2023-11-09 00:00:00-05:00,211.34682219274032,211.35671266044048,206.89366553566566,207.82386779785156,4731400
2023-11-10 00:00:00-05:00,207.22021095866623,212.03952617784256,206.66604278478604,211.40618896484375,4112600
2023-11-13 00:00:00-05:00,210.3572352381583,213.89006505812694,209.5556543429183,213.0390167236328,3306600
2023-11-14 00:00:00-05:00,216.72027909552727,218.94685730541283,215.68120624425737,218.87757873535156,4743800
2023-11-15 00:00:00-05:00,218.45205164372044,219.06559277784817,215.3942213398301,217.13589477539062,4800700
2023-11-16 00:00:00-05:00,217.70988759209277,220.45105722294318,216.66092418605032,219.14479064941406,3712300
2023-11-17 00:00:00-05:00,218.86770801152892,220.4708396352759,218.08593823573725,218.9171905517578,3634900
2023-11-20 00:00:00-05:00,219.1249873331983,223.74638762695392,218.32342155332375,222.78648376464844,4599300
2023-11-21 00:00:00-05:00,221.66824814251186,223.61774242568987,221.21302991752646,221.98492431640625,3852300
2023-11-22 00:00:00-05:00,221.96512116449296,223.3406511633521,220.8864712941543,221.50990295410156,3893600
2023-11-24 00:00:00-05:00,222.02448497145804,222.15313654514185,219.8077972169562,222.04428100585938,1869100
2023-11-27 00:00:00-05:00,223.15264331936336,223.86514964128384,221.9156552743558,222.4500274658203,4885500
2023-11-28 00:00:00-05:00,221.28229811890895,223.18230977334588,219.91665860792756,222.5786590576172,5535300
2023-11-29 00:00:00-05:00,226.2302254656156,229.09014065642137,224.89427260107382,227.95211791992188,12327400
2023-11-30 00:00:00-05:00,246.45747809437287,249.87156175981394,241.11368117894528,249.27780151367188,24425700
2023-12-01 00:00:00-05:00,247.39758418156552,260.6877751558231,247.1007040605576,257.2934875488281,14538200
2023-12-04 00:00:00-05:00,250.16845834429463,252.4643002405493,247.24916965856218,248.0507354736328,11429200
2023-12-05 00:00:00-05:00,247.38769033816362,249.0501948332,246.0517373618344,248.40696716308594,5771500
2023-12-06 00:00:00-05:00,248.90175656632348,251.33614024915698,246.25955227644337,246.53663635253906,5374800
2023-12-07 00:00:00-05:00,246.1606021847078,248.1199868705939,244.31996351010253,246.2595672607422,6568200
2023-12-08 00:00:00-05:00,245.9626889197519,249.4658321775445,245.41841119750924,248.19915771484375,4605800
2023-12-11 00:00:00-05:00,247.3975927066743,250.88095503997044,247.11061814311284,249.47573852539062,4766000
2023-12-12 00:00:00-05:00,249.17886735201768,253.90909318667195,248.40698804302022,253.7804718017578,5827600
2023-12-13 00:00:00-05:00,254.82942778596816,256.4226537978652,252.50388435875354,254.6414031982422,6567600
2023-12-14 00:00:00-05:00,253.82993102844395,256.07629030632177,250.58407580847395,254.53253173828125,6613200
2023-12-15 00:00:00-05:00,252.3554194378735,259.579431718595,251.8606242830289,258.8768310546875,13739500
2023-12-18 00:00:00-05:00,257.1153854284926,262.82531117457705,256.9768282762956,260.84613037109375,7498500
2023-12-19 00:00:00-05:00,262.7065598343841,263.80499066210353,260.99455760210134,261.58831787109375,4665500
2023-12-20 00:00:00-05:00,258.9362195990872,262.16229386627674,257.37264990398626,257.5408935546875,4510500
2023-12-21 00:00:00-05:00,261.99404173548584,265.5664483563046,261.48934099961934,264.468017578125,5160700
2023-12-22 00:00:00-05:00,264.47791072051024,265.35863037516606,262.5382920070745,263.5674743652344,3110600
2023-12-26 00:00:00-05:00,262.76594118528953,263.75553159840024,261.86541028537044,263.4487609863281,3218800
2023-12-27 00:00:00-05:00,263.17169363467144,264.2305626920942,262.6373063215947,263.9435729980469,3387000
2023-12-28 00:00:00-05:00,263.72583560518353,264.1414768516925,262.53831507221645,262.8153991699219,2958700
2023-12-29 00:00:00-05:00,262.2513469842017,262.88466910103347,259.9158980661265,260.40081787109375,3706600
2024-01-02 00:00:00-05:00,257.82788812833246,257.8476690641264,251.12835697403207,253.4637908935547,4741400
2024-01-03 00:00:00-05:00,250.86115316676225,251.51428642029694,249.14916609305803,249.2184295654297,5097100
2024-01-04 00:00:00-05:00,249.2085495298717,250.0101153291497,247.23925921933676,248.62469482421875,4489800
2024-01-05 00:00:00-05:00,248.59501028064042,251.26690133261783,247.56582781176175,248.5059356689453,3676000
2024-01-08 00:00:00-05:00,249.58463735869935,258.8372998707611,248.7731658659017,258.15447998046875,6626000
2024-01-09 00:00:00-05:00,256.79869474118857,261.1825727252103,256.0861884841996,258.6195373535156,4571800
2024-01-10 00:00:00-05:00,260.52946021253484,263.68625608300175,260.0148840637078,261.3805236816406,5128300
2024-01-11 00:00:00-05:00,265.21023325064266,270.11859329065186,262.3404270651499,268.5550537109375,9012600
2024-01-12 00:00:00-05:00,268.40657861564665,272.3748150448457,268.2383349825363,269.0992736816406,4847600
2024-01-16 00:00:00-05:00,266.89251810377755,268.74304714745006,264.93311842229514,266.3878173828125,5858700
2024-01-17 00:00:00-05:00,265.4972067986421,269.06961351114694,261.3805072668471,268.6144104003906,4706500
2024-01-18 00:00:00-05:00,270.15817281471465,272.82017334378946,269.3071395867822,271.60296630859375,4752400
2024-01-19 00:00:00-05:00,273.6316411820375,279.0644826158023,272.661831753465,277.9561462402344,7413600
2024-01-22 00:00:00-05:00,280.8358625954432,282.74576478222195,277.2535502492856,277.3821716308594,6735900
2024-01-23 00:00:00-05:00,277.9066505045128,278.7774948626779,272.8399526387174,273.888916015625,6573800
2024-01-24 00:00:00-05:00,277.06547738485114,278.0352564610271,273.8097171436547,273.99774169921875,7037800
2024-01-25 00:00:00-05:00,275.7097554896817,276.9368680710622,273.97797236102565,276.1253967285156,4178000
2024-01-26 00:00:00-05:00,276.3727762055516,280.3905103847294,275.78892155585714,277.0259094238281,4877400
2024-01-29 00:00:00-05:00,278.4707191347225,285.15045401364665,278.07488903372945,284.86346435546875,5762300
2024-01-30 00:00:00-05:00,284.6358981989695,286.278621925135,283.5374371254919,284.73486328125,4810900
2024-01-31 00:00:00-05:00,281.0931193314973,282.6566889546896,277.8967619142863,278.1639404296875,4557300
2024-02-01 00:00:00-05:00,279.07438863230215,282.0827215994251,278.4311307348207,280.8457336425781,3218300
2024-02-02 00:00:00-05:00,282.23116776415515,285.1603466182296,280.21239508098915,282.6863708496094,3629600
2024-02-05 00:00:00-05:00,283.27024674741136,286.0410877360716,278.4311352851883,285.1108703613281,5274800
2024-02-06 00:00:00-05:00,284.94266573170063,285.63539110026693,278.9754367535686,282.8546142578125,4207200
2024-02-07 00:00:00-05:00,284.35877210452537,286.7832501629685,282.23115904919007,285.833251953125,3621400
2024-02-08 00:00:00-05:00,286.28845032127805,290.0587867982994,285.9718043897979,288.910888671875,4488400
2024-02-09 00:00:00-05:00,290.19735230403006,292.16662731554413,288.0202415878595,288.26763916015625,4376300
2024-02-12 00:00:00-05:00,287.792667726014,287.97078673787576,284.01242540814553,284.3291015625,3750000
2024-02-13 00:00:00-05:00,277.4910404238572,280.47959248165836,273.54258449518824,278.22332763671875,4956600
2024-02-14 00:00:00-05:00,282.033251231917,286.44681576013545,281.6770131999976,286.1400451660156,3850700
2024-02-15 00:00:00-05:00,288.3072407434732,288.96037397988147,285.01191825967226,288.9010009765625,3986500
2024-02-16 00:00:00-05:00,288.9603969855307,289.02967556155176,284.8832893668973,286.7041320800781,4159400
2024-02-20 00:00:00-05:00,286.4864560205481,287.8224092647702,281.1921406896863,283.4088439941406,4295500
2024-02-21 00:00:00-05:00,277.1546027391027,280.6181692911038,275.4623813369087,280.5983581542969,3797200
2024-02-22 00:00:00-05:00,288.9604433357724,291.5630713388983,288.36668296016956,290.59326171875,5264300
2024-02-23 00:00:00-05:00,294.8979266181457,294.8979266181457,288.0499480543584,289.7520446777344,4416800
2024-02-26 00:00:00-05:00,292.51303972480736,300.66725543109436,291.9291849788381,297.2630920410156,8719300
2024-02-27 00:00:00-05:00,298.4406589587563,298.60890261438334,293.5125181043586,296.38232421875,6178800
2024-02-28 00:00:00-05:00,296.46148102179757,297.7479666716232,293.5223963032201,296.6495056152344,12490800
2024-02-29 00:00:00-05:00,296.8770918948469,307.307382179391,291.72133485491156,305.60528564453125,21737800
2024-03-01 00:00:00-05:00,303.8042330330242,315.392327407074,303.42818387350746,313.5813903808594,9450200
2024-03-04 00:00:00-05:00,311.29543700517394,314.3433619301821,310.27616017441886,311.3647155761719,9350000
2024-03-05 00:00:00-05:00,308.06938992514273,309.2964723767596,293.0573202294785,295.64013671875,9015300
2024-03-06 00:00:00-05:00,301.4786934592631,302.70580602663847,299.5885722707139,300.60784912109375,8270000
2024-03-07 00:00:00-05:00,302.814662483694,303.57663621993976,298.6089032825316,299.2719421386719,6788900
2024-03-08 00:00:00-05:00,299.0542475385525,305.6547989605202,299.0542475385525,302.1021728515625,4851600
2024-03-11 00:00:00-04:00,299.48965745225695,304.40789281897054,297.1245218663434,302.8146667480469,4895500
2024-03-12 00:00:00-04:00,303.5172516473149,305.8230141040434,300.7068186416094,303.4281921386719,4832000
2024-03-13 00:00:00-04:00,302.21931149345227,304.9244329382314,300.34652813029385,301.9022216796875,5548800
2024-03-14 00:00:00-04:00,302.2193025789828,306.66835738953773,299.24665370115673,300.55462646484375,4828800
2024-03-15 00:00:00-04:00,296.2343999882784,297.3144589271782,291.09171433430623,291.6466064453125,11885100
2024-03-18 00:00:00-04:00,296.8883937033267,298.2260919547591,293.32120844595795,297.7702941894531,5240500
2024-03-19 00:00:00-04:00,295.46151411640017,299.0187808000131,293.9157389067899,298.70172119140625,3329900
2024-03-20 00:00:00-04:00,299.21697466891146,304.2209222909226,297.94864549458003,303.28948974609375,4946600
2024-03-21 00:00:00-04:00,305.1325207194024,308.95731467577167,303.55702034053394,305.57843017578125,6083900
2024-03-22 00:00:00-04:00,306.4999677592072,307.40167500895825,303.8542965768079,304.9640808105469,3779000
2024-03-25 00:00:00-04:00,300.9312142007621,304.90463493020206,299.781786158336,303.2696838378906,4141200
2024-03-26 00:00:00-04:00,304.67669857875853,305.17214005087476,302.1103153819182,303.0417175292969,3893900
2024-03-27 00:00:00-04:00,304.63707279650146,306.4801006668007,295.90739596108114,298.63232421875,3859900
2024-03-28 00:00:00-04:00,297.26487795298965,300.03933805147875,296.8982561084765,298.4341125488281,4892300
2024-04-01 00:00:00-04:00,298.93949241536785,300.7429067190946,297.25497923244075,299.5043029785156,2918100
2024-04-02 00:00:00-04:00,294.7876847417731,301.6842217732521,292.2014946947242,301.2284240722656,4746100
2024-04-03 00:00:00-04:00,301.2185076862025,304.35962004095853,300.33663755766577,301.961669921875,3047400
2024-04-04 00:00:00-04:00,305.4496067893847,308.46186937189265,289.4369336954622,291.4583435058594,8351000
2024-04-05 00:00:00-04:00,290.8638150423224,300.6537442826217,290.6259825507705,299.1575012207031,4918200
2024-04-08 00:00:00-04:00,298.3548648743655,300.73297792707234,296.7892528657843,298.9791259765625,3142900
2024-04-09 00:00:00-04:00,300.5546321749351,302.8138441554306,296.5217311966217,299.61328125,2997700
2024-04-10 00:00:00-04:00,295.72905049561746,298.1765327735369,295.4317674449209,296.88836669921875,3036400
2024-04-11 00:00:00-04:00,296.7397583012769,298.34498405866145,293.7076584841389,296.42266845703125,3468600
2024-04-12 00:00:00-04:00,294.16345853760384,295.1345348534482,290.8241873575192,291.63671875,3820000
2024-04-15 00:00:00-04:00,280.3604619250944,283.86819650595703,269.18330195835165,270.4119873046875,18365100
2024-04-16 00:00:00-04:00,272.27480199269814,278.0021039438679,269.9561396359283,274.8808288574219,7624300
2024-04-17 00:00:00-04:00,275.2078487652309,276.42664580349435,272.33429396669334,273.8008117675781,4199400
2024-04-18 00:00:00-04:00,273.80082812099823,273.8107163893351,267.29071883303266,269.4409484863281,5918200
2024-04-19 00:00:00-04:00,270.00569639838966,270.65968280082615,266.2799969169548,267.905029296875,4913600
2024-04-22 00:00:00-04:00,276.84280349454264,277.14997479164697,267.1024071064471,271.31365966796875,6747200
2024-04-23 00:00:00-04:00,272.4432929836482,274.1773382338895,267.9446756960044,274.1575012207031,6285200
2024-04-24 00:00:00-04:00,275.46549300490136,276.39692550831063,271.61094335408075,273.6719970703125,3938800
2024-04-25 00:00:00-04:00,269.1238424270023,271.0857715128114,266.8249864935655,270.6498107910156,4811900
2024-04-26 00:00:00-04:00,272.49282510387536,274.3754967567232,270.9668568162758,271.789306640625,3754600
2024-04-29 00:00:00-04:00,272.3838478433516,274.7619610431382,270.7290598948766,273.22607421875,3576400
2024-04-30 00:00:00-04:00,272.0072930118879,272.1063571171326,265.91333857192257,266.4880676269531,5218000
2024-05-01 00:00:00-04:00,266.56736508598516,271.50197389179135,264.1198825789194,266.2403869628906,3761000
2024-05-02 00:00:00-04:00,267.9645343295809,270.59036874025963,265.4972448583297,269.6490478515625,3859900
2024-05-03 00:00:00-04:00,274.2962637679112,275.13852044085894,270.85789824184513,271.1650695800781,4041600
2024-05-06 00:00:00-04:00,273.65215067615304,274.60338981704405,271.5613719801443,273.1170654296875,3744800
2024-05-07 00:00:00-04:00,273.07745369478124,276.3374673673378,271.57132235832785,274.6529541015625,3507700
2024-05-08 00:00:00-04:00,273.2162146152036,277.38782409943866,273.2162146152036,276.4266662597656,3283300
2024-05-09 00:00:00-04:00,269.6886666181252,272.8396676185148,268.598689160312,272.66131591796875,4709700
2024-05-10 00:00:00-04:00,273.5828029566899,277.09053725151364,272.46310032590225,274.1476135253906,2912300
2024-05-13 00:00:00-04:00,274.61332750976595,275.2672836752685,272.6810935754609,274.9898376464844,2998700
2024-05-14 00:00:00-04:00,274.4349731463603,276.3176449763979,272.5324945406167,274.27642822265625,3056800
2024-05-15 00:00:00-04:00,277.1896122032604,285.17612709429903,277.17972393560916,284.91851806640625,5828500
2024-05-16 00:00:00-04:00,286.78140120123805,287.37590687202385,281.98550036831404,282.0845947265625,3559200
2024-05-17 00:00:00-04:00,284.42308930970165,284.7203421395908,281.66843554177206,283.006103515625,3478900
2024-05-20 00:00:00-04:00,283.39256764586133,285.0968877937252,282.5106671687175,284.45281982421875,2799300
2024-05-21 00:00:00-04:00,284.17534795462893,284.6014203930589,280.7072574068182,281.1729736328125,3492100
2024-05-22 00:00:00-04:00,280.82618668752076,284.47262928596115,280.25145754793607,281.2324523925781,3309200
2024-05-23 00:00:00-04:00,284.066351134621,284.3834409743364,274.9304080233627,276.0303039550781,5456600
2024-05-24 00:00:00-04:00,268.4599091047367,272.45316616460354,266.08179608395665,269.8075256347656,8325100
2024-05-28 00:00:00-04:00,270.6101098062825,270.7389294138511,264.72426331417637,267.3699035644531,9294100
2024-05-29 00:00:00-04:00,265.5566544770126,270.38225003910105,265.32874049185494,269.1436462402344,13397900
2024-05-30 00:00:00-04:00,221.36325872974726,223.03785343839465,210.06719844608256,216.02239990234375,66763300
2024-05-31 00:00:00-04:00,217.11238840283264,232.48097925726063,214.090192038639,232.30262756347656,36807400
2024-06-03 00:00:00-04:00,232.48098710424773,238.792922706035,228.1112041426118,234.46275329589844,19962700
2024-06-04 00:00:00-04:00,233.5709251823295,238.39652020720771,230.08301303950432,232.71876525878906,11197500
2024-06-05 00:00:00-04:00,233.49168036762615,234.76000945700258,229.43897233798305,234.37356567382812,10772100
2024-06-06 00:00:00-04:00,237.69303523349546,244.50039707360102,237.26694765194637,240.54676818847656,11693800
2024-06-07 00:00:00-04:00,240.12068492544032,241.7060886914091,238.09927509026068,239.6450653076172,6883800
2024-06-10 00:00:00-04:00,239.58558466391622,241.41872419098542,238.23798323117714,239.6351318359375,7656900
2024-06-11 00:00:00-04:00,238.9613560161979,241.52773944454816,234.10602007966133,238.79290771484375,7264400
2024-06-12 00:00:00-04:00,238.3668050170721,239.99185248426468,232.74850038745492,233.65020751953125,10260100
2024-06-13 00:00:00-04:00,233.37277664816597,233.50158116134315,226.57531842294526,226.9419403076172,13566700
2024-06-14 00:00:00-04:00,227.25904064362496,233.1052447728418,227.11039910969006,229.82542419433594,8833700
2024-06-17 00:00:00-04:00,228.18054955671866,229.72632470920257,225.69343852236833,228.37872314453125,10563700
2024-06-18 00:00:00-04:00,228.3787179855682,230.17221386222252,227.14011419012456,229.69659423828125,7119800
2024-06-20 00:00:00-04:00,230.72713460632193,241.5475761840943,230.72713460632193,239.5955352783203,14809600
2024-06-21 00:00:00-04:00,238.37673532310572,243.1329617222536,238.00019493729778,242.82579040527344,15719600
2024-06-24 00:00:00-04:00,240.97282624201307,242.1817046466357,237.62363704366444,237.75245666503906,7545700
2024-06-25 00:00:00-04:00,239.5756995798045,240.8836724466538,237.68310934959467,239.55587768554688,6037800
2024-06-26 00:00:00-04:00,239.26852082773965,241.38900985720483,237.7128272498397,240.93319702148438,4524700
2024-06-27 00:00:00-04:00,242.76634657708888,256.2423620676056,242.22135787716442,250.54478454589844,12869000
2024-06-28 00:00:00-04:00,251.188827302442,257.80791813722857,250.8717375016582,254.75601196289062,12619300
2024-07-01 00:00:00-04:00,255.79643035386945,257.11432162613534,252.20943887307047,253.87411499023438,5871700
2024-07-02 00:00:00-04:00,252.72470310734326,255.3802773143044,251.74372352945338,253.85430908203125,5130600
2024-07-03 00:00:00-04:00,254.63711625513045,258.8384503670222,254.59747246935362,258.5709228515625,4755700
2024-07-05 00:00:00-04:00,260.3247806108177,263.3866054243531,258.937550471257,260.7904968261719,6562100
2024-07-08 00:00:00-04:00,258.9970256778054,260.4437065153461,254.84522313118944,255.02357482910156,6539300
2024-07-09 00:00:00-04:00,254.15024052862702,255.05335136042177,249.18811307025305,250.51795959472656,7014900
2024-07-10 00:00:00-04:00,249.29727177418485,252.87000947673258,244.24582983233572,250.67674255371094,8947700
2024-07-11 00:00:00-04:00,250.68668085403237,253.48531281696103,249.01939818281468,249.21788024902344,5341800
2024-07-12 00:00:00-04:00,249.71410439645507,253.3563042362094,247.7987304123646,252.0463104248047,4705500
2024-07-15 00:00:00-04:00,254.080755089787,254.44797795018172,250.21030185728026,250.9447021484375,4404300
2024-07-16 00:00:00-04:00,251.85772575401742,254.83500205985877,250.7561329151277,254.09068298339844,4780400
2024-07-17 00:00:00-04:00,252.07604953220837,253.6341646661678,247.71930266767535,249.31710815429688,5625300
2024-07-18 00:00:00-04:00,250.23013610462854,250.5377855512328,243.85876694663924,245.47642517089844,6351600
2024-07-19 00:00:00-04:00,246.7665966115708,247.10403279327463,243.3129600823653,245.75433349609375,4468900
2024-07-22 00:00:00-04:00,246.86581221432183,253.64407934778365,246.12149318251988,252.1554412841797,5647600
2024-07-23 00:00:00-04:00,254.64645243704945,255.38083760681855,251.82796768433244,254.12046813964844,3905500
2024-07-24 00:00:00-04:00,251.70884410879643,253.9715726750457,247.01466134228716,247.88800048828125,5204100
2024-07-25 00:00:00-04:00,252.8104492341697,262.07968359677034,249.81332031705327,254.5769500732422,7155800
2024-07-26 00:00:00-04:00,256.2144728514621,262.4865782150858,255.12279887971118,260.7200622558594,6127300
2024-07-29 00:00:00-04:00,260.7201055237692,264.06457475275147,256.56184008202604,256.6313171386719,5101400
2024-07-30 00:00:00-04:00,257.6534739085285,258.77491944071414,253.1875596708172,255.9762725830078,3944300
2024-07-31 00:00:00-04:00,254.2693129128377,259.8467390268826,253.41584157389798,256.8396911621094,4647700
2024-08-01 00:00:00-04:00,257.93135942526783,261.3651428826216,247.84832871285803,251.14317321777344,5527400
2024-08-02 00:00:00-04:00,245.9131126613797,246.12152868335858,239.29363626760542,242.12205505371094,6504500
2024-08-05 00:00:00-04:00,230.56028671124267,239.98832844120034,230.45111930653582,237.19960021972656,6899300
2024-08-06 00:00:00-04:00,239.26383341991152,242.0029371854378,236.22701415222778,236.6140594482422,5673900
2024-08-07 00:00:00-04:00,240.7723424694862,244.66264847187114,237.84469037880896,238.2218017578125,4035500
2024-08-08 00:00:00-04:00,241.3975657676292,247.54066642653214,241.23877406529883,247.23301696777344,4474300
2024-08-09 00:00:00-04:00,246.81621139103137,251.03401963905554,246.56810502350055,250.61720275878906,2975300
2024-08-12 00:00:00-04:00,250.68665505692263,252.16535916973993,247.13377040751774,249.4064178466797,3679700
2024-08-13 00:00:00-04:00,251.0836372804931,253.84257880279029,251.0836372804931,252.67152404785156,4031600
2024-08-14 00:00:00-04:00,253.45553978918326,255.75795900158542,251.9371300338669,253.38607788085938,4145200
2024-08-15 00:00:00-04:00,255.94649444329096,260.898717587485,254.29906471031293,260.7994689941406,5167900
2024-08-16 00:00:00-04:00,259.76736194339315,261.6033550860462,257.7130339899421,260.9185791015625,3494900
2024-08-19 00:00:00-04:00,261.1071442127429,263.3798069931158,259.64827757715636,263.369873046875,4501300
2024-08-20 00:00:00-04:00,262.94314850905425,263.488970419837,259.05282722052067,259.856689453125,5731300
2024-08-21 00:00:00-04:00,259.12226915039327,260.154400011352,257.2167991214247,259.1123352050781,4648200
2024-08-22 00:00:00-04:00,259.519279098769,261.2659577434413,255.32130815516769,256.6313171386719,5111400
2024-08-23 00:00:00-04:00,260.00555071858406,263.588222573028,258.7253436117617,262.0003356933594,4711300
2024-08-26 00:00:00-04:00,261.94078337519613,265.27531844747205,261.24607342526093,263.2706298828125,3818300
2024-08-27 00:00:00-04:00,257.68323795650076,262.4568015020306,257.4351316171846,262.19879150390625,5276400
2024-08-28 00:00:00-04:00,259.84673352836006,263.17136473158683,255.41059070425726,256.9389343261719,10981900
2024-08-29 00:00:00-04:00,268.9572186044824,269.89010090776225,254.33878149095116,255.06326293945312,14301700
2024-08-30 00:00:00-04:00,255.4900102821858,257.1672117156735,249.09878796099014,250.98439025878906,10507700
2024-09-03 00:00:00-04:00,250.7065029927099,251.76840545338814,244.77180326291537,246.18104553222656,6190400
2024-09-04 00:00:00-04:00,244.6030982639624,247.59029337283204,243.30302336655805,245.80392456054688,4706500
2024-09-05 00:00:00-04:00,244.1168288530976,246.6177454413344,243.14425606892124,244.25576782226562,4083600
2024-09-06 00:00:00-04:00,245.86350350000478,248.10637972112758,239.61121970239006,242.12205505371094,6259400
2024-09-09 00:00:00-04:00,244.63286828670854,247.47120561982027,242.91597653436926,243.89846801757812,4588800
2024-09-10 00:00:00-04:00,245.25810984446932,245.4665107117795,241.46703730200656,244.2954559326172,3544800
2024-09-11 00:00:00-04:00,242.95567163806277,248.1262148880518,240.17687735346405,247.67962646484375,4822200
2024-09-12 00:00:00-04:00,249.48583799353432,252.21500803270843,247.67963151480515,251.45083618164062,5219700
2024-09-13 00:00:00-04:00,250.6271165545376,254.88461507329134,250.53780189838156,252.64175415039062,4998900
2024-09-16 00:00:00-04:00,252.6417327935921,255.85718128907928,252.6417327935921,254.96400451660156,5367000
2024-09-17 00:00:00-04:00,256.7603101398963,257.40538061633,252.8302987483872,253.25704956054688,5423400
2024-09-18 00:00:00-04:00,254.4597833606113,254.5790565306264,249.45011304917267,250.9112548828125,4436700
2024-09-19 00:00:00-04:00,259.15136657070315,267.9183078891025,256.49741740945814,264.3896484375,11022800
2024-09-20 00:00:00-04:00,264.40956855283923,268.6936351409185,259.7477833698809,265.1947937011719,11463200
2024-09-23 00:00:00-04:00,265.642079538368,266.4472037138062,260.66221269964717,262.620361328125,6034000
2024-09-24 00:00:00-04:00,268.20658147634845,270.820763198128,264.6879013723453,268.81292724609375,7154500
2024-09-25 00:00:00-04:00,268.82286412594897,275.38313131061034,267.75929444375555,272.4409484863281,7920000
2024-09-26 00:00:00-04:00,274.4686601433696,276.9635683573836,271.06922333250594,274.10089111328125,5253400
2024-09-27 00:00:00-04:00,274.5978978627765,276.1683784826955,273.40510550118927,274.9756164550781,5220100
2024-09-30 00:00:00-04:00,272.30180910399594,274.08101784056555,267.5207505946754,272.063232421875,5059700
2024-10-01 00:00:00-04:00,272.4906716295642,273.0473000044762,268.06743259016764,269.2403259277344,4369900
2024-10-02 00:00:00-04:00,272.07316821126585,280.3033504800884,269.22044038428305,277.79852294921875,8512300
2024-10-03 00:00:00-04:00,277.311417684903,279.42860716984575,276.05901923420623,279.2198791503906,3868400
2024-10-04 00:00:00-04:00,282.1521276114144,286.15791003630017,279.7765229391169,286.01873779296875,6129900
2024-10-07 00:00:00-04:00,284.855765760144,286.4362261506658,281.67503689812435,282.8578796386719,4794700
2024-10-08 00:00:00-04:00,284.27927021573623,290.86938542417226,282.39070770417356,289.8157653808594,5211200
2024-10-09 00:00:00-04:00,289.0702902386744,289.8157778675132,285.35277130243264,286.187744140625,4851000
2024-10-10 00:00:00-04:00,286.18773154782974,288.48383091690295,282.90756792489094,288.4241943359375,3965500
2024-10-11 00:00:00-04:00,287.4699452534512,288.49374699420673,284.5774497721398,286.36663818359375,3597000
2024-10-14 00:00:00-04:00,288.17569272612997,290.6904696199365,286.51572703176697,289.8853454589844,3642500
2024-10-15 00:00:00-04:00,291.6943838500324,291.8136570143212,286.26724253711086,286.6151428222656,3850800
2024-10-16 00:00:00-04:00,285.8199631992762,289.16971330812623,282.51996080324176,289.11004638671875,3497000
2024-10-17 00:00:00-04:00,290.2034125448852,291.5751146206555,288.3546178055211,289.3585205078125,2830000
2024-10-18 00:00:00-04:00,290.2829416938314,292.9368605773915,288.40429837120433,291.1775207519531,3087900
2024-10-21 00:00:00-04:00,287.26124477225807,291.1576736192302,286.30702906168204,289.5374755859375,2712600
2024-10-22 00:00:00-04:00,288.0067152593296,290.1835415218294,285.9193438705528,286.5952453613281,3100100
2024-10-23 00:00:00-04:00,285.99891410280054,286.5654617048536,280.91964209842234,282.71875,3227100
2024-10-24 00:00:00-04:00,284.83592016275986,287.1717875433635,283.46421802717265,285.03472900390625,3210700
2024-10-25 00:00:00-04:00,288.25520895442884,292.6088614465548,287.09223493687347,288.7124328613281,3351200
2024-10-28 00:00:00-04:00,291.8335422446736,294.28868253963776,290.730204859439,292.00250244140625,3867800
2024-10-29 00:00:00-04:00,292.2311720979356,298.79146978325497,291.04832921272623,297.0917663574219,4280700
2024-10-30 00:00:00-04:00,295.2826509148324,297.73779108459075,294.5669816656002,294.6166687011719,2826500
2024-10-31 00:00:00-04:00,290.8395845289267,294.308577312941,287.80791658722734,289.6169738769531,4301800
2024-11-01 00:00:00-04:00,288.48386186538715,295.20317015807194,288.2552347245139,292.94683837890625,3527500
2024-11-04 00:00:00-05:00,296.1971114157875,298.3739375455104,291.1576384996306,296.2170104980469,5107900
2024-11-05 00:00:00-05:00,295.65044723718,297.0121997445248,292.96667972103404,295.70013427734375,4456100
2024-11-06 00:00:00-05:00,303.16493493411576,306.7035133872852,301.2465542653402,305.0534973144531,5874900
2024-11-07 00:00:00-05:00,305.6499221447265,310.3117071238302,304.15894691475216,308.9101867675781,5722600
2024-11-08 00:00:00-05:00,308.16470380172325,320.86781173939096,307.5782571758288,320.01300048828125,8485000
2024-11-11 00:00:00-05:00,323.29312227508075,342.80502256359586,323.29312227508075,339.6739807128906,13954200
2024-11-12 00:00:00-05:00,337.24867835020376,346.7610776210309,336.47337241484547,339.09747314453125,7659700
2024-11-13 00:00:00-05:00,343.4212882790335,346.095106235333,336.7317686175086,339.6640319824219,6902900
2024-11-14 00:00:00-05:00,340.37972338019847,343.918302330056,328.8296395831272,329.6546325683594,7630600
2024-11-15 00:00:00-05:00,324.9630361346331,328.273018357552,322.2295813602451,323.3031005859375,7093000
2024-11-18 00:00:00-05:00,325.03257847350176,325.03257847350176,318.283422555419,320.3111572265625,4250400
2024-11-19 00:00:00-05:00,317.0807302856705,322.74644825821815,314.09877984411247,321.48406982421875,5469900
2024-11-20 00:00:00-05:00,323.3329111104899,325.2910598788164,320.07264634400394,323.7404479980469,3763500
2024-11-21 00:00:00-05:00,329.3564261689145,340.87669085231374,326.6229716486766,333.759765625,8364200
2024-11-22 00:00:00-05:00,336.910713005545,340.7474746817521,333.75977202395035,339.96221923828125,5649400
2024-11-25 00:00:00-05:00,342.9243100854611,345.7571691486131,336.25468924368715,337.0697326660156,7117200
2024-11-26 00:00:00-05:00,339.9224724308903,341.74144880429225,337.09956306233937,341.115234375,4492800
2024-11-27 00:00:00-05:00,334.43564989679334,335.3501279816541,326.9012689900427,328.02447509765625,7471500
2024-11-29 00:00:00-05:00,327.35849448331345,329.992544468099,325.28107278459703,328.00457763671875,3517600
2024-12-02 00:00:00-05:00,330.0025276272535,332.48748641962743,328.1238842199134,329.01849365234375,6063400
2024-12-03 00:00:00-05:00,325.43016117171163,330.7976654992004,321.70272339790466,329.4359130859375,12632400
2024-12-04 00:00:00-05:00,364.60308767326615,366.7799139797006,354.5042116049141,365.6567077636719,24733100
2024-12-05 00:00:00-05:00,358.6093838327072,363.251300356563,354.5241260039135,359.2057800292969,10942100
2024-12-06 00:00:00-05:00,362.7940232149199,364.94103118692595,358.9174936823959,359.81207275390625,5738900
2024-12-09 00:00:00-05:00,359.5238616677041,359.5238616677041,348.67949751223586,349.4548034667969,6475000
2024-12-10 00:00:00-05:00,349.236090385665,353.3511660851202,345.3396619240758,346.7213134765625,6033000
2024-12-11 00:00:00-05:00,351.36322401511745,358.0328752602958,349.7629251116972,352.7150573730469,7546600
2024-12-12 00:00:00-05:00,352.8641164405472,357.83403357351267,350.79664426017905,355.8758850097656,5422000
2024-12-13 00:00:00-05:00,361.8099860207079,362.60516066958365,350.37917602280095,352.17828369140625,5538000
2024-12-16 00:00:00-05:00,348.66954357045745,355.91569204194394,348.4508659791625,355.08074951171875,5482300
2024-12-17 00:00:00-05:00,354.752713451387,355.0807450011476,347.00957331022454,348.8583984375,6911000
2024-12-18 00:00:00-05:00,352.7691970111724,353.03786783643295,333.60322189284557,335.5835266113281,8400000
2024-12-19 00:00:00-05:00,340.0317040381684,341.85275592668114,333.79229710401887,334.5884094238281,7423400
2024-12-20 00:00:00-05:00,331.11543096557,344.7585155579146,329.5232670501388,341.97216796875,14932300
2024-12-23 00:00:00-05:00,340.5790401505071,342.17123457847003,335.03622715382716,341.2258605957031,5330300
2024-12-24 00:00:00-05:00,341.32534115309187,343.26583264527153,339.1659225713769,342.74835205078125,1811000
2024-12-26 00:00:00-05:00,343.1961806488671,343.1961806488671,339.3649716153067,340.0516052246094,3483300
2024-12-27 00:00:00-05:00,338.68832503266555,340.5989340653399,333.6331099645242,336.797607421875,3220400
2024-12-30 00:00:00-05:00,331.84189336372475,336.4592235989052,329.99095869061244,334.1007995605469,3411100
2024-12-31 00:00:00-05:00,334.6281929763692,335.5039013457353,330.7870535190621,332.6976623535156,3026000
2025-01-02 00:00:00-05:00,334.66800169637645,337.2652744556228,326.2095019935135,329.04559326171875,4807100
2025-01-03 00:00:00-05:00,330.47857623394117,331.8120302350434,327.66237629000693,331.274658203125,4101200
2025-01-06 00:00:00-05:00,332.3891800611125,334.9566005546259,325.6820969483946,328.9162292480469,5785300
2025-01-07 00:00:00-05:00,328.88641046852604,329.8815282006547,321.3334705258994,323.3435974121094,4643100
2025-01-08 00:00:00-05:00,326.13985026340754,327.19467254735315,321.53245066557554,325.303955078125,3788200
2025-01-10 00:00:00-05:00,321.19411865674493,321.19411865674493,314.47707440006474,316.29815673828125,6540000
2025-01-13 00:00:00-05:00,313.06402976469906,318.98496176911055,312.2679173955755,317.51220703125,4583000
2025-01-14 00:00:00-05:00,323.41325151797923,328.3291353705391,319.9303395785549,321.96038818359375,5935200
2025-01-15 00:00:00-05:00,328.2694068822589,329.91134488923416,319.21383042412464,319.59197998046875,6042700
2025-01-16 00:00:00-05:00,321.36330095052836,326.11996217131673,317.9898374915065,318.4376525878906,5047700
2025-01-17 00:00:00-05:00,327.11509616657395,327.9609522972053,321.4926871560916,322.97540283203125,6303600
2025-01-21 00:00:00-05:00,327.7917307998459,327.9111400526669,320.8756817129446,325.2442321777344,6397200
2025-01-22 00:00:00-05:00,329.63269598153715,333.5932748538676,325.68207800287945,330.9960021972656,7259300
2025-01-23 00:00:00-05:00,330.7074209809426,333.8221439499082,327.990769349651,333.02606201171875,4355900
2025-01-24 00:00:00-05:00,334.65804557894086,336.9965780744736,330.1700857349396,332.2498779296875,3299100
2025-01-27 00:00:00-05:00,330.7372799971864,351.42578396974625,328.8863757875245,345.40533447265625,15661100
2025-01-28 00:00:00-05:00,353.03786412744364,365.2977203905647,348.74890965102145,358.1925964355469,12099300
2025-01-29 00:00:00-05:00,357.0084065450829,358.42145655700403,349.78384291654254,352.2716369628906,6266700
2025-01-30 00:00:00-05:00,339.23560063867643,346.30094202379763,338.34000082784826,341.892578125,7591100
2025-01-31 00:00:00-05:00,346.30093671188604,347.79361316323036,338.43951347518856,340.0317077636719,5778000
2025-02-03 00:00:00-05:00,334.3296858583306,339.7928721659026,329.6426901210616,337.5837097167969,4549400
2025-02-04 00:00:00-05:00,343.9325324114185,345.2361340089683,337.01648346622903,342.45977783203125,4965600
2025-02-05 00:00:00-05:00,344.0320607956385,346.34074093561804,337.21549910428655,346.23126220703125,4521000
2025-02-06 00:00:00-05:00,335.83230256933524,335.83230256933524,327.49321212332,329.1948547363281,13240600
2025-02-07 00:00:00-05:00,330.37905544143996,332.1901768290059,322.1394826228846,324.2391662597656,7626100
2025-02-10 00:00:00-05:00,326.31899447056423,330.1302817233104,325.05517561405884,325.6025085449219,5981900
2025-02-11 00:00:00-05:00,322.43801254044655,324.84621063444416,319.691508455615,322.816162109375,5455900
2025-02-12 00:00:00-05:00,317.9898106864774,325.40344880828724,315.42242069108204,324.5277404785156,5643400
2025-02-13 00:00:00-05:00,324.6073896388106,328.7371218133753,321.6419281085608,328.23956298828125,4312100
2025-02-14 00:00:00-05:00,326.4284247328424,326.8961312190405,321.04483487888683,324.9457092285156,5879700
2025-02-18 00:00:00-05:00,326.98569317768784,327.5529175061922,321.42298935901675,327.3538818359375,5262100
2025-02-19 00:00:00-05:00,328.1300495107757,328.1300495107757,321.2935968368394,322.94549560546875,5012000
2025-02-20 00:00:00-05:00,320.66670098292064,322.8659328490711,316.6563780786082,316.87530517578125,6393100
2025-02-21 00:00:00-05:00,317.41265613381637,317.41265613381637,305.3617664321641,308.28741455078125,7353200
2025-02-24 00:00:00-05:00,309.989094332165,311.20313902297426,302.0380840309016,306.8146667480469,6652900
2025-02-25 00:00:00-05:00,304.75478535730946,306.91420405573126,299.15226803609437,304.3865966796875,7360100
2025-02-26 00:00:00-05:00,311.133492446126,312.16842331980774,304.95382025637224,305.8294982910156,12638500
2025-02-27 00:00:00-05:00,294.8931463359584,303.43127236183363,291.24108174545614,293.4601745605469,16691400
2025-02-28 00:00:00-05:00,294.51502595855493,300.5056539478324,290.72362995143084,296.39581298828125,10863100
2025-03-03 00:00:00-05:00,299.5304176095154,301.5903184675818,289.6389455752495,291.6291809082031,6298200
2025-03-04 00:00:00-05:00,288.5841198773477,290.22605793396815,280.86199715854593,285.9371032714844,9096300
2025-03-05 00:00:00-05:00,285.8176859029506,291.25101964053096,284.22549162680747,290.54449462890625,6612600
2025-03-06 00:00:00-05:00,286.8227608263759,296.62464502976997,283.4393366437888,284.65338134765625,10396800
2025-03-07 00:00:00-05:00,281.7974123543784,286.90237082154323,273.8265405290649,281.50885009765625,8248100
2025-03-10 00:00:00-04:00,275.61773249722967,276.99099969208663,269.3982472803631,271.5675964355469,10040200
2025-03-11 00:00:00-04:00,272.3835983214497,279.08075088985436,270.6719947867316,275.69732666015625,8313400
2025-03-12 00:00:00-04:00,280.47390015997763,284.5339665844694,277.7273658804639,283.1905517578125,7463900
2025-03-13 00:00:00-04:00,280.6729299093718,281.1804496448643,268.4329945748023,270.41326904296875,9494500
2025-03-14 00:00:00-04:00,273.65734668111503,278.5234864408357,271.34866650429154,278.0358581542969,6976900
2025-03-17 00:00:00-04:00,276.0157700385882,281.34961628578174,274.73205980261787,279.3792724609375,4484300
2025-03-18 00:00:00-04:00,278.65285112727133,279.1305185623137,274.5927842194504,277.3691711425781,5881700
2025-03-19 00:00:00-04:00,276.1451529712775,280.8421095807034,275.9361867641236,278.02593994140625,5245400
2025-03-20 00:00:00-04:00,275.70728068139704,281.49887241981395,275.70728068139704,277.66766357421875,5504700
2025-03-21 00:00:00-04:00,274.861435992258,280.47391408228043,272.7119782366269,279.2499084472656,9804100
2025-03-24 00:00:00-04:00,282.3546803129461,285.3599551371983,281.8372300529376,284.5638427734375,6763800
2025-03-25 00:00:00-04:00,284.2155441958304,289.0319404606746,284.2155441958304,287.2008972167969,4301700
2025-03-26 00:00:00-04:00,286.93222394029937,287.62881845337364,278.2149834751783,279.61810302734375,5070300
2025-03-27 00:00:00-04:00,279.1703260327786,279.52855382525627,274.66244409927566,276.4536437988281,3757200
2025-03-28 00:00:00-04:00,275.35899982981323,275.85655866095954,267.8757259420612,268.65191650390625,4973400
2025-03-31 00:00:00-04:00,263.2583781230131,267.13936148820505,257.9245617725103,267.0497741699219,7585800
2025-04-01 00:00:00-04:00,267.5473139785655,269.4977664173598,264.5221782198688,268.88079833984375,4598200
2025-04-02 00:00:00-04:00,264.66146035271936,272.29402547502656,264.4524941662697,270.2142333984375,5396900
2025-04-03 00:00:00-04:00,258.8699023572897,261.28803079308045,253.20766570195835,253.98385620117188,8872600
2025-04-04 00:00:00-04:00,246.49063730943206,249.06798836240424,238.3605279824585,239.5845184326172,9705000
2025-04-07 00:00:00-04:00,228.87705662646997,251.7150033703836,228.87705662646997,243.01768493652344,11965200
2025-04-08 00:00:00-04:00,252.71013063373326,256.13335305092386,239.09692812257205,242.79876708984375,9340300
2025-04-09 00:00:00-04:00,239.7238408971579,266.8607192242734,239.7238408971579,263.8753662109375,12491100
2025-04-10 00:00:00-04:00,259.1371092417353,260.37298418336576,247.30650839026805,254.27330017089844,9692300
2025-04-11 00:00:00-04:00,253.42614399168968,255.55904124402167,246.8580030401621,254.15371704101562,6089000
2025-04-14 00:00:00-04:00,259.13710964430385,259.13710964430385,252.29987606613207,253.7052001953125,6038100
2025-04-15 00:00:00-04:00,253.5257995432802,255.86800651643716,252.9576991505636,254.0839385986328,5227700
2025-04-16 00:00:00-04:00,251.09389385166799,255.75835468730776,245.87129396302672,249.01083374023438,7190900
2025-04-17 00:00:00-04:00,248.94107167619953,250.72512436195365,245.9809272468671,246.43939208984375,5566900
2025-04-21 00:00:00-04:00,239.6320653546858,241.67526495640345,231.99749854689216,235.4759063720703,9240000
2025-04-22 00:00:00-04:00,237.43936605696322,243.40949212203367,234.8181047537531,242.58224487304688,7145300
2025-04-23 00:00:00-04:00,251.77164806108954,256.93446478055887,248.671968803549,249.64871215820312,5818900
2025-04-24 00:00:00-04:00,257.3431052214932,264.1006027302972,256.14707558144227,263.821533203125,7857600
2025-04-25 00:00:00-04:00,263.8414426170355,268.1371360602642,263.32317935442006,266.9610595703125,5651700
2025-04-28 00:00:00-04:00,267.26007211544515,268.60559789129564,262.45606117235724,264.7584228515625,4977700
2025-04-29 00:00:00-04:00,264.51918495476684,267.68862387754194,264.289967744713,266.8713684082031,3139800
2025-04-30 00:00:00-04:00,263.9211794988917,267.9776794350502,262.1271654380779,267.8182067871094,4624100
2025-05-01 00:00:00-04:00,272.492657358248,273.6886870673053,268.1072657855362,268.4361572265625,5208900
2025-05-02 00:00:00-04:00,273.5491157405084,275.4029586032486,271.346458788121,274.16705322265625,4323400
2025-05-05 00:00:00-04:00,272.4627541337437,275.2534799417808,271.4062744199928,271.7252197265625,4219600
2025-05-06 00:00:00-04:00,268.92452923358434,273.8879821532998,267.64877851162856,272.4527587890625,4681600
2025-05-07 00:00:00-04:00,272.8016218194193,277.8647797027412,272.8016218194193,277.306640625,4267600
2025-05-08 00:00:00-04:00,278.2833751219381,282.1106276346262,277.4561430324549,278.8116149902344,4789900
2025-05-09 00:00:00-04:00,280.6853561503851,281.54251780335744,272.9710533551165,274.5059509277344,4324200
2025-05-12 00:00:00-04:00,284.0541511069147,288.0109768144243,282.29003627622296,287.8614807128906,5937400
2025-05-13 00:00:00-04:00,290.0342404319002,291.7684560538448,287.9711029680917,288.2103271484375,6711600
2025-05-14 00:00:00-04:00,292.5259353238092,295.06746024443095,288.3000167238966,289.77508544921875,7926200
2025-05-15 00:00:00-04:00,288.60899084922016,291.00101971612247,286.99437212446855,289.7950439453125,4635600
2025-05-16 00:00:00-04:00,290.12394789485836,291.2003807020362,288.75849941845746,290.1837463378906,3846000
2025-05-19 00:00:00-04:00,287.1438564141855,288.9378703864927,285.9578033668804,286.6754150390625,5781200
2025-05-20 00:00:00-04:00,287.13390312766717,287.4827476550664,284.26345620642525,287.10400390625,4032300
2025-05-21 00:00:00-04:00,283.46610600557574,286.6754207118556,280.17703976953305,281.3431701660156,5689800
2025-05-22 00:00:00-04:00,281.56244054257155,285.3996692668535,280.09731795389285,282.4794006347656,6642700
2025-05-23 00:00:00-04:00,278.0740550422551,279.80827059855113,270.74844213261383,272.2235412597656,8887800
2025-05-27 00:00:00-04:00,272.2634328558058,277.65545169969494,269.3929859637883,276.27008056640625,10958000
2025-05-28 00:00:00-04:00,276.7883393064376,277.88469475632166,272.67204090877595,275.1139221191406,12758600
2025-05-29 00:00:00-04:00,262.7152140038654,266.9012875313851,253.65538485108505,266.0341796875,28053100
2025-05-30 00:00:00-04:00,267.19028589771074,268.84478035938776,259.8348041037231,264.4892883300781,12388500
2025-06-02 00:00:00-04:00,262.23678480699635,262.91455116231907,258.27998950873194,260.7517395019531,9213500
2025-06-03 00:00:00-04:00,261.13048131044997,263.87135468298334,260.4925907257468,263.59228515625,7838500
2025-06-04 00:00:00-04:00,263.31323483455844,264.6188849030359,260.7517565960371,262.296630859375,7372500
2025-06-05 00:00:00-04:00,262.8347784955663,267.85806002620166,262.76503393119947,266.25341796875,8642900
2025-06-06 00:00:00-04:00,269.07402729894693,273.9876583610231,267.3198586373146,273.5989685058594,7507000
2025-06-09 00:00:00-04:00,271.94448088835054,273.2900066380453,268.76506531732184,271.3464660644531,5728300
2025-06-10 00:00:00-04:00,271.1670627063478,272.8414798306025,265.95440905505984,267.329833984375,6309700
2025-06-11 00:00:00-04:00,267.60892776006995,268.61558560143345,264.52918620787085,265.02752685546875,6568100
2025-06-12 00:00:00-04:00,263.82154335748237,268.12718331153366,262.5258394615067,266.0242004394531,8054000
2025-06-13 00:00:00-04:00,262.6055770302866,264.8182105404656,257.1437530315329,257.54241943359375,7659300
2025-06-16 00:00:00-04:00,259.52583426184844,263.1039161473845,259.09723822617013,263.0042419433594,7177000
2025-06-17 00:00:00-04:00,262.9743488624542,269.60227296483674,261.23015670833786,261.8879699707031,9110100
2025-06-18 00:00:00-04:00,264.33969467609177,264.6192067427119,257.0224495786054,259.0489196777344,7628000
2025-06-20 00:00:00-04:00,260.2368341803139,262.4130372842634,258.80932732020716,260.17694091796875,12859200
2025-06-23 00:00:00-04:00,260.1869439795492,264.2797925758583,258.3002147445281,262.9521179199219,9283800
2025-06-24 00:00:00-04:00,265.2481080930584,272.9047887455767,264.9785884009678,270.6986389160156,9713900
2025-06-25 00:00:00-04:00,271.52717541452205,273.5236987631583,266.5159127766755,267.2945556640625,6074300
2025-06-26 00:00:00-04:00,268.31276384948774,270.53889828610454,264.6990615672291,270.26934814453125,6708000
2025-06-27 00:00:00-04:00,271.38741635670766,273.69342895541,268.961647690557,272.9447326660156,21741400
2025-06-30 00:00:00-04:00,273.98288506096105,275.89956084127255,269.92994518237754,272.2159729003906,8541900
2025-07-01 00:00:00-04:00,271.60703484404195,273.52371074710095,270.1695659974102,271.4373474121094,6256800
2025-07-02 00:00:00-04:00,271.04801709792315,271.2376892659797,265.1882255493604,268.7420349121094,6115200
2025-07-03 00:00:00-04:00,269.23118756057556,274.2524425975935,268.8518432474582,271.6769104003906,5031800
2025-07-07 00:00:00-04:00,271.038043088596,273.52370496536173,267.7437612099306,269.33099365234375,6283500
2025-07-08 00:00:00-04:00,270.3193024805398,276.3188347638184,269.2611474835743,273.17431640625,6661200
2025-07-09 00:00:00-04:00,273.88305829378095,275.08098448855907,268.90174228847684,270.4490661621094,6373600
2025-07-10 00:00:00-04:00,270.42908510016537,271.0180558401543,262.75245028472796,263.5111389160156,7244600
2025-07-11 00:00:00-04:00,262.1235383841973,262.492920795796,256.81280940259336,257.62139892578125,7011200
2025-07-14 00:00:00-04:00,258.1504674879566,261.7741621336037,257.05237358555934,259.22857666015625,6533900
2025-07-15 00:00:00-04:00,260.5463010496801,261.35489058129264,256.782865446193,257.1322326660156,5201500
2025-07-16 00:00:00-04:00,258.4798943993192,258.5298257629847,254.0775718834422,257.5016174316406,5649500
2025-07-17 00:00:00-04:00,257.5415239545556,259.7477042264874,256.20385694414034,259.4282531738281,5837400
2025-07-18 00:00:00-04:00,259.8475182026605,262.5228828134107,258.6695766633665,261.9239196777344,6381200
2025-07-21 00:00:00-04:00,263.1617331266578,263.8505361071046,261.18519454322615,261.8240661621094,6714700
2025-07-22 00:00:00-04:00,262.5428346557154,265.42782567471664,261.54457292698646,263.1318054199219,5001400
2025-07-23 00:00:00-04:00,263.4612417340518,268.01331265693506,262.0436967131534,266.7554931640625,5620700
2025-07-24 00:00:00-04:00,267.5141922446008,268.8318745893041,265.1782634270665,267.23468017578125,5877100
2025-07-25 00:00:00-04:00,267.54411793925857,270.62874282091667,266.5458562766691,268.6421813964844,4015400
2025-07-28 00:00:00-04:00,269.0315161607091,269.8700522955965,266.1265710874234,269.78021240234375,4533700
2025-07-29 00:00:00-04:00,271.1278744985686,273.52369640335655,266.84532342262327,266.9252014160156,5137100
2025-07-30 00:00:00-04:00,266.4060870133077,267.3045164234517,262.87223217124426,264.34967041015625,3928200
2025-07-31 00:00:00-04:00,264.5393390657507,264.57927806209267,257.41173621285475,257.88092041015625,7340300
2025-08-01 00:00:00-04:00,254.54675030760632,255.54501198384455,249.69519795179784,250.30413818359375,7646900
2025-08-04 00:00:00-04:00,250.56368070863866,253.05933489896373,250.20430589594127,251.8813934326172,4403500
2025-08-05 00:00:00-04:00,252.57017733639083,252.84968938285692,246.58060737109287,247.05978393554688,6761000
2025-08-06 00:00:00-04:00,248.93651147313142,249.82496376334453,246.59060565312643,248.7368621826172,5834700
2025-08-07 00:00:00-04:00,250.25421762687853,252.57017675400954,236.5580664525636,240.46127319335938,10010200
2025-08-08 00:00:00-04:00,240.87056186233718,242.52767996052398,237.41658486779494,240.0919189453125,8812000
2025-08-11 00:00:00-04:00,238.5046865237461,241.44955552918194,231.16747207619568,232.27552795410156,10740100
2025-08-12 00:00:00-04:00,232.59497598153612,233.2638094923237,226.08630543581694,231.25730895996094,13178000
2025-08-13 00:00:00-04:00,232.6049494642353,236.93741674855283,229.21086583213918,236.6179656982422,10209200
2025-08-14 00:00:00-04:00,236.58801974822248,236.58801974822248,232.46519410782122,232.96432495117188,7544800
2025-08-15 00:00:00-04:00,235.7394952982848,244.07498661929336,234.22214847548955,242.01856994628906,12942800
2025-08-18 00:00:00-04:00,239.35320251145842,244.09494539701757,239.0736904652066,243.5458984375,8809200
2025-08-19 00:00:00-04:00,244.5741107599522,248.0680266279515,243.0268021148139,245.57237243652344,8642200
2025-08-20 00:00:00-04:00,245.27289491679437,247.13965464059214,244.02506780057922,246.02159118652344,8195100
2025-08-21 00:00:00-04:00,244.61404415774354,245.86187130259714,239.60278131124227,245.40267944335938,5646800
2025-08-22 00:00:00-04:00,245.35275187227782,249.09623313231006,243.68565671234853,247.85838317871094,6694300
2025-08-25 00:00:00-04:00,248.93650994973055,248.93650994973055,246.36099299074417,247.43911743164062,4957700
2025-08-26 00:00:00-04:00,246.27116082901892,248.39746314580316,242.42786238458956,243.31631469726562,8862300
2025-08-27 00:00:00-04:00,245.3228058049517,249.93476985359308,245.18304978021303,249.7251434326172,6506900
2025-08-28 00:00:00-04:00,252.04110021879478,255.2055878602424,249.85490474131413,254.08753967285156,8461200
2025-08-29 00:00:00-04:00,254.956036875844,257.1921638417244,252.4304359459877,255.8045654296875,7363200
2025-09-02 00:00:00-04:00,254.37705558124145,254.54675824362107,248.31759970607249,252.4204559326172,9312500
2025-09-03 00:00:00-04:00,254.61661311419977,257.5515047920152,250.11445857218692,256.00421142578125,17417900
2025-09-04 00:00:00-04:00,239.6427000400819,244.79373404149973,234.21215398267375,243.58583068847656,30967500
2025-09-05 00:00:00-04:00,244.40441215105494,250.69346386407673,243.93522793671386,250.3240966796875,13029400
2025-09-08 00:00:00-04:00,250.3640360241148,252.50031544102913,246.8701200934058,251.83148193359375,12602200
2025-09-09 00:00:00-04:00,250.88313752200096,254.89613858503566,250.77332812581258,251.62184143066406,10901900
2025-09-10 00:00:00-04:00,252.3106426606466,253.54849264237936,241.30979454943912,242.14834594726562,11363600
2025-09-11 00:00:00-04:00,243.27636599741192,246.74033521181664,243.07671670981154,245.8518829345703,6944900
2025-09-12 00:00:00-04:00,245.6722029896189,247.15960312872315,240.83062779899254,242.33799743652344,8386400
2025-09-15 00:00:00-04:00,242.8271612323328,244.2846300327789,240.4213468527663,242.0984344482422,7244600
2025-09-16 00:00:00-04:00,242.0984238469874,242.25813413725334,236.82760346160717,238.8939971923828,8779800
2025-09-17 00:00:00-04:00,239.97000122070312,243.0,239.3800048828125,242.2100067138672,10124000
2025-09-18 00:00:00-04:00,244.16000366210938,247.2899932861328,242.9499969482422,244.27999877929688,9344400
2025-09-19 00:00:00-04:00,246.02000427246094,247.1999969482422,243.35000610351562,247.08999633789062,11813900
2025-09-22 00:00:00-04:00,245.27999877929688,250.47999572753906,243.16000366210938,249.69000244140625,7523800
2025-09-23 00:00:00-04:00,249.74000549316406,251.36000061035156,244.1300048828125,244.55999755859375,7669800
2025-09-24 00:00:00-04:00,245.6699981689453,248.83999633789062,243.00999450683594,245.88999938964844,6707100
2025-09-25 00:00:00-04:00,244.5,244.66000366210938,239.49000549316406,240.9499969482422,8145500
2025-09-26 00:00:00-04:00,240.69000244140625,244.52999877929688,240.35000610351562,243.42999267578125,4974600
2025-09-29 00:00:00-04:00,244.72000122070312,245.82000732421875,242.8699951171875,245.10000610351562,6373500
2025-09-30 00:00:00-04:00,245.0500030517578,245.2100067138672,235.80999755859375,237.0,10801100
2025-10-01 00:00:00-04:00,236.49000549316406,242.47000122070312,233.50999450683594,235.69000244140625,10016600
2025-10-02 00:00:00-04:00,235.42999267578125,239.39999389648438,233.60000610351562,238.8800048828125,7679200
2025-10-03 00:00:00-04:00,238.75,242.80999755859375,238.5,240.36000061035156,8849800
2025-10-06 00:00:00-04:00,239.3300018310547,250.47000122070312,235.41000366210938,245.77999877929688,13922600
2025-10-07 00:00:00-04:00,246.47999572753906,247.36000061035156,237.5500030517578,239.74000549316406,8387400
2025-10-08 00:00:00-04:00,239.74000549316406,241.32000732421875,235.64999389648438,240.42999267578125,7120200
2025-10-09 00:00:00-04:00,239.27000427246094,245.9600067138672,237.14999389648438,245.3300018310547,7929100
2025-10-10 00:00:00-04:00,246.52000427246094,249.0500030517578,240.72000122070312,241.67999267578125,7988300
2025-10-13 00:00:00-04:00,242.88999938964844,249.35000610351562,242.3699951171875,248.75,8276500
2025-10-14 00:00:00-04:00,248.11000061035156,248.27999877929688,239.5500030517578,239.77000427246094,9123900
2025-10-15 00:00:00-04:00,240.8699951171875,241.32000732421875,235.89999389648438,236.5800018310547,8389200
2025-10-16 00:00:00-04:00,253.19000244140625,256.739990234375,242.6699981689453,246.0,24869700
2025-10-17 00:00:00-04:00,246.57000732421875,250.77999877929688,242.16000366210938,243.0800018310547,10851200
2025-10-20 00:00:00-04:00,245.0,255.39999389648438,244.3000030517578,254.27999877929688,9963900
2025-10-21 00:00:00-04:00,254.5,267.1300048828125,254.0,263.4100036621094,13354700
2025-10-22 00:00:00-04:00,262.20001220703125,262.3999938964844,256.510009765625,256.6400146484375,9370000
2025-10-23 00:00:00-04:00,257.6000061035156,258.55999755859375,254.1199951171875,255.0500030517578,6110100
2025-10-24 00:00:00-04:00,257.4200134277344,258.5,254.0,254.8300018310547,5490800
2025-10-27 00:00:00-04:00,257.0799865722656,258.1000061035156,254.9199981689453,255.47000122070312,4942400
2025-10-28 00:00:00-04:00,255.47000122070312,258.8399963378906,254.13999938964844,254.25999450683594,6435600
2025-10-29 00:00:00-04:00,252.0,253.57000732421875,249.0399932861328,251.4600067138672,7904200
2025-10-30 00:00:00-04:00,250.5,259.2799987792969,250.0,256.6499938964844,7767800
2025-10-31 00:00:00-04:00,254.8000030517578,261.82000732421875,252.6300048828125,260.4100036621094,6878300
2025-11-03 00:00:00-05:00,260.0,261.55999755859375,255.10000610351562,261.3399963378906,7054300
2025-11-04 00:00:00-05:00,258.1499938964844,259.260009765625,253.4600067138672,254.44000244140625,6792200
2025-11-05 00:00:00-05:00,254.6999969482422,256.8299865722656,252.00999450683594,252.67999267578125,5241200
2025-11-06 00:00:00-05:00,250.5399932861328,250.5399932861328,234.47999572753906,239.27000427246094,11041800
2025-11-07 00:00:00-05:00,236.14999389648438,240.97000122070312,235.7899932861328,239.8800048828125,5741500
2025-11-10 00:00:00-05:00,240.0,241.91000366210938,235.0800018310547,241.7100067138672,6486600
2025-11-11 00:00:00-05:00,241.89999389648438,245.6999969482422,241.16000366210938,244.5,5762800
2025-11-12 00:00:00-05:00,245.74000549316406,248.42999267578125,243.67999267578125,246.02000427246094,4278200
2025-11-13 00:00:00-05:00,245.25,245.89999389648438,239.91000366210938,240.42999267578125,5542100
2025-11-14 00:00:00-05:00,238.30999755859375,245.17999267578125,237.4199981689453,243.66000366210938,5512900
2025-11-17 00:00:00-05:00,242.07000732421875,242.8300018310547,235.58999633789062,237.02999877929688,5280900
2025-11-18 00:00:00-05:00,236.24000549316406,237.7899932861328,230.27000427246094,233.5,8045100
2025-11-19 00:00:00-05:00,232.0,232.27999877929688,225.05999755859375,227.8800048828125,9710700
2025-11-20 00:00:00-05:00,229.25,231.07000732421875,223.3000030517578,225.3699951171875,7521100
2025-11-21 00:00:00-05:00,224.86000061035156,228.67999267578125,221.9600067138672,227.11000061035156,7479300
2025-11-24 00:00:00-05:00,227.33999633789062,228.83999633789062,225.0399932861328,226.82000732421875,8563300
2025-11-25 00:00:00-05:00,226.8000030517578,234.6300048828125,226.52000427246094,234.1199951171875,10233000
2025-11-26 00:00:00-05:00,230.50999450683594,232.82000732421875,226.0,228.14999389648438,8506600
2025-11-28 00:00:00-05:00,229.0,232.55999755859375,228.6300048828125,230.5399932861328,3691500
