date,open,high,low,close,volume
2015-11-30 00:00:00-05:00,127.63563917623891,128.1406233563036,125.99443054199219,125.99443054199219,16633832
2015-12-01 00:00:00-05:00,126.20484882053846,127.29898795211689,125.69985122233628,126.96231842041016,11318854
2015-12-02 00:00:00-05:00,126.62565065701048,127.21480553498935,125.74192503939943,126.12066650390625,9206923
2015-12-03 00:00:00-05:00,126.62568490838103,127.29901069336452,126.12070061868205,126.37319946289062,13139431
2015-12-04 00:00:00-05:00,126.54150851365169,128.43520266468187,126.07859626872873,128.3089599609375,12144801
2015-12-07 00:00:00-05:00,128.0144372604124,128.0985946282743,126.75196955271399,127.80402374267578,13913859
2015-12-08 00:00:00-05:00,126.54148651618065,127.84603889048145,125.86816094958789,127.04647064208984,11114491
2015-12-09 00:00:00-05:00,126.33105501366411,128.72974601644705,126.07855628752993,128.22476196289062,10550039
2015-12-10 00:00:00-05:00,128.09855873798148,130.16059455559935,127.80398793491497,128.98228454589844,9824333
2015-12-11 00:00:00-05:00,127.59357090573772,128.81395285407197,126.87817320512276,127.34107208251953,13126452
2015-12-14 00:00:00-05:00,127.34107208251953,128.1827258941021,125.27904972131977,127.34107208251953,13575410
2015-12-15 00:00:00-05:00,127.93021539956915,128.81394110213324,127.17273239773826,127.59355926513672,12383177
2015-12-16 00:00:00-05:00,128.18270875883482,131.4230406636008,128.01438069876357,130.37098693847656,15405835
2015-12-17 00:00:00-05:00,131.17654047332195,131.64290165005835,129.43825572599366,129.52305603027344,12107430
2015-12-18 00:00:00-05:00,128.84474882601833,129.6502980631366,128.37838745117188,128.37838745117188,17349168
2015-12-21 00:00:00-05:00,128.97193106559433,129.73508002444922,127.82720762731198,128.8871307373047,8496553
2015-12-22 00:00:00-05:00,129.26870727539062,129.86226908605693,127.86960982783408,129.26870727539062,8817309
2015-12-23 00:00:00-05:00,129.39589329871447,131.43095270646725,129.39589329871447,131.21897888183594,7464970
2015-12-24 00:00:00-05:00,131.0069621464888,131.13414911250104,130.11662638653308,130.71017456054688,2820882
2015-12-28 00:00:00-05:00,130.3286264058854,131.4309496637764,129.7774647769399,131.00698852539062,5541585
2015-12-29 00:00:00-05:00,131.47333396765373,133.46600642333544,131.43093380924856,132.61805725097656,6969397
2015-12-30 00:00:00-05:00,132.61804991304206,133.29639841424634,131.4733266930583,131.64291381835938,6077847
2015-12-31 00:00:00-05:00,130.83738444082684,133.5083919129053,130.54059683352745,132.06689453125,10914634
2016-01-04 00:00:00-05:00,129.52303715838252,130.41337272892503,128.2511272720458,130.20138549804688,13120985
2016-01-05 00:00:00-05:00,130.07425455262972,130.75260318430526,129.09911827039267,130.32862854003906,11513181
2016-01-06 00:00:00-05:00,128.33597702013094,130.24384953500717,127.40324084607353,128.25119018554688,13073243
2016-01-07 00:00:00-05:00,125.70732010266215,127.02163040786803,122.31556420113453,122.82432556152344,19252709
2016-01-08 00:00:00-05:00,123.79944102012207,124.22340200041059,120.1532847968982,120.61965942382812,15544512
2016-01-11 00:00:00-05:00,121.00126552470508,126.85205547880257,119.77174191193366,121.17085266113281,12192835
2016-01-12 00:00:00-05:00,121.93400686409281,122.44276829565499,120.15332160521986,121.42523193359375,9949593
2016-01-13 00:00:00-05:00,122.56993989641667,123.20590173025953,119.55974484764378,119.72933197021484,11626172
2016-01-14 00:00:00-05:00,120.02611991873299,124.01143755950298,119.94131960772566,123.20590209960938,13612468
2016-01-15 00:00:00-05:00,119.30540118798103,121.93402250326952,119.13581402237584,120.78929901123047,14486324
2016-01-19 00:00:00-05:00,121.76443533766431,122.48518416622106,119.55977518691954,120.78929901123047,10847674
2016-01-20 00:00:00-05:00,118.41501794552765,120.53486341923107,116.507146220048,118.7117919921875,18375368
2016-01-21 00:00:00-05:00,119.26295269589575,122.90909552737996,119.26295269589575,121.21321105957031,11692923
2016-01-22 00:00:00-05:00,121.04364229434195,121.0860424497185,117.48229922141448,119.72933197021484,18335013
2016-01-25 00:00:00-05:00,120.06853217150392,120.78928089194301,118.71182155124038,118.88140869140625,9358244
2016-01-26 00:00:00-05:00,119.00859434765925,121.00126684557597,118.92380752798798,120.02613067626953,8854138
2016-01-27 00:00:00-05:00,119.55972748188223,121.17082516070202,117.94864330199565,118.7117919921875,9622744
2016-01-28 00:00:00-05:00,119.64460354520855,120.19576533726638,118.41509293183087,119.60220336914062,8361069
2016-01-29 00:00:00-05:00,120.6620449500142,123.4178655403806,120.15328367904165,123.3754653930664,10761998
2016-02-01 00:00:00-05:00,122.9939298879149,123.0787167103735,121.08605764588563,121.42523193359375,9065575
2016-02-02 00:00:00-05:00,119.85653243634451,119.94131924816246,118.37263498964634,119.72933197021484,8361466
2016-02-03 00:00:00-05:00,120.365283060067,121.63719311528489,118.16063716449813,121.55240631103516,9235718
2016-02-04 00:00:00-05:00,121.46758447807471,124.90175316750717,120.78923616857615,123.71463012695312,11267398
2016-02-05 00:00:00-05:00,123.58749499655401,123.79948230686175,119.98373771919705,121.00127410888672,10847236
2016-02-08 00:00:00-05:00,119.64453578428771,119.8565230456262,117.6942637791209,119.43254852294922,10035895
2016-02-09 00:00:00-05:00,117.65189463397218,121.00126416389043,117.65189463397218,119.89894104003906,7727091
2016-02-10 00:00:00-05:00,120.28046236745939,121.67957264028172,119.77170113140203,119.98368835449219,6779974
2016-02-11 00:00:00-05:00,117.65190587344581,118.83901592849588,114.89608430161326,116.3799819946289,16807731
2016-02-12 00:00:00-05:00,116.88872305618362,119.81411743164062,115.99838739829674,119.81411743164062,12028451
2016-02-16 00:00:00-05:00,121.17084604246608,123.07870459779996,120.49248403487276,122.35795593261719,9852773
2016-02-17 00:00:00-05:00,123.54507737800638,125.53773621504034,123.46027706629053,124.39301300048828,7982327
2016-02-18 00:00:00-05:00,124.22342347722166,124.43541075348246,122.90911316355272,123.29068756103516,6479855
2016-02-19 00:00:00-05:00,122.69711295355579,123.5026618186454,121.59479003234561,123.03630065917969,7525419
2016-02-22 00:00:00-05:00,123.03628933000775,125.02894773502945,123.03628933000775,124.68977355957031,8036224
2016-02-23 00:00:00-05:00,123.84183904517374,124.4778008224259,123.29067757112878,123.88423919677734,6500074
2016-02-24 00:00:00-05:00,122.52754157897326,123.16350342235565,120.40769576556937,122.78192901611328,9374875
2016-02-25 00:00:00-05:00,123.081073112735,125.13242365093056,122.99559393710173,124.91873931884766,7487067
2016-02-26 00:00:00-05:00,125.21786457424554,126.32901199678096,125.17512499484089,125.64523315429688,6123210
2016-02-29 00:00:00-05:00,125.81621883236122,126.28632714489078,124.44864709509581,124.53412628173828,7129232
2016-03-01 00:00:00-05:00,125.68800603916736,128.08124622903256,125.26063734586961,127.69661712646484,6746609
2016-03-02 00:00:00-05:00,127.26928287798857,128.97874450683594,127.18381728039887,128.97874450683594,7765401
2016-03-03 00:00:00-05:00,129.06420787481127,129.918931780855,128.46589433707908,129.14967346191406,5866096
2016-03-04 00:00:00-05:00,129.14959603064975,130.7308513175476,129.14959603064975,130.17527770996094,6893131
2016-03-07 00:00:00-05:00,129.3205880015203,130.13258572762865,128.76501419076195,129.4488067626953,5476796
2016-03-08 00:00:00-05:00,128.55133165717703,129.14964506334678,128.08123701397236,128.4658660888672,6499386
2016-03-09 00:00:00-05:00,128.89326509917254,129.06420988304117,128.08126717054398,128.42315673828125,5179181
2016-03-10 00:00:00-05:00,128.93595464553545,129.44880245918588,127.3119728543078,127.9530258178711,6916710
2016-03-11 00:00:00-05:00,128.80778384958896,130.68819004915974,128.80778384958896,129.6625213623047,6710489
2016-03-14 00:00:00-04:00,129.14961223183545,129.79066506269626,128.55129897776473,129.36329650878906,4624015
2016-03-15 00:00:00-04:00,128.33770426082012,129.7907418756474,128.33770426082012,129.40611267089844,6030126
2016-03-16 00:00:00-04:00,129.23512236455133,129.53427225979797,128.50860381295234,128.9359588623047,6853924
2016-03-17 00:00:00-04:00,129.1496507413455,132.9532020698599,128.9787059902101,132.31214904785156,12653958
2016-03-18 00:00:00-04:00,132.86773877369654,133.12416273455275,132.05575451048963,132.14122009277344,10928447
2016-03-21 00:00:00-04:00,131.84206820209548,133.33784513655036,131.58564424501668,132.86773681640625,5710727
2016-03-22 00:00:00-04:00,132.3976885889271,133.508836781396,132.35494897990748,132.7395782470703,5432726
2016-03-23 00:00:00-04:00,132.65403667465094,133.50876033057042,132.5258179210136,132.78224182128906,5682933
2016-03-24 00:00:00-04:00,132.09850941833315,132.9532470703125,131.71389380334895,132.9532470703125,5759700
2016-03-28 00:00:00-04:00,133.0814776795326,135.47471906931634,132.91053283790578,134.57725524902344,8239398
2016-03-29 00:00:00-04:00,134.4489294216915,134.96176348657065,133.6796715208749,134.53440856933594,8043882
2016-03-30 00:00:00-04:00,135.73112505802993,136.54312315286816,135.6029198456367,136.03028869628906,7322787
2016-03-31 00:00:00-04:00,136.2866827642041,136.97046195757702,135.73110876783747,135.85931396484375,7685922
2016-04-01 00:00:00-04:00,134.6199445184571,136.84224023556013,134.40626014458135,136.45761108398438,8221203
2016-04-04 00:00:00-04:00,135.43190346539225,135.5173690261595,132.86770532339085,133.4660186767578,9374979
2016-04-05 00:00:00-04:00,132.26942362203874,133.03868180888622,131.5429050249052,132.3976287841797,6527388
2016-04-06 00:00:00-04:00,132.0130312740843,134.61995637231388,130.94462291763065,132.05577087402344,7646047
2016-04-07 00:00:00-04:00,131.28649987598936,131.5429238439572,130.38903639860624,130.90187072753906,7003430
2016-04-08 00:00:00-04:00,132.05572528847088,132.8249833938114,131.15826203457337,131.5856170654297,5594001
2016-04-11 00:00:00-04:00,131.75657816139807,132.48309677177605,131.24374389648438,131.24374389648438,5242948
2016-04-12 00:00:00-04:00,131.1155382073632,132.18394632340852,130.6881695181446,131.67111206054688,5749746
2016-04-13 00:00:00-04:00,132.3976287841797,132.9104630397444,132.22668403232478,132.3976287841797,4943768
2016-04-14 00:00:00-04:00,132.4403830804587,132.8250122165928,131.88480917348753,132.56858825683594,4485692
2016-04-15 00:00:00-04:00,132.78231873156588,132.91052395246314,132.1840050223669,132.6113739013672,5099722
2016-04-18 00:00:00-04:00,132.0557989307839,133.29515234330478,132.0557989307839,132.7395782470703,4397428
2016-04-19 00:00:00-04:00,133.08143642648048,133.3806000118477,132.52586246166004,133.12417602539062,4772603
2016-04-20 00:00:00-04:00,133.33786041293754,133.97889996857447,132.6968072502968,133.12417602539062,5540166
2016-04-21 00:00:00-04:00,132.9959422191723,133.67972122659188,131.84205493890104,132.3976287841797,8273744
2016-04-22 00:00:00-04:00,132.61136145568605,133.2524011070173,129.53432758687742,131.4574737548828,11788886
2016-04-25 00:00:00-04:00,131.6711440565472,131.88482845308164,129.91894289056822,131.11557006835938,7402601
2016-04-26 00:00:00-04:00,131.79934688139275,132.39766045952828,131.37197809600963,132.05577087402344,5985451
2016-04-27 00:00:00-04:00,132.2266842919463,132.52583420652954,131.71385003537466,132.18394470214844,4787522
2016-04-28 00:00:00-04:00,131.37197809600963,133.42332921604282,131.20103330325722,132.05577087402344,6015060
2016-04-29 00:00:00-04:00,131.4146728515625,132.3548756943649,130.77363349924238,131.4146728515625,6030877
2016-05-02 00:00:00-04:00,130.9445772456868,132.4403538658141,130.90183766065473,132.0129852294922,3587131
2016-05-03 00:00:00-04:00,130.9446103233675,131.24376028016093,129.70524368635967,130.90187072753906,5783174
2016-05-04 00:00:00-04:00,129.9189497754566,130.004428981402,127.7393933079103,128.50865173339844,8303624
2016-05-05 00:00:00-04:00,128.80773435036627,129.2351029424917,127.35469746553751,127.73932647705078,6614421
2016-05-06 00:00:00-04:00,126.84192935944182,129.23517022878863,125.68804172413039,128.7223358154297,5905429
2016-05-09 00:00:00-04:00,128.4231047602835,128.59404947496395,126.6281784526401,127.65384674072266,5666073
2016-05-10 00:00:00-04:00,128.16672654240594,130.6026927375134,128.1239869512985,130.26080322265625,5661086
2016-05-11 00:00:00-04:00,130.34630048687472,131.4147087707662,129.6625213623047,129.6625213623047,4926616
2016-05-12 00:00:00-04:00,127.52564725991456,129.06416336724163,127.52564725991456,128.59405517578125,9863374
2016-05-13 00:00:00-04:00,128.08124951755235,128.67956298213082,126.24358313899117,126.67095184326172,7358865
2016-05-16 00:00:00-04:00,126.28631089412896,128.76501648976785,126.15809213066468,128.0384979248047,5362261
2016-05-17 00:00:00-04:00,127.7393739706585,128.5940978656984,126.41454172809442,126.9701156616211,6994374
2016-05-18 00:00:00-04:00,126.92736900127714,127.56842209213303,125.77348160193789,126.54273986816406,5801954
2016-05-19 00:00:00-04:00,125.3461219167012,125.85895620650756,124.19223455938555,125.47432708740234,7103859
2016-05-20 00:00:00-04:00,126.20083536717311,126.84188838202763,125.77346669060343,126.32904052734375,7304112
2016-05-23 00:00:00-04:00,126.15815822656208,126.7992115587388,125.6880633352384,126.02995300292969,4927639
2016-05-24 00:00:00-04:00,127.01282372637075,128.08123173168218,126.88460496869364,127.56839752197266,5053858
2016-05-25 00:00:00-04:00,128.2094261489495,129.5769975340178,128.03848142669077,128.59405517578125,5771239
2016-05-26 00:00:00-04:00,128.50862149136094,129.1924005499894,128.20945794795958,128.29493713378906,4725654
2016-05-27 00:00:00-04:00,128.80780141415366,129.02148582147115,128.38043259951866,128.7223358154297,4068723
2016-05-31 00:00:00-04:00,128.72231858251837,129.6625216846411,128.50863420380824,129.19241333007812,6321689
2016-06-01 00:00:00-04:00,128.38041711152158,128.80778587459818,127.73937757391008,128.67958068847656,4408341
2016-06-02 00:00:00-04:00,128.25221195441262,128.42315673828125,127.5684328189381,128.42315673828125,3971111
2016-06-03 00:00:00-04:00,128.2949152889717,128.42312043888452,127.39745202558274,127.9530258178711,4966679
2016-06-06 00:00:00-04:00,128.20948779506568,129.19243062592412,127.9958033877482,128.7223358154297,3894073
2016-06-07 00:00:00-04:00,128.8077850341797,129.96167252275583,128.7650454367502,128.8077850341797,5352370
2016-06-08 00:00:00-04:00,129.1923513236127,130.34623825063218,128.89320150119877,129.53424072265625,6080685
2016-06-09 00:00:00-04:00,128.89321797912373,129.6197364467198,128.2949046508098,129.235107421875,5535221
2016-06-10 00:00:00-04:00,128.29493603323365,129.40608379747408,127.91030691430414,128.38040161132812,6140925
2016-06-13 00:00:00-04:00,128.12403209226633,128.76507175672577,127.31203400314453,127.48297882080078,6877502
2016-06-14 00:00:00-04:00,127.4402097950718,130.17535346017644,127.3120046131773,130.08987426757812,9118638
2016-06-15 00:00:00-04:00,130.26080296762368,132.0984693116339,130.21807698360115,130.7309112548828,9132138
2016-06-16 00:00:00-04:00,129.7835667486366,132.36717704939377,129.5252002345277,131.93658447265625,14109334
2016-06-17 00:00:00-04:00,131.97964797641646,132.28107789284056,131.11844902252855,131.7643585205078,11609103
2016-06-20 00:00:00-04:00,132.84087224135087,134.8647002422912,132.75474548339844,132.75474548339844,9993057
2016-06-21 00:00:00-04:00,132.97007272054825,133.5298556182388,132.92700933378248,133.2284393310547,7518992
2016-06-22 00:00:00-04:00,133.486771328492,133.91737770854382,132.49639584849325,132.53945922851562,7514297
2016-06-23 00:00:00-04:00,133.74513358983683,134.39104313910605,133.35759060229242,134.30491638183594,8394267
2016-06-24 00:00:00-04:00,129.65439518479891,131.54904646541036,128.1042234624653,128.4056396484375,17875914
2016-06-27 00:00:00-04:00,127.1999885023736,127.54446813460596,125.6067530656909,126.2526626586914,11276120
2016-06-28 00:00:00-04:00,128.36262619001195,129.18076194415045,127.75977993795541,128.9224090576172,7972665
2016-06-29 00:00:00-04:00,131.37687816913663,131.85053439196665,130.47260169903134,131.5491180419922,7484334
2016-06-30 00:00:00-04:00,132.02274479803472,135.63980874087324,131.9796814119096,135.55369567871094,11375110
2016-07-01 00:00:00-04:00,135.55367579414502,136.19957165092254,134.8647028474735,135.5967254638672,6823313
2016-07-05 00:00:00-04:00,134.56328521611204,135.76896386765674,134.00350241465912,135.4244842529297,6752410
2016-07-06 00:00:00-04:00,134.64939140614297,136.93158587506932,134.64939140614297,136.67323303222656,6699284
2016-07-07 00:00:00-04:00,136.97460631406486,138.2233478899152,136.67319018853985,137.01766967773438,7828563
2016-07-08 00:00:00-04:00,137.749744526669,138.95542319842542,137.749744526669,138.6540069580078,8040105
2016-07-11 00:00:00-04:00,138.9123245988732,139.9457630963672,138.56784509970853,138.697021484375,7924798
2016-07-12 00:00:00-04:00,139.12768723981983,139.90275958951818,138.35260118003447,138.91238403320312,7948148
2016-07-13 00:00:00-04:00,138.91231826731251,139.85964370187727,138.86925490435945,139.34291076660156,6774090
2016-07-14 00:00:00-04:00,139.9458171457258,140.8931429893419,139.90275376417816,140.50559997558594,7069013
2016-07-15 00:00:00-04:00,141.0653896193755,141.88353906795444,140.9792765622071,141.58212280273438,8828243
2016-07-18 00:00:00-04:00,141.62517694096687,141.8404801558059,140.6348013468298,141.7113037109375,7984476
2016-07-19 00:00:00-04:00,141.02232154509628,141.88352055484572,140.89313141106985,141.79739379882812,7002220
2016-07-20 00:00:00-04:00,141.92660585895007,142.0988456875091,140.80704011827254,141.15151977539062,7419565
2016-07-21 00:00:00-04:00,140.93620497006427,141.45292441324085,139.9027523736248,140.33335876464844,8848608
2016-07-22 00:00:00-04:00,136.63019593926415,138.09424136396873,136.45795610753936,138.05117797851562,12053115
2016-07-25 00:00:00-04:00,138.09418723514452,138.1372506037181,135.1230341648861,136.2425994873047,9541846
2016-07-26 00:00:00-04:00,136.37183456763472,136.63020118017627,134.8216623125618,135.51063537597656,7700445
2016-07-27 00:00:00-04:00,135.59673686681802,135.89816684073728,134.00351507071102,134.69247436523438,8191343
2016-07-28 00:00:00-04:00,134.34800549149458,134.82166161694064,133.83128597916573,134.5633087158203,6321940
2016-07-29 00:00:00-04:00,134.69250702847432,135.33841680628984,133.9604841730043,134.08966064453125,10443997
2016-08-01 00:00:00-04:00,134.00354447871558,134.43413727724572,133.57293797009538,134.13272094726562,6500847
2016-08-02 00:00:00-04:00,133.96043870901357,134.17574189521503,133.48676895735323,133.7020721435547,5634002
2016-08-03 00:00:00-04:00,133.6160090671374,134.52027181930663,133.6160090671374,134.04661560058594,4174494
2016-08-04 00:00:00-04:00,134.3480180153363,134.56332125973248,133.87434813564687,134.21884155273438,4234526
2016-08-05 00:00:00-04:00,134.6494109818049,135.4244970431872,134.43410777474458,134.69247436523438,4502365
2016-08-08 00:00:00-04:00,134.77855839545663,135.20915096295454,134.3910154876506,134.6493682861328,4263822
2016-08-09 00:00:00-04:00,134.47714978590065,134.99386917467166,134.13267019338667,134.77857971191406,4195944
2016-08-10 00:00:00-04:00,134.5632552566663,134.95079816447233,134.347952117876,134.6493682861328,3868199
2016-08-11 00:00:00-04:00,134.82166299131305,135.08002960515535,134.34800686103853,134.7355499267578,7926280
2016-08-12 00:00:00-04:00,134.34796285393895,134.69244241949855,134.26183610750715,134.52020263671875,4450136
2016-08-15 00:00:00-04:00,134.77856916593035,134.99385861184226,134.43407589028695,134.52020263671875,4080032
2016-08-16 00:00:00-04:00,134.0896131987462,134.73552274801543,133.83126034710693,134.30491638183594,4670609
2016-08-17 00:00:00-04:00,134.60637347488083,134.90778976595658,134.261880086395,134.7355499267578,3672056
2016-08-18 00:00:00-04:00,134.56330804536356,135.33839416503906,134.30494143544234,135.33839416503906,5851135
2016-08-19 00:00:00-04:00,134.86472500382342,135.20920467870934,134.26187871772902,134.5633087158203,5162884
2016-08-22 00:00:00-04:00,134.21878928701096,135.33835475383293,133.83124634002763,134.86468505859375,4269331
2016-08-23 00:00:00-04:00,135.4244680159452,135.9411873760827,134.47714233398438,134.47714233398438,6701538
2016-08-24 00:00:00-04:00,134.64940048030758,134.9938801007028,134.21880780985654,134.43409729003906,4599977
2016-08-25 00:00:00-04:00,134.30489498496686,134.77856465431842,134.04654217448723,134.39102172851562,3553077
2016-08-26 00:00:00-04:00,134.64938212069688,135.46753139014433,134.08959938636022,134.47714233398438,4645987
2016-08-29 00:00:00-04:00,134.26187070980131,135.42449982576338,134.21882103557436,135.03695678710938,4433840
2016-08-30 00:00:00-04:00,134.95077967314649,135.51056227326526,134.77853992773154,135.0799560546875,3784692
2016-08-31 00:00:00-04:00,134.73550579271446,134.99385861184226,134.30489948072307,134.52020263671875,6972715
2016-09-01 00:00:00-04:00,134.13270397508126,134.7355502688517,133.31455445424362,134.34800720214844,8608480
2016-09-02 00:00:00-04:00,134.56331008755905,135.42450928355285,134.4771833129155,134.7355499267578,4341736
2016-09-06 00:00:00-04:00,134.82163774373365,134.95082788150594,132.6255699226332,133.7020721435547,8545902
2016-09-07 00:00:00-04:00,133.4437162185919,133.74513244628906,132.62556687186336,133.74513244628906,5689568
2016-09-08 00:00:00-04:00,133.48683453311585,133.70213782508563,133.05624165926878,133.65908813476562,6313322
2016-09-09 00:00:00-04:00,132.71171519654723,132.71171519654723,129.65443420410156,129.65443420410156,9310440
2016-09-12 00:00:00-04:00,129.18074051331288,131.6351747887171,128.49178131673804,131.2906951904297,8640134
2016-09-13 00:00:00-04:00,130.1280572749776,130.25724739797533,127.97505307935866,128.5348358154297,9403607
2016-09-14 00:00:00-04:00,128.36260099021445,129.18073658373874,127.759754856507,127.88893127441406,10657959
2016-09-15 00:00:00-04:00,128.23608384406424,129.53797084588433,127.67193234937277,129.10400390625,7324018
2016-09-16 00:00:00-04:00,128.5832484695131,129.10400049305716,128.19268099758443,128.80023193359375,13549410
2016-09-19 00:00:00-04:00,129.23417178936626,130.01530665310406,127.58511697540928,127.71530151367188,6364465
2016-09-20 00:00:00-04:00,128.7568359375,129.3209874324374,128.53985246758825,128.7568359375,6186101
2016-09-21 00:00:00-04:00,129.10401215860298,129.8417477128878,128.40967606447228,129.53797912597656,6057794
2016-09-22 00:00:00-04:00,130.01533499598872,130.66628546336887,129.88515042934637,130.3625030517578,6130471
2016-09-23 00:00:00-04:00,130.27577594154846,130.40596056614544,129.364455935189,129.7116241455078,4762024
2016-09-26 00:00:00-04:00,129.3210833679106,129.36448285750498,128.10598056182687,128.19277954101562,5405558
2016-09-27 00:00:00-04:00,128.45309533195325,130.05876524129198,127.88894365352644,129.66819763183594,5319193
2016-09-28 00:00:00-04:00,129.84177474531612,129.92857368369548,128.45308845085316,129.75498962402344,5581836
2016-09-29 00:00:00-04:00,129.36442477024372,130.622912683742,127.75875491297532,128.14932250976562,8111467
2016-09-30 00:00:00-04:00,128.45308753684765,129.5380051734365,128.3663024161725,128.53988647460938,7536875
2016-10-03 00:00:00-04:00,127.84557366971558,128.8870782112021,127.5851906257994,128.626708984375,4130278
2016-10-04 00:00:00-04:00,128.93045428413143,129.1040383428696,127.80215099379002,128.01913452148438,6495171
2016-10-05 00:00:00-04:00,128.10591964231017,128.88705481517522,127.58516746609567,128.01913452148438,5203386
2016-10-06 00:00:00-04:00,127.5851399880246,128.01910694994965,126.45683694068636,127.02098846435547,5860880
2016-10-07 00:00:00-04:00,126.10970992578332,126.76064676335932,125.50215874484779,126.19649505615234,7895794
2016-10-10 00:00:00-04:00,125.8493496918421,127.19463690144251,125.02481481002843,125.2417984008789,7090734
2016-10-11 00:00:00-04:00,124.7644612541563,125.97955017189025,124.50407814895284,125.502197265625,6456464
2016-10-12 00:00:00-04:00,125.50213554029527,125.9361025631669,125.02476905171936,125.41533660888672,4748043
2016-10-13 00:00:00-04:00,124.8946262868752,125.41537859841962,124.37387397533077,124.85122680664062,5924459
2016-10-14 00:00:00-04:00,125.67574745288094,125.97951614599624,125.06819624956171,125.37197875976562,5880390
2016-10-17 00:00:00-04:00,125.41535687540764,125.80592449568886,124.54743650649814,125.1983871459961,8290687
2016-10-18 00:00:00-04:00,125.97946660538057,126.19645007960212,125.4153150992378,125.76249694824219,5751228
2016-10-19 00:00:00-04:00,126.1097412109375,126.80407769449222,125.97954275745235,126.1097412109375,6090429
2016-10-20 00:00:00-04:00,126.28332947709274,126.71729670210522,125.67577812549364,126.15314483642578,5932952
2016-10-21 00:00:00-04:00,123.41909200714922,125.8492820476809,122.94172560044517,125.76249694824219,13386341
2016-10-24 00:00:00-04:00,125.8493655278347,126.76068567040825,125.4153982915264,125.502197265625,6497675
2016-10-25 00:00:00-04:00,125.58892453121422,125.89270698343553,124.20025212249725,124.33043670654297,5525518
2016-10-26 00:00:00-04:00,124.07007673805225,126.15311337173128,123.89649265476042,125.2851791381836,5082424
2016-10-27 00:00:00-04:00,125.3719632899047,125.67573194553748,124.15686103319979,124.24365997314453,5306882
2016-10-28 00:00:00-04:00,125.32855243435094,128.40969344908976,125.28515296832123,126.80402374267578,14162063
2016-10-31 00:00:00-04:00,127.93234260540763,128.67007834980868,126.23988757700158,126.28328704833984,9090093
2016-11-01 00:00:00-04:00,125.84932736969725,126.71726157915191,124.59083934649378,125.32857513427734,6679440
2016-11-02 00:00:00-04:00,125.24177215631335,125.24177215631335,123.24554840956323,123.63611602783203,6442087
2016-11-03 00:00:00-04:00,124.11347273730767,124.11347273730767,122.3342324791225,122.72480010986328,4799374
2016-11-04 00:00:00-04:00,122.46437885847801,125.02475357896684,122.46437885847801,123.41909790039062,7483645
2016-11-07 00:00:00-05:00,125.19839435314762,127.28141717552914,125.11159540271612,127.19461822509766,8608188
2016-11-08 00:00:00-05:00,127.45503633978377,128.53994061625298,127.10785425958863,127.6720199584961,7476237
2016-11-09 00:00:00-05:00,127.23805608791925,129.3644790270564,126.15315178274238,128.58334350585938,11277456
2016-11-10 00:00:00-05:00,129.53802493641732,133.8342552180869,129.4512259854131,131.9682159423828,16969403
2016-11-11 00:00:00-05:00,132.31533105605092,133.53043298034305,131.7945790101042,133.27005004882812,8912459
2016-11-14 00:00:00-05:00,133.40028088336237,133.87764745389373,132.31537695700993,132.4021759033203,7875012
2016-11-15 00:00:00-05:00,132.27199206651912,133.53049402423915,131.23048749849852,133.44369506835938,8385295
2016-11-16 00:00:00-05:00,133.00973139479143,133.57389698855619,132.53237857626175,133.40029907226562,5272015
2016-11-17 00:00:00-05:00,133.22665052902818,133.96438604804848,133.053066513793,133.61721801757812,3721301
2016-11-18 00:00:00-05:00,133.44364939375495,134.09459988877995,132.4455308282172,133.0964813232422,5964376
2016-11-21 00:00:00-05:00,133.18334067576092,134.00786176304942,132.7059739994072,133.96446228027344,4619007
2016-11-22 00:00:00-05:00,134.22477353768966,135.57006006426033,134.0077900570062,135.30967712402344,5784384
2016-11-23 00:00:00-05:00,135.57012219521732,136.17767345615135,135.30973913564847,136.00408935546875,5064876
2016-11-25 00:00:00-05:00,136.48140300702627,136.65498705788912,135.7870668035749,136.43800354003906,2746306
2016-11-28 00:00:00-05:00,135.96070889935427,136.39467612032547,135.43995652444397,135.61354064941406,4609909
2016-11-29 00:00:00-05:00,135.74364768558735,136.04741627635062,134.44176058404142,134.7455291748047,6556935
2016-11-30 00:00:00-05:00,135.30968451809244,135.70025204124875,133.44364582616095,133.48704528808594,9522691
2016-12-01 00:00:00-05:00,132.9663433542381,136.52483804983243,132.8795443976455,136.2210693359375,9327613
2016-12-02 00:00:00-05:00,136.09087449726508,136.655026278756,135.65692115410357,136.00408935546875,4465577
2016-12-05 00:00:00-05:00,136.39462193410722,136.48140705356877,134.78895214466192,135.0059356689453,4619424
2016-12-06 00:00:00-05:00,135.3531272976258,135.57011085960858,134.5719920013233,135.26634216308594,3666882
2016-12-07 00:00:00-05:00,134.5719657842484,137.13235473632812,134.22479767954616,137.13235473632812,6864357
2016-12-08 00:00:00-05:00,137.13236524137218,137.56631849695003,136.26443109604227,136.82858276367188,5872815
2016-12-09 00:00:00-05:00,136.48141213801821,138.5210352349276,136.0474450732845,137.9134979248047,6515975
2016-12-12 00:00:00-05:00,137.4361008993268,138.82478690813593,137.3927014390644,138.26063537597656,6477017
2016-12-13 00:00:00-05:00,138.43429619785013,138.86826340705414,137.17580787166824,137.73995971679688,7198926
2016-12-14 00:00:00-05:00,137.17576130688965,138.78141732855278,136.4380117748378,136.69839477539062,9113379
2016-12-15 00:00:00-05:00,136.65502651308265,138.6512643999903,135.0927696042605,135.65692138671875,9051219
2016-12-16 00:00:00-05:00,136.78522010431888,138.30409129688857,136.52483705353086,137.7833251953125,15018704
2016-12-19 00:00:00-05:00,137.82672076925834,138.8682391258193,137.60973720259608,138.52105712890625,7293116
2016-12-20 00:00:00-05:00,138.5210693778089,140.51730731395017,138.47768371431127,139.95315551757812,8308549
2016-12-21 00:00:00-05:00,139.73614171111404,139.90972577883457,139.0851910943467,139.432373046875,5835173
2016-12-22 00:00:00-05:00,139.5197886214448,139.69467902273195,138.9513913369941,139.12628173828125,5048329
2016-12-23 00:00:00-05:00,139.34494444219183,139.65099926569815,138.90771133340468,139.38865661621094,3127553
2016-12-27 00:00:00-05:00,139.43234813449968,140.13190979822036,139.25745771856953,139.47607421875,3266793
2016-12-28 00:00:00-05:00,139.2137470190943,139.7821444139498,138.47045918898118,138.60162353515625,3940730
2016-12-29 00:00:00-05:00,138.77654877038188,139.38865842533906,138.6016443877373,138.64537048339844,3357811
2016-12-30 00:00:00-05:00,138.2955625336351,139.03885033031756,137.7708912514602,138.16439819335938,5311535
2017-01-03 00:00:00-05:00,138.47043967985914,139.21372740525035,137.28991896738935,138.55789184570312,6708382
2017-01-04 00:00:00-05:00,138.82024005949646,139.17003485108435,138.25184266464095,138.60162353515625,4474320
2017-01-05 00:00:00-05:00,138.03325413686343,138.82026821568508,136.89645911658226,137.8146514892578,5395334
2017-01-06 00:00:00-05:00,138.0769516161474,138.90769162073613,137.11504726596613,138.2081298828125,4615772
2017-01-09 00:00:00-05:00,138.33932119803717,138.42675947178768,137.42114275774284,137.55230712890625,4436678
2017-01-10 00:00:00-05:00,137.55224403668964,138.25180559012114,137.1587371826172,137.1587371826172,5676131
2017-01-11 00:00:00-05:00,136.59037784783126,137.81462482716802,136.59037784783126,137.59600830078125,5922894
2017-01-12 00:00:00-05:00,137.50857506884233,137.596027259876,136.10945138090085,137.24624633789062,6242356
2017-01-13 00:00:00-05:00,137.1150360107422,137.50854293629098,136.63409083566668,137.1150360107422,5075455
2017-01-17 00:00:00-05:00,136.2842928061893,137.5085255926536,136.24056672640532,136.7215118408203,6015165
2017-01-18 00:00:00-05:00,136.45920786386472,137.02760524056308,136.109427004523,136.54664611816406,5154246
2017-01-19 00:00:00-05:00,136.6340884150734,137.02759533365085,135.75962240886963,136.45919799804688,7866123
2017-01-20 00:00:00-05:00,134.4916378379627,135.10376114172493,132.48037754289663,133.4860076904297,17434281
2017-01-23 00:00:00-05:00,133.3548259283286,133.39855199881737,129.33231978576237,130.0756072998047,12330552
2017-01-24 00:00:00-05:00,130.55659301617698,131.43105901432168,130.38170260076225,131.16871643066406,7029095
2017-01-25 00:00:00-05:00,133.0051308543805,133.22374742653443,132.13066456576473,132.78651428222656,7956640
2017-01-26 00:00:00-05:00,133.09251177057388,133.3111282485088,131.73710074423312,132.56784057617188,5585279
2017-01-27 00:00:00-05:00,132.91767109823317,133.0925615617954,130.90642380673015,131.2124786376953,6261031
2017-01-30 00:00:00-05:00,130.99380493164062,131.60592824760573,130.16307907239474,130.99380493164062,5469409
2017-01-31 00:00:00-05:00,130.51285927788453,130.73147574128095,128.98255795517838,129.8570098876953,8075932
2017-02-01 00:00:00-05:00,129.98822969456967,130.33802453798683,129.24494175432324,129.81333923339844,5358922
2017-02-02 00:00:00-05:00,129.3323744962317,129.90077188983037,128.98259362648986,129.7696075439453,4529950
2017-02-03 00:00:00-05:00,130.2505167375951,130.29424281448814,129.15744834168177,129.8570098876953,6490288
2017-02-06 00:00:00-05:00,129.76959633545738,130.07565108977872,129.2886372402994,129.68214416503906,4950529
2017-02-07 00:00:00-05:00,130.0756588072188,130.33800141296726,129.11375448090405,129.2449188232422,4961630
2017-02-08 00:00:00-05:00,129.02624861022755,129.15742681904726,127.93318039646176,128.6764678955078,6715038
2017-02-09 00:00:00-05:00,129.0700147129119,129.8570285256691,128.80768605603996,129.37608337402344,4520873
2017-02-10 00:00:00-05:00,130.03195731404176,130.0756834101157,129.20123109401138,129.94451904296875,4754804
2017-02-13 00:00:00-05:00,130.64403580069762,131.43104957407087,129.98818634919658,131.34359741210938,7724671
2017-02-14 00:00:00-05:00,131.73717084707306,132.3930206298828,130.81899228800103,132.3930206298828,7309078
2017-02-15 00:00:00-05:00,132.4367069470763,132.69903564453125,131.95574779995403,132.69903564453125,5315103
2017-02-16 00:00:00-05:00,132.69901274579982,133.2236978923151,132.48039625493018,133.13624572753906,5411130
2017-02-17 00:00:00-05:00,132.96140475573458,133.09256913059667,132.04322628954856,132.78651428222656,4559141
2017-02-21 00:00:00-05:00,132.96142216884644,133.74843636324061,132.65536728039427,133.44236755371094,6310150
2017-02-22 00:00:00-05:00,133.44232892038602,133.5735071955255,132.3055340622844,132.61160278320312,6285841
2017-02-23 00:00:00-05:00,132.39128206927165,132.5675675153194,131.5539297085732,132.3031463623047,6040329
2017-02-24 00:00:00-05:00,131.50976943603544,133.05227661132812,131.24533442263208,133.05227661132812,5701420
2017-02-27 00:00:00-05:00,132.4353429408005,132.876063525394,131.77427609602256,131.9505615234375,4918541
2017-02-28 00:00:00-05:00,132.17085451202823,132.5674859976559,130.76055777874413,131.3775634765625,8161171
2017-03-01 00:00:00-05:00,132.12677511257345,133.75741793759744,131.4216197541994,133.05227661132812,7696084
2017-03-02 00:00:00-05:00,133.22856194289545,133.22856194289545,132.21491076230475,133.05227661132812,5767504
2017-03-03 00:00:00-05:00,133.05230080996438,133.18451132465924,132.43529502120958,132.74380493164062,4164269
2017-03-06 00:00:00-05:00,132.21490478515625,132.56747543235196,131.86233413796054,132.21490478515625,4886991
2017-03-07 00:00:00-05:00,131.9064561176218,132.17089121357444,131.28945024847167,131.5979461669922,6256295
2017-03-08 00:00:00-05:00,131.73014163401197,131.95050182661376,131.02498621126512,131.33349609375,6741538
2017-03-09 00:00:00-05:00,131.11315254863203,131.4657232887185,130.27578651684584,130.7165069580078,5412736
2017-03-10 00:00:00-05:00,131.50980613017404,134.11002602038945,130.58430437318395,133.44895935058594,12355279
2017-03-13 00:00:00-04:00,133.22860353316685,133.36081406508862,131.28945024847167,131.5979461669922,6299049
2017-03-14 00:00:00-04:00,131.15724452457044,131.28945506133886,129.87915788474058,130.1876678466797,4757830
2017-03-15 00:00:00-04:00,130.23172486765,131.46572245008076,129.87914009770495,131.1572265625,5246349
2017-03-16 00:00:00-04:00,131.33350412697888,131.42163979014697,130.54021299793197,131.11314392089844,4425097
2017-03-17 00:00:00-04:00,131.55382468529015,132.39117637750613,131.20125407466207,131.68603515625,9105805
2017-03-20 00:00:00-04:00,131.77423204412577,131.86236771231344,130.8487163194552,131.06907653808594,3938998
2017-03-21 00:00:00-04:00,131.5979446025392,131.5979446025392,129.30622057189086,129.52658081054688,5599405
2017-03-22 00:00:00-04:00,130.27582628251795,130.93690714605066,129.17403887540888,130.14361572265625,5425360
2017-03-23 00:00:00-04:00,130.0113204645754,131.02495748334982,129.48245050544628,130.54017639160156,5148737
2017-03-24 00:00:00-04:00,130.40796523678193,131.37754144731753,130.14353025859845,130.98089599609375,5817541
2017-03-27 00:00:00-04:00,129.79103836275638,130.05545946921262,128.9095972556053,129.74696350097656,6048425
2017-03-28 00:00:00-04:00,129.17395472270672,131.02495748334982,128.90951974314217,130.54017639160156,5810759
2017-03-29 00:00:00-04:00,130.09950146839807,130.93686750225416,129.8350804287335,130.80465698242188,5750477
2017-03-30 00:00:00-04:00,130.71649666315156,132.1708683916008,130.58428615405862,131.64199829101562,7503760
2017-03-31 00:00:00-04:00,131.59791709918733,132.39120817971127,131.06906105620666,131.33349609375,10599304
2017-04-03 00:00:00-04:00,131.15717924030793,132.2148910721921,131.11310440595375,131.68603515625,6241563
2017-04-04 00:00:00-04:00,131.7742900241614,132.6116423848598,130.89284876180872,132.3031463623047,5228488
2017-04-05 00:00:00-04:00,132.6115739607753,134.0659456803941,131.99456820190994,132.0827178955078,5391307
2017-04-06 00:00:00-04:00,132.21499014807173,133.0082816324926,131.86241927324315,131.906494140625,4496668
2017-04-07 00:00:00-04:00,131.86240369318085,133.05234077921642,131.86240369318085,132.17091369628906,3959509
2017-04-10 00:00:00-04:00,132.52340715451,133.22854840914903,132.03861201786825,132.25897216796875,3861334
2017-04-11 00:00:00-04:00,132.21494996772165,132.65567044337823,131.5098084323582,132.3912353515625,4598954
2017-04-12 00:00:00-04:00,131.686105804559,131.7742555205588,130.6724542311122,131.20132446289062,5642494
2017-04-13 00:00:00-04:00,130.89277783762643,131.33349822999864,130.2317112811743,130.27577209472656,4172824
2017-04-17 00:00:00-04:00,130.5402529876822,130.89282381257487,130.2317570239289,130.62840270996094,4543951
2017-04-18 00:00:00-04:00,130.45206990627014,131.774231209682,130.36393423864055,131.50979614257812,5363993
2017-04-19 00:00:00-04:00,131.73012365328816,132.47933978660507,131.6419739754372,132.21490478515625,5549243
2017-04-20 00:00:00-04:00,132.43526985960514,134.59478269390368,132.34713421058936,133.40484619140625,7737524
2017-04-21 00:00:00-04:00,133.40488615460683,133.88968148178654,129.79101475607587,130.2317352294922,15096994
2017-04-24 00:00:00-04:00,131.55388261763235,131.9064533835219,129.96730013902064,130.2317352294922,10137889
2017-04-25 00:00:00-04:00,129.79100036621094,130.45206697093448,129.21806942713383,129.79100036621094,8316040
2017-04-26 00:00:00-04:00,130.09945957767235,130.23168408703748,128.95359802246094,128.95359802246094,7797368
2017-04-27 00:00:00-04:00,129.08582562449797,129.1739753091022,127.89590310707742,128.1603240966797,6873288
2017-04-28 00:00:00-04:00,128.2484900257023,128.5129110487971,127.49927374008878,127.7636947631836,5024416
2017-05-01 00:00:00-04:00,127.85182956930585,128.55697092491368,127.49925889150194,127.54331970214844,5011187
2017-05-02 00:00:00-04:00,127.85184445895315,128.02812981838534,127.41112404431922,127.7636947631836,7044432
2017-05-03 00:00:00-04:00,127.45520427423075,129.08584742586203,127.14670839022438,128.82142639160156,5611612
2017-05-04 00:00:00-04:00,128.99768955649665,129.17397489303207,128.02811318949927,128.68919372558594,4092740
2017-05-05 00:00:00-04:00,128.38072861408267,128.865523982626,128.2925929311448,128.77737426757812,3532044
2017-05-08 00:00:00-04:00,128.51293409600757,128.9095797338902,127.8077925318204,128.11630249023438,4513424
2017-05-09 00:00:00-04:00,128.16032646706807,128.20440131018535,127.19075007901489,127.49925994873047,4974233
2017-05-10 00:00:00-04:00,127.45516430353823,127.49923913946202,126.04486777869882,126.48558807373047,5435063
2017-05-11 00:00:00-04:00,126.39747440044137,127.32299009001942,125.60418325629283,127.2348403930664,5845752
2017-05-12 00:00:00-04:00,124.9872065328476,125.38385215260925,122.73954334349527,124.59056091308594,14279415
2017-05-15 00:00:00-04:00,123.70909059102571,124.45830679887057,123.26838425424404,124.19388580322266,8297970
2017-05-16 00:00:00-04:00,124.50240602712165,124.63463058294847,123.40061892121412,123.576904296875,6157451
2017-05-17 00:00:00-04:00,122.60733489739432,126.83821222532936,120.8003921508789,120.8003921508789,10946789
2017-05-18 00:00:00-04:00,120.13929506627358,121.85808766888677,119.43413966861564,121.10887145996094,10109177
2017-05-19 00:00:00-04:00,121.41740604909766,124.14985076081713,121.19704579400933,123.6209945678711,10117753
2017-05-22 00:00:00-04:00,124.41424598766623,124.72274182662395,123.66502977982138,124.19388580322266,5803039
2017-05-23 00:00:00-04:00,124.32611075956252,124.6346206665039,123.88539033942176,124.6346206665039,4982246
2017-05-24 00:00:00-04:00,124.8108877202882,125.60416471523001,121.72587329604156,122.65137481689453,11205008
2017-05-25 00:00:00-04:00,122.47511668843731,122.95989796148854,120.84445943012972,121.15296936035156,8190905
2017-05-26 00:00:00-04:00,121.02073653087695,121.41738210539482,120.27152023058923,120.9766616821289,6390068
2017-05-30 00:00:00-04:00,120.35965690205946,120.97664858932863,119.6985763387066,120.58001708984375,7602749
2017-05-31 00:00:00-04:00,120.4478221311581,120.93261746973523,119.83081626029136,120.66818237304688,7430561
2017-06-01 00:00:00-04:00,121.24108624653888,122.87174325219068,121.19701140160645,122.16658782958984,6758085
2017-06-02 00:00:00-04:00,122.82767503062057,123.13617089757089,121.7258880405331,122.87174987792969,7722083
2017-06-05 00:00:00-04:00,122.9598530848572,123.70906916292762,122.56320762798427,123.31242370605469,9078783
2017-06-06 00:00:00-04:00,123.31247878094345,123.57691388099738,122.5632623682515,123.09213256835938,7036336
2017-06-07 00:00:00-04:00,123.18028588841528,123.22436075008807,120.75635091385921,121.99034881591797,9084960
2017-06-08 00:00:00-04:00,121.9902886837923,122.60729434673952,121.32922221300232,121.59364318847656,8538411
2017-06-09 00:00:00-04:00,121.76998513172533,123.26843216188423,121.59369972207915,123.1362075805664,5292255
2017-06-12 00:00:00-04:00,128.86548079207108,129.87911798273103,126.61781816488684,127.54331970214844,29022706
2017-06-13 00:00:00-04:00,128.33660950221065,128.51289483940786,124.89902437870687,125.38381958007812,12274276
2017-06-14 00:00:00-04:00,125.51601924248021,126.92631585044973,125.03122408294846,126.44152069091797,8580248
2017-06-15 00:00:00-04:00,126.5748722747525,128.66370934913482,126.35265315611969,128.6192626953125,9988258
2017-06-16 00:00:00-04:00,128.7970613862589,128.93038720974732,127.19709490247726,128.8859405517578,17019649
2017-06-19 00:00:00-04:00,128.70814485134218,128.88591730075,127.73038930436044,127.99705505371094,6365174
2017-06-20 00:00:00-04:00,127.59713231185795,127.64157898579722,124.79718996047632,125.0194091796875,9920401
2017-06-21 00:00:00-04:00,125.24160647957085,125.28605314573123,122.88610297886318,123.4638671875,7044036
2017-06-22 00:00:00-04:00,123.41940618012556,123.68607199561883,122.39720372962928,122.441650390625,7592087
2017-06-23 00:00:00-04:00,123.5083116104541,123.5083116104541,122.21944321810825,122.53055572509766,6622204
2017-06-26 00:00:00-04:00,122.61940442088573,123.01939600865694,122.21941283311452,122.70829772949219,5947203
2017-06-27 00:00:00-04:00,122.30832761104998,122.6194259448232,120.88613347705501,120.93058013916016,8623879
2017-06-28 00:00:00-04:00,121.15278166141717,121.77499238886173,120.21947264548999,120.35279846191406,6471822
2017-06-29 00:00:00-04:00,120.70835427713378,121.8194358651845,119.06395522487638,120.08614349365234,7664597
2017-06-30 00:00:00-04:00,120.39725487282773,120.84167901374421,119.59727160850537,120.04170989990234,5478256
2017-07-03 00:00:00-04:00,120.7083460242074,122.61941075314742,120.26390775918146,121.99720001220703,4312002
2017-07-05 00:00:00-04:00,122.39718053910055,122.48607384424942,121.01944751312,121.55276489257812,4438284
2017-07-06 00:00:00-04:00,119.37505345987924,120.21948339049045,115.99735496315535,116.9306640625,15993094
2017-07-07 00:00:00-04:00,116.66400463768434,116.88621670867882,115.464029738305,116.21956634521484,8459808
2017-07-10 00:00:00-04:00,116.13066632934209,116.39732502805545,114.88625199344034,115.73067474365234,9756038
2017-07-11 00:00:00-04:00,115.68625554990989,117.55288092030054,115.15293098326656,117.24177551269531,8607645
2017-07-12 00:00:00-04:00,117.95288087171127,119.15284884937739,117.19733709289493,118.13065338134766,10638908
2017-07-13 00:00:00-04:00,118.130656162717,119.24174498696654,117.77510405983165,119.06397247314453,5794045
2017-07-14 00:00:00-04:00,118.84173587405135,119.55282582511155,118.79728921448994,119.0195083618164,4394069
2017-07-17 00:00:00-04:00,118.93061507682467,119.46394669075347,118.7528425890086,119.19728088378906,5779022
2017-07-18 00:00:00-04:00,118.93059018491407,119.64169413782646,118.84171103484854,119.50835418701172,5455700
2017-07-19 00:00:00-04:00,119.33059160634535,120.1305747754906,119.28614495239755,119.73058319091797,5173234
2017-07-20 00:00:00-04:00,120.0861409990537,120.2194809751959,118.21952283786605,118.61951446533203,11509404
2017-07-21 00:00:00-04:00,112.79740551354591,115.5973465558216,112.2640881270815,115.15290832519531,18915198
2017-07-24 00:00:00-04:00,114.57515016871436,114.88625553107939,112.66408548956296,113.0196304321289,11867093
2017-07-25 00:00:00-04:00,113.64185103356594,114.35294805573949,112.7085348653556,113.0640869140625,9636328
2017-07-26 00:00:00-04:00,113.73075103759766,114.1751823082042,112.75299516702215,113.73075103759766,8499516
2017-07-27 00:00:00-04:00,113.73071380442674,114.66402270477428,113.41960847923129,114.61958312988281,8323113
2017-07-28 00:00:00-04:00,114.930706740206,115.01959297936926,112.88630201373127,113.46407318115234,5902383
2017-07-31 00:00:00-04:00,113.5085280672496,114.1751784884772,113.28630890176011,113.81963348388672,6388461
2017-08-01 00:00:00-04:00,113.90850976366592,114.04184266633604,112.57520903792573,113.0640869140625,8745299
2017-08-02 00:00:00-04:00,113.06407177336402,113.6418358154976,112.84185265708517,113.41961669921875,5714629
2017-08-03 00:00:00-04:00,113.730738107484,114.57516096325406,112.75298234807012,114.48627471923828,6451143
2017-08-04 00:00:00-04:00,114.44185420309275,114.88628549722254,113.86408998310326,114.57518005371094,4864539
2017-08-07 00:00:00-04:00,114.39738617063955,114.61960531382245,113.55296333188073,113.90850830078125,3937537
2017-08-08 00:00:00-04:00,113.90850221938453,115.06403038185954,113.41962437562667,113.59739685058594,5663840
2017-08-09 00:00:00-04:00,113.55297857028883,114.30851526821286,113.15298688897819,114.26406860351562,6191213
2017-08-10 00:00:00-04:00,114.26405017214512,114.26405017214512,112.30854582096308,112.4418716430664,6192861
2017-08-11 00:00:00-04:00,112.88631427036744,113.108533430023,111.95300512019918,111.99745178222656,4009922
2017-08-14 00:00:00-04:00,112.35296645324483,113.55294110122105,112.2196335783901,112.70851135253906,5068840
2017-08-15 00:00:00-04:00,112.04188695137904,112.5307648382012,111.55300906455689,111.73078155517578,5703757
2017-08-16 00:00:00-04:00,111.64189527848758,112.21965941045679,111.33078988237176,111.55300903320312,5732741
2017-08-17 00:00:00-04:00,111.41966855851712,111.5529943713,109.86414885762727,109.99747467041016,6514785
2017-08-18 00:00:00-04:00,109.4641487838442,109.9530265683789,108.61971901722309,109.10859680175781,7151497
2017-08-21 00:00:00-04:00,108.8419418334961,109.33081963470316,108.08640534305947,108.8419418334961,9609933
2017-08-22 00:00:00-04:00,109.197492915904,109.95303652422494,108.79750839710294,109.33082580566406,6253415
2017-08-23 00:00:00-04:00,108.9753014038906,109.15307390691362,108.17531806504608,108.39753723144531,7205853
2017-08-24 00:00:00-04:00,108.57533050612247,109.06420852058397,107.99756622314453,107.99756622314453,5330878
2017-08-25 00:00:00-04:00,108.39751068478019,109.33081963470316,108.21973115005466,108.8419418334961,4771643
2017-08-28 00:00:00-04:00,109.01971808571348,109.64192879080124,108.21973491495474,108.75305938720703,4994870
2017-08-29 00:00:00-04:00,108.13085026301655,108.70861432251392,107.90863821529878,108.6197280883789,4989131
2017-08-30 00:00:00-04:00,108.84197008081281,108.84197008081281,107.33089670777682,107.90866088867188,7068637
2017-08-31 00:00:00-04:00,108.48639321477476,109.77524703971625,107.90862920352819,109.10859680175781,11535738
2017-09-01 00:00:00-04:00,109.33083878133998,112.44187859289174,108.84196089451783,111.73078155517578,12279368
2017-09-05 00:00:00-04:00,111.3752219040965,111.3752219040965,109.19749149275492,109.99747467041016,9293476
2017-09-06 00:00:00-04:00,110.61971120926393,111.1974754001962,110.3086057813986,110.75304412841797,11481632
2017-09-07 00:00:00-04:00,108.93083619714687,109.10860866990757,105.90868293449587,106.75311279296875,16715628
2017-09-08 00:00:00-04:00,106.44199895240314,106.66421098804018,104.79759309744557,105.8642349243164,9307268
2017-09-11 00:00:00-04:00,105.7753594627262,106.17534399768611,104.97537624232666,105.41980743408203,9036446
2017-09-12 00:00:00-04:00,105.86425244391332,106.26424407958984,105.37537456422424,106.26424407958984,10362702
2017-09-13 00:00:00-04:00,106.35310777476656,107.46418912697342,106.30866112456366,107.15308380126953,8060554
2017-09-14 00:00:00-04:00,107.10867374046826,107.86421040019786,106.39757666794824,107.81977081298828,8781440
2017-09-15 00:00:00-04:00,108.17885713861358,108.49307098033933,106.60779507591838,107.415771484375,13888549
2017-09-18 00:00:00-04:00,107.5504339851192,110.19879565532608,107.41577600866037,109.79480743408203,10955699
2017-09-19 00:00:00-04:00,109.79481291855778,109.83970367690897,107.8197696157227,108.62773895263672,9460843
2017-09-20 00:00:00-04:00,108.62775129238835,109.5703930114369,108.58286767487269,109.1664047241211,8298554
2017-09-21 00:00:00-04:00,109.21126644424336,111.50053056471263,108.49307154051459,111.09654235839844,10874529
2017-09-22 00:00:00-04:00,111.50054299745122,112.39829387314838,111.18632911906707,111.63520812988281,8287537
2017-09-25 00:00:00-04:00,111.85964145674461,113.02671538690751,111.545427595716,112.7125015258789,8865635
2017-09-26 00:00:00-04:00,112.8920355636008,113.16135863258832,111.8596268928488,111.90451049804688,8503648
2017-09-27 00:00:00-04:00,112.21872586299446,112.44315818394048,108.98682755285411,109.39081573486328,11787113
2017-09-28 00:00:00-04:00,109.4805922788301,109.74991535690374,108.44817642731456,108.8072738647461,7544053
2017-09-29 00:00:00-04:00,108.7174973235108,109.03171114792399,107.77486299620435,108.53794860839844,7026425
2017-10-02 00:00:00-04:00,108.71749698866691,110.46811482045338,108.17885084498882,110.28855895996094,8868389
2017-10-03 00:00:00-04:00,110.46813899177162,111.45566428385969,109.21128342297982,111.32099914550781,7075210
2017-10-04 00:00:00-04:00,111.68008464018646,111.72497539678658,109.660150657793,109.88459014892578,6708361
2017-10-05 00:00:00-04:00,109.48060406463935,110.28857338583985,108.40330449043802,110.15391540527344,7252865
2017-10-06 00:00:00-04:00,109.57038044977571,110.1539174321247,108.31353211440359,109.48060607910156,8498765
2017-10-09 00:00:00-04:00,108.17886059894815,108.40330008535051,104.36342505977676,105.17139434814453,29275875
2017-10-10 00:00:00-04:00,106.3833876496553,107.1015899120013,104.67766710224507,104.85721588134766,16812134
2017-10-11 00:00:00-04:00,103.82477354029345,104.4532012548547,102.79236474743864,103.55545043945312,16937707
2017-10-12 00:00:00-04:00,103.46566009521484,103.64520880138227,102.47813506536131,103.46566009521484,12509021
2017-10-13 00:00:00-04:00,103.91454440654184,104.27364900816518,103.06168437631194,103.15145874023438,8428237
2017-10-16 00:00:00-04:00,103.19637895574525,105.39586221865542,102.92704864115571,104.85721588134766,10382567
2017-10-17 00:00:00-04:00,104.22875844184804,104.3634235609422,103.24123329098069,104.0940933227539,12235757
2017-10-18 00:00:00-04:00,104.13898178681869,104.49807923525849,103.5554448601373,103.7798843383789,7297059
2017-10-19 00:00:00-04:00,103.86966848869982,106.74246978473842,103.4656802481683,105.84471893310547,15769450
2017-10-20 00:00:00-04:00,99.38089440408059,107.01177154763617,99.20134569876075,106.96688079833984,40147504
2017-10-23 00:00:00-04:00,105.21627289844838,105.21627289844838,99.56045280629459,100.18887329101562,39090944
2017-10-24 00:00:00-04:00,99.29115224947711,100.14401959521264,97.63031546779453,98.25874328613281,27880573
2017-10-25 00:00:00-04:00,98.03429683342158,98.25873634496403,95.61037440494052,96.50812530517578,23060959
2017-10-26 00:00:00-04:00,96.8223019354098,97.18140647138657,95.16146578755568,95.70011901855469,18004137
2017-10-27 00:00:00-04:00,95.43080595008354,95.61035466387152,92.64777944857074,93.32109069824219,20560436
2017-10-30 00:00:00-04:00,92.55800554561655,93.00687733228794,90.94205282173341,91.61536407470703,20529324
2017-10-31 00:00:00-04:00,90.94205876669814,91.57048645505205,89.99942438010083,90.4931869506836,20450366
2017-11-01 00:00:00-04:00,90.08920083873346,92.10913477668187,89.59543825666601,89.86476135253906,19137318
2017-11-02 00:00:00-04:00,89.99940823395352,90.13406618163309,88.1141326530491,89.50564575195312,17012575
2017-11-03 00:00:00-04:00,89.41586409379468,91.25624877770589,89.14653392859269,90.40338897705078,14160018
2017-11-06 00:00:00-05:00,92.10913128349698,92.15402203740689,90.13408103012985,90.3585205078125,12661511
2017-11-07 00:00:00-05:00,90.5380797344027,90.89718436953937,90.31364737661835,90.7176284790039,8693113
2017-11-08 00:00:00-05:00,90.71762549829162,91.21138810268847,90.08920491283547,90.31364440917969,8280233
2017-11-09 00:00:00-05:00,89.95451909560029,90.08918419161961,89.10165920996435,89.7300796508789,10610572
2017-11-10 00:00:00-05:00,89.68522286351106,92.82734744531089,89.32612536134006,91.9744873046875,21019137
2017-11-13 00:00:00-05:00,90.94204484698516,93.14153427363344,84.16403501404893,85.3759994506836,54577114
2017-11-14 00:00:00-05:00,84.34360998952927,84.74759826093337,78.3735745877675,80.34862518310547,65218755
2017-11-15 00:00:00-05:00,78.59798335622536,82.5031922574735,78.5530926121044,81.96454620361328,30124129
2017-11-16 00:00:00-05:00,82.95208652462992,82.95208652462992,81.02192692123421,81.919677734375,18649508
2017-11-17 00:00:00-05:00,82.32367219372634,82.90720919458158,81.7401351928711,81.7401351928711,12615126
2017-11-20 00:00:00-05:00,80.57305991033373,81.38102925918102,80.0344065318346,80.70771789550781,13340623
2017-11-21 00:00:00-05:00,80.573061961548,81.11170820782563,79.4508715629013,80.03440856933594,16258721
2017-11-22 00:00:00-05:00,81.47079467773438,81.9196736348081,80.07928849023284,81.47079467773438,11444448
2017-11-24 00:00:00-05:00,82.5032356395758,82.5032356395758,81.47081944124434,81.65037536621094,5195206
2017-11-27 00:00:00-05:00,82.3236687064887,83.04187081016988,81.20147836610772,81.33614349365234,16453507
2017-11-28 00:00:00-05:00,81.56057135965196,82.77252875098134,81.06680882364871,82.63787078857422,11709157
2017-11-29 00:00:00-05:00,82.81740657277612,83.22139468879212,82.18897902654415,82.95206451416016,11509697
2017-11-30 00:00:00-05:00,83.31117711208135,83.44583506652593,81.60545013967813,82.09921264648438,14200582
2017-12-01 00:00:00-05:00,82.0543441222194,82.0543441222194,80.16906810015723,80.25884246826172,17116050
2017-12-04 00:00:00-05:00,80.79750673828396,81.06683704873721,80.25886040924856,80.57307434082031,14261616
2017-12-05 00:00:00-05:00,79.80996632687118,80.84238231577729,79.31620371172785,79.7201919555664,13733075
2017-12-06 00:00:00-05:00,79.04689225278814,80.07930839391763,79.00200863348505,79.27133178710938,9163104
2017-12-07 00:00:00-05:00,79.94462990444836,81.06682024286881,79.13665343246038,79.49575805664062,11598420
2017-12-08 00:00:00-05:00,79.54064166845437,79.98952066219617,79.27131855976972,79.49575805664062,11360294
2017-12-11 00:00:00-05:00,79.04686121352971,79.85483750307066,78.68776381637038,79.22640991210938,12138124
2017-12-12 00:00:00-05:00,80.57304187287555,80.97702288389499,79.22641230105768,80.39348602294922,13945388
2017-12-13 00:00:00-05:00,80.43839407193873,80.75260794447252,79.7201919555664,79.7201919555664,8785613
2017-12-14 00:00:00-05:00,79.76504765526066,79.98948705784241,79.18151092529297,79.18151092529297,10129668
2017-12-15 00:00:00-05:00,79.8099384977964,80.03437792076521,79.27129245778927,79.98949432373047,18441952
2017-12-18 00:00:00-05:00,80.21395457070972,81.02193105838683,79.67530834288112,79.7201919555664,11249683
2017-12-19 00:00:00-05:00,79.76505321523612,79.89971114942658,78.77752835015889,78.95707702636719,13666553
2017-12-20 00:00:00-05:00,79.13665076112015,79.22642512765128,77.92469323998311,78.32867431640625,15725818
2017-12-21 00:00:00-05:00,78.37355102427507,79.40595962729189,78.2837766738359,78.41844177246094,14163503
2017-12-22 00:00:00-05:00,78.59801423587878,78.8224466068631,78.10425158621776,78.5531234741211,9675745
2017-12-26 00:00:00-05:00,78.86946980773314,79.81861954497195,78.64348794243209,78.7790756225586,11546922
2017-12-27 00:00:00-05:00,78.91470035160485,79.6830548138945,78.23674010868612,78.5531234741211,12546163
2017-12-28 00:00:00-05:00,78.4175449497273,78.64353414306062,77.96557375833551,78.4627456665039,12714804
2017-12-29 00:00:00-05:00,78.05593613532697,79.23106794854893,78.05593613532697,78.8694839477539,15889514
2018-01-02 00:00:00-05:00,79.45706999563365,81.31016958185442,79.23108803253439,81.26496887207031,16185981
2018-01-03 00:00:00-05:00,82.71126960812177,82.89205801027776,81.49093710066091,82.0333023071289,17000180
2018-01-04 00:00:00-05:00,83.07284859230933,84.15758622898132,82.71127177850937,83.75080871582031,17225995
2018-01-05 00:00:00-05:00,85.2423429108201,85.28754362028006,83.61523968991462,83.79602813720703,16667865
2018-01-08 00:00:00-05:00,84.38359352591205,84.51918126267978,81.80734018404112,82.62089538574219,17130657
2018-01-09 00:00:00-05:00,82.84688438796105,84.33839998611013,81.85254065586166,83.88642883300781,13855205
2018-01-10 00:00:00-05:00,84.02199981584695,86.14628179974181,83.97680630719161,85.5587158203125,17177522
2018-01-11 00:00:00-05:00,86.91464277949646,87.63780373014515,85.87510565850778,85.96549987792969,20808952
2018-01-12 00:00:00-05:00,86.41745470622783,86.5530496074705,84.51916206519043,84.79035186767578,18169606
2018-01-16 00:00:00-05:00,82.80167617232898,83.6604248084258,81.17456591943714,82.30450439453125,42912819
2018-01-17 00:00:00-05:00,79.77346221377465,79.99945139717757,78.01076385189081,78.41754150390625,39131904
2018-01-18 00:00:00-05:00,78.64350159984708,79.00507840333758,75.75086558610742,75.79606628417969,35944841
2018-01-19 00:00:00-05:00,75.25369505173721,75.61527186083998,72.40625969187278,73.49099731445312,44851332
2018-01-22 00:00:00-05:00,71.86388834457291,73.80738171039111,71.4119173265176,73.08422088623047,28005019
2018-01-23 00:00:00-05:00,73.67178536935471,76.97119892021045,73.5361904689487,76.33843231201172,25714786
2018-01-24 00:00:00-05:00,76.8356415979902,78.46275241754927,73.44583218742581,74.3045883178711,34850262
2018-01-25 00:00:00-05:00,74.5757313473764,75.11809653492416,72.90342789286333,73.12940979003906,19834813
2018-01-26 00:00:00-05:00,72.90343475341797,73.03902246542852,71.99948549383419,72.90343475341797,18965005
2018-01-29 00:00:00-05:00,72.40625106659446,74.25934278540767,72.1802619901898,73.58138275146484,15469060
2018-01-30 00:00:00-05:00,72.76784976464528,73.53620422167555,72.08988952636719,72.08988952636719,14242064
2018-01-31 00:00:00-05:00,72.58704916873356,73.5361919042858,72.27066585845877,73.08422088623047,16018822
2018-02-01 00:00:00-05:00,72.58706897412841,72.81305814245333,71.95430218092831,72.40628051757812,11022366
2018-02-02 00:00:00-05:00,71.81868947432397,71.99947786803814,70.50796282698897,70.68875122070312,17171805
2018-02-05 00:00:00-05:00,69.96558814607427,70.64354819780775,67.38933563232422,67.38933563232422,25715850
2018-02-06 00:00:00-05:00,66.98259093106849,69.33285525980098,66.48541907727707,69.01647186279297,26462505
2018-02-07 00:00:00-05:00,69.19724616731031,70.14639616421357,68.92606353759766,68.92606353759766,15859821
2018-02-08 00:00:00-05:00,68.65489508436426,68.74528931293388,65.3102798461914,65.3102798461914,28928098
2018-02-09 00:00:00-05:00,66.39498710403188,67.93170267016737,64.31590641709856,67.5249252319336,26929053
2018-02-12 00:00:00-05:00,68.06730437922668,68.42888116271304,66.80177124648141,66.9825668334961,15771182
2018-02-13 00:00:00-05:00,66.62100987635583,66.84699905533223,65.67186683709403,66.30462646484375,15378459
2018-02-14 00:00:00-05:00,66.39501187883401,67.93172801838362,66.16902992514682,67.34416198730469,17926577
2018-02-15 00:00:00-05:00,67.47974089734133,68.42889088170861,66.75658722765867,67.1181640625,11452419
2018-02-16 00:00:00-05:00,67.11813816359923,68.83564185690682,66.93734981593943,68.02208709716797,13505612
2018-02-20 00:00:00-05:00,67.43453422389939,67.66052329918668,66.07861416271787,66.62097930908203,12867294
2018-02-21 00:00:00-05:00,66.4854250344705,66.57581927096166,65.3102855695359,65.49108123779297,20472151
2018-02-22 00:00:00-05:00,65.67184341169587,68.11250121011597,65.49105501111244,66.07862091064453,16379390
2018-02-23 00:00:00-05:00,66.21535807054936,66.85335432894672,66.03307342529297,66.03307342529297,11040854
2018-02-26 00:00:00-05:00,65.57731969458698,66.89889355234232,63.57217515311478,66.76217651367188,30302034
2018-02-27 00:00:00-05:00,66.85333404534349,69.17748070425964,66.07862091064453,66.07862091064453,19410582
2018-02-28 00:00:00-05:00,66.53435055546626,66.6254928653936,64.21020351526798,64.30134582519531,18490403
2018-03-01 00:00:00-05:00,64.52919673019187,64.98490821982026,63.57219171974293,63.89119338989258,19170976
2018-03-02 00:00:00-05:00,63.7544799714379,64.89376964306796,63.66333766828589,64.34690856933594,15572368
2018-03-05 00:00:00-05:00,64.62034302479094,66.76219804074428,64.34690885928286,65.71405792236328,18247395
2018-03-06 00:00:00-05:00,66.53435203380995,66.8533464982332,66.1242080026136,66.71663665771484,12124707
2018-03-07 00:00:00-05:00,65.98745899616709,66.48874509689718,64.62031772320036,66.12417602539062,17318787
2018-03-08 00:00:00-05:00,66.07862698375752,66.71663036204052,65.66848299126416,66.16976928710938,10348638
2018-03-09 00:00:00-05:00,66.62546427587284,68.12932262658695,66.12417815896815,68.08374786376953,13386967
2018-03-12 00:00:00-04:00,68.44831278321169,69.8610287771704,68.17488598739233,68.8128890991211,14653629
2018-03-13 00:00:00-04:00,66.94447778150874,67.1723371512618,65.34947670287617,65.7596206665039,24772029
2018-03-14 00:00:00-04:00,65.89634257236588,66.48877117331888,64.89376997770388,65.03048706054688,11907699
2018-03-15 00:00:00-04:00,65.21278388140638,66.30649898453083,64.9849244522659,65.44064331054688,9895779
2018-03-16 00:00:00-04:00,65.3494783761843,65.71405482808828,64.62033998201564,65.2127685546875,23889514
2018-03-19 00:00:00-04:00,64.98491221256296,65.07605451608852,63.80005501191071,64.11905670166016,13810133
2018-03-20 00:00:00-04:00,64.25578043712636,64.30135522616338,62.068350169423276,62.15949249267578,18554546
2018-03-21 00:00:00-04:00,62.25062757922428,63.61776936457194,61.84048359265601,63.25319290161133,13592791
2018-03-22 00:00:00-04:00,62.66075490366106,62.843039480364894,60.701184821866654,60.83789825439453,14862500
2018-03-23 00:00:00-04:00,61.06576398095736,61.29362336658152,59.334049336299664,59.56190872192383,17536442
2018-03-26 00:00:00-04:00,60.29106085122016,60.33663201047867,58.01248837865255,58.74163055419922,22000434
2018-03-27 00:00:00-04:00,58.87832887908621,62.524049700791004,58.42261740378277,61.248043060302734,32336072
2018-03-28 00:00:00-04:00,61.612612817178544,63.572182830814675,59.653039176133156,62.34175109863281,29025877
2018-03-29 00:00:00-04:00,61.886059010937046,62.250635520405915,60.837915149003045,61.43034744262695,15548310
2018-04-02 00:00:00-04:00,61.29362719947904,61.70377121732223,59.06062611970307,59.78976821899414,15041824
2018-04-03 00:00:00-04:00,59.78976362683957,59.88090592882449,58.33147591285106,59.83533477783203,12474884
2018-04-04 00:00:00-04:00,58.422618130259394,60.610047748554905,58.28590105855865,60.51890182495117,11929712
2018-04-05 00:00:00-04:00,60.56446924874697,61.794897352828364,60.0176119105542,61.20246887207031,11168889
2018-04-06 00:00:00-04:00,60.701199452053636,61.384770406856504,58.92390989119182,59.51634216308594,13242927
2018-04-09 00:00:00-04:00,59.69860970217248,59.97204018230318,58.42261046798718,58.46818161010742,14258423
2018-04-10 00:00:00-04:00,59.288475933097565,59.88090450936614,59.01504903362431,59.47076416015625,11982984
2018-04-11 00:00:00-04:00,58.83275920832805,59.60747599060952,58.55933231628264,59.1061897277832,10479010
2018-04-12 00:00:00-04:00,59.37960844004273,60.38218082758689,59.106181585663,60.06318283081055,13277419
2018-04-13 00:00:00-04:00,61.11132958427239,62.34175412129326,60.88347023286084,61.47589874267578,14850168
2018-04-16 00:00:00-04:00,61.52148195948448,61.88605116792959,60.29104999875243,60.74676513671875,12160618
2018-04-17 00:00:00-04:00,60.97463855251229,63.20764373804933,60.88349622400281,62.84306716918945,15050609
2018-04-18 00:00:00-04:00,63.25318702489518,63.43547886684909,62.06832995370039,62.2506217956543,8969027
2018-04-19 00:00:00-04:00,62.29618320170719,64.07346863408875,62.113898632460646,63.75446701049805,18316838
2018-04-20 00:00:00-04:00,68.0837627287612,68.58504895511366,65.34947224279713,66.26090240478516,39371615
2018-04-23 00:00:00-04:00,67.21791665788574,67.35462648550354,65.5773406879123,66.16976928710938,15298437
2018-04-24 00:00:00-04:00,66.80774536816564,67.3090314591885,66.26088451667842,66.89888763427734,15495602
2018-04-25 00:00:00-04:00,67.08119334075258,67.12676811560266,63.38990500620995,64.02790832519531,23216120
2018-04-26 00:00:00-04:00,64.30132193101404,66.07860719639388,64.07346261345731,65.53175354003906,13533448
2018-04-27 00:00:00-04:00,64.80260807674819,65.98746492033473,64.66589103525058,65.53175354003906,10188469
2018-04-30 00:00:00-04:00,65.48619850936353,65.57734081288909,64.11905670166016,64.11905670166016,10127373
2018-05-01 00:00:00-04:00,64.16461814010697,64.21019291495705,63.02533582668649,64.02790832519531,10719493
2018-05-02 00:00:00-04:00,64.25577716943923,65.53178413972678,64.16463485082171,64.62035369873047,10783239
2018-05-03 00:00:00-04:00,64.66588238081427,64.66588238081427,63.11645664035566,63.48102569580078,12665163
2018-05-04 00:00:00-04:00,63.207627683224736,64.39248490771449,62.751908901608594,64.25576782226562,8744820
2018-05-07 00:00:00-04:00,64.21019900518571,64.62034299846073,63.80005501191071,64.11905670166016,6858410
2018-05-08 00:00:00-04:00,64.62034306683788,66.03305965520887,64.21019907312888,65.03048706054688,12381195
2018-05-09 00:00:00-04:00,65.3950413226682,66.89889987080876,65.16718198830252,66.62547302246094,10614202
2018-05-10 00:00:00-04:00,67.26349790902731,67.26349790902731,66.07864046883199,66.94449615478516,7820843
2018-05-11 00:00:00-04:00,67.1723282695948,67.30904532433351,66.16975588102687,66.53433227539062,5970052
2018-05-14 00:00:00-04:00,66.99006211947177,67.4457736692062,66.71663518963112,67.03563690185547,8562032
2018-05-15 00:00:00-04:00,66.99006211947177,67.08120442941866,66.39763347740679,67.03563690185547,7357154
2018-05-16 00:00:00-04:00,67.03562026178474,68.81290574680897,66.94447071964316,68.49390411376953,11397833
2018-05-17 00:00:00-04:00,68.90404803413185,69.45090175806912,67.99261790608433,68.49390411376953,10585136
2018-05-18 00:00:00-04:00,68.72176811419726,68.81291040769345,67.99262251140851,68.2204818725586,7170422
2018-05-21 00:00:00-04:00,69.99776429483822,70.86361967108718,69.26861872520713,69.54204559326172,16258282
2018-05-22 00:00:00-04:00,70.13449115964711,71.0459215296604,69.67877960205078,69.67877960205078,13717258
2018-05-23 00:00:00-04:00,69.26864096750839,69.31421575422773,64.30135195615857,64.62035369873047,30743980
2018-05-24 00:00:00-04:00,65.34946806223158,67.08118598470848,64.89375663780004,66.53433227539062,21995906
2018-05-25 00:00:00-04:00,66.57990110930434,66.85332796937958,65.66847098756824,66.6710433959961,10370235
2018-05-29 00:00:00-04:00,65.98749573281435,66.16978037004938,63.89120789496917,64.62035369873047,15867583
2018-05-30 00:00:00-04:00,64.43805823885157,64.89376975540046,63.89119716417292,64.57476806640625,10893914
2018-05-31 00:00:00-04:00,64.25574646207298,64.39246350207374,63.57217577170463,64.16460418701172,11571648
2018-06-01 00:00:00-04:00,64.25576782226562,64.4836272130737,63.572196904661546,64.25576782226562,11870536
2018-06-04 00:00:00-04:00,64.39248812524325,64.75705736489665,62.341768015141604,62.478485107421875,17197157
2018-06-05 00:00:00-04:00,62.47847451674116,63.48104701066318,61.61261909192459,62.88861846923828,14699910
2018-06-06 00:00:00-04:00,62.97978065676982,63.29878241556435,62.11392495846031,62.15949249267578,12967368
2018-06-07 00:00:00-04:00,62.11391064260835,62.888623839111496,62.0227683403621,62.797481536865234,14811336
2018-06-08 00:00:00-04:00,62.79745508943275,64.11902879764658,62.478453538509854,63.48102569580078,10484206
2018-06-11 00:00:00-04:00,63.75446796724637,63.93675979404701,63.1164719653092,63.708900451660156,9098022
2018-06-12 00:00:00-04:00,63.93675979404701,64.43804599440695,63.38989882328227,63.708900451660156,8663462
2018-06-13 00:00:00-04:00,63.89119567495861,64.07348027732937,63.02534018628761,63.29876708984375,7407462
2018-06-14 00:00:00-04:00,63.20764009231185,63.389924738816845,61.79492319966578,62.15949249267578,12659759
2018-06-15 00:00:00-04:00,62.11350210940095,62.159481397382464,61.14801025390625,61.14801025390625,20069141
2018-06-18 00:00:00-04:00,60.73422712463457,60.82617838318105,60.228491543022976,60.68825149536133,14260009
2018-06-19 00:00:00-04:00,60.04459211396877,60.0905677456065,59.3089746885529,59.538856506347656,16249456
2018-06-20 00:00:00-04:00,58.66531071669789,60.274468762534006,58.61933508621166,59.21702194213867,20120367
2018-06-21 00:00:00-04:00,58.89518405557576,58.94115967944755,57.975664258929015,58.66530227661133,14750782
2018-06-22 00:00:00-04:00,58.665307265708265,60.13653833354045,58.665307265708265,59.99861145019531,14178026
2018-06-25 00:00:00-04:00,59.90665625085634,59.998611165589374,58.57335573229966,58.61933135986328,16029380
2018-06-26 00:00:00-04:00,61.88363815462663,64.09048333050498,61.561805041641676,63.170963287353516,44618882
2018-06-27 00:00:00-04:00,63.72264010561134,66.38924767310733,63.446786421831916,64.18240356445312,28252972
2018-06-28 00:00:00-04:00,64.09045605410788,64.36630975388826,62.89507538330656,63.584720611572266,13444307
2018-06-29 00:00:00-04:00,63.584747837948896,63.906580951770096,62.389373974509844,62.57327651977539,15015178
2018-07-02 00:00:00-04:00,61.975584248325774,62.297417334418284,60.64227993120672,61.4698486328125,13098533
2018-07-03 00:00:00-04:00,61.37789370849595,62.021556221074796,61.148015546719996,61.4698486328125,6721507
2018-07-05 00:00:00-04:00,61.51580381874203,61.79165753759648,59.95262176641797,61.74568557739258,11172227
2018-07-06 00:00:00-04:00,61.469818534173555,63.90654415388913,61.23993682535279,63.67666244506836,12524399
2018-07-09 00:00:00-04:00,64.09046449931947,65.00998427229584,63.95253397164923,64.13643646240234,13993109
2018-07-10 00:00:00-04:00,64.36632178338917,65.19389035660545,64.27437053294416,65.14791107177734,12585475
2018-07-11 00:00:00-04:00,64.64216072120033,65.69961083780738,64.32032775878906,64.32032775878906,9862643
2018-07-12 00:00:00-04:00,64.59618876611844,65.00997295790299,64.04447407066921,64.32032775878906,8309863
2018-07-13 00:00:00-04:00,64.22839692270338,64.68816053475982,63.81461259953735,63.860591888427734,10121259
2018-07-16 00:00:00-04:00,63.86058352230896,64.1364372618772,63.44679925335114,63.90656280517578,8943299
2018-07-17 00:00:00-04:00,63.67668406844605,63.860586570268914,62.7571642401205,62.94106674194336,12334350
2018-07-18 00:00:00-04:00,63.17092792097322,63.492760853779316,62.987025479143696,63.21689987182617,8562449
2018-07-19 00:00:00-04:00,63.07898608064056,63.81459595735244,62.619222588485684,63.12495803833008,15641895
2018-07-20 00:00:00-04:00,63.07900587536297,63.35485966569516,59.67678351068972,60.3204460144043,35732423
2018-07-23 00:00:00-04:00,59.86067849521915,60.32043841411651,59.308967324463445,59.72275161743164,18849031
2018-07-24 00:00:00-04:00,59.4009260607514,60.36642164612633,59.07909663869718,60.3204460144043,11824171
2018-07-25 00:00:00-04:00,60.36641490674297,60.45836981952719,59.58482559511992,60.27446365356445,11132811
2018-07-26 00:00:00-04:00,60.228499815286085,61.010092939493305,60.044597272934475,60.45838165283203,11374588
2018-07-27 00:00:00-04:00,60.32044760865809,60.59630506588725,59.676785087931684,60.044593811035156,8206805
2018-07-30 00:00:00-04:00,59.95263010651644,60.734223071209605,59.81470322790201,60.50434494018555,8255716
2018-07-31 00:00:00-04:00,60.64227233008405,62.75716579175909,60.50434545030673,62.66521453857422,14959799
2018-08-01 00:00:00-04:00,62.29740557893541,62.29740557893541,60.87214660644531,60.87214660644531,9291368
2018-08-02 00:00:00-04:00,60.55032730102539,60.734229826298964,60.04459169691696,60.55032730102539,7631879
2018-08-03 00:00:00-04:00,60.458378584853286,60.918134917401844,60.22849675897276,60.41239929199219,7354316
2018-08-06 00:00:00-04:00,60.320436356143084,60.596293761912236,60.04458260997946,60.228485107421875,6779285
2018-08-07 00:00:00-04:00,60.320438775760614,60.91812557602885,59.860678854106816,60.50434494018555,11811088
2018-08-08 00:00:00-04:00,60.64227389874508,60.64227389874508,59.63080276833581,59.99861145019531,8429823
2018-08-09 00:00:00-04:00,59.81471503656911,59.90666630713182,59.354955024149135,59.49288558959961,6778847
2018-08-10 00:00:00-04:00,59.354947105120296,59.354947105120296,58.43543086256694,58.71128463745117,10110158
2018-08-13 00:00:00-04:00,58.481392494116875,58.52736811225993,56.96418611658116,57.24003982543945,14001101
2018-08-14 00:00:00-04:00,57.37797929978752,57.92969046326598,56.6423619754125,56.78029251098633,10349974
2018-08-15 00:00:00-04:00,56.412476053770845,56.826260284104734,54.89526964894998,56.182594299316406,13501919
2018-08-16 00:00:00-04:00,56.36651252374142,56.826272471650014,56.13663071998418,56.5504150390625,10847153
2018-08-17 00:00:00-04:00,56.36651252374142,56.73431755438358,56.13663071998418,56.5504150390625,9795746
2018-08-20 00:00:00-04:00,56.41248815257169,56.964199358140824,55.81480131817229,56.5504150390625,7878350
2018-08-21 00:00:00-04:00,56.73431516498778,58.34347308509436,56.68833953809379,58.06761932373047,12091467
2018-08-22 00:00:00-04:00,57.97565925599109,58.021634875895465,57.102115158597535,57.33199691772461,9065575
2018-08-23 00:00:00-04:00,57.056156034859114,57.74579419241924,56.96420476846526,57.65384292602539,7940552
2018-08-24 00:00:00-04:00,57.56188763080768,57.745790150723835,57.3320094809125,57.46993637084961,8068963
2018-08-27 00:00:00-04:00,57.37798407296554,58.75726026659854,57.2400535259175,58.71128463745117,9324212
2018-08-28 00:00:00-04:00,58.71127790048311,59.26298904655006,58.481399781124175,58.66530227661133,12325524
2018-08-29 00:00:00-04:00,58.71128604503383,59.6767815994879,58.251526082931605,59.63080596923828,9971648
2018-08-30 00:00:00-04:00,59.17104458853081,59.63080453961045,58.61933337915642,58.71128463745117,9320414
2018-08-31 00:00:00-04:00,58.5273899294783,59.53886122488097,58.389463023634235,59.49288558959961,10517216
2018-09-04 00:00:00-04:00,59.21703694167602,59.21703694167602,58.0676385691683,58.25154113769531,9355782
2018-09-05 00:00:00-04:00,57.24004921736204,57.8377360108949,56.27455741833551,57.745784759521484,11491355
2018-09-06 00:00:00-04:00,57.46994309633007,58.84921947632444,57.46994309633007,57.51591873168945,8475812
2018-09-07 00:00:00-04:00,56.96419816973631,57.19407630909187,56.41248697567715,57.01017379760742,9570746
2018-09-10 00:00:00-04:00,56.82628054169227,58.38946312273059,56.78030490633289,57.51591873168945,9050656
2018-09-11 00:00:00-04:00,57.194070937390244,57.33200146765488,56.22857552356516,56.68833541870117,8378597
2018-09-12 00:00:00-04:00,56.550410683364376,58.067617296720734,56.22857764673523,57.97566604614258,8385211
2018-09-13 00:00:00-04:00,58.2515262529408,58.61933495561725,57.14810380451748,58.43543243408203,11408558
2018-09-14 00:00:00-04:00,58.15694196130123,59.17805379063339,57.46073069384269,58.853153228759766,14600045
2018-09-17 00:00:00-04:00,58.528244290509335,59.827838881001824,58.48183046188361,58.94597244262695,10573242
2018-09-18 00:00:00-04:00,58.80674404206467,59.17805847150669,58.29618808701457,58.76033020019531,8950101
2018-09-19 00:00:00-04:00,58.574681794757105,60.29200523150159,58.296195015953565,59.688621520996094,12958354
2018-09-20 00:00:00-04:00,58.435422405618404,58.899560737724116,57.36789685280237,57.83203887939453,18430204
2018-09-21 00:00:00-04:00,57.553548432418495,58.29617340984545,56.439609119034955,56.48602294921875,19910349
2018-09-24 00:00:00-04:00,56.16112825932048,56.16112825932048,53.840421731860545,54.49021911621094,31005079
2018-09-25 00:00:00-04:00,54.44381309042171,54.58305461536477,52.07669238844126,52.30876159667969,27896911
2018-09-26 00:00:00-04:00,52.215936589484535,53.65477683776564,52.030281213378835,52.8657341003418,19483739
2018-09-27 00:00:00-04:00,52.77290822287676,54.53664543985497,52.726494377257914,53.515533447265625,17151231
2018-09-28 00:00:00-04:00,53.09779571171037,53.42269255073258,52.215925473962756,52.401580810546875,15978112
2018-10-01 00:00:00-04:00,60.43123598289854,60.663308872876534,55.418508109908984,56.11471939086914,64290209
2018-10-02 00:00:00-04:00,57.1822509765625,57.924879867698415,54.62947109044648,57.1822509765625,31029263
2018-10-03 00:00:00-04:00,57.27506090606556,58.62107304486062,56.99657792909937,57.924861907958984,17311880
2018-10-04 00:00:00-04:00,57.599976764487025,58.85315788393403,57.27507617691437,58.76033020019531,15631315
2018-10-05 00:00:00-04:00,59.78143252626663,61.73082835020542,59.688604857409835,61.173858642578125,31541445
2018-10-08 00:00:00-04:00,62.75193430976576,63.3089002715444,61.54516733693962,63.16966247558594,36025406
2018-10-09 00:00:00-04:00,63.633807116856374,63.958707654749716,62.24138468471136,62.89118576049805,23046331
2018-10-10 00:00:00-04:00,62.148563931264775,63.401748693037725,61.40593510329111,61.638004302978516,19185019
2018-10-11 00:00:00-04:00,60.89537529274737,61.684417910426184,58.760324013597725,59.03881072998047,24238585
2018-10-12 00:00:00-04:00,58.15694908712383,59.5493754871382,56.62528115545422,57.1822509765625,25708943
2018-10-15 00:00:00-04:00,56.85735733947628,58.017710892314824,56.34680133288882,56.39321517944336,13070635
2018-10-16 00:00:00-04:00,56.76450869941537,57.04299538858953,55.69698685862584,56.16112518310547,18046308
2018-10-17 00:00:00-04:00,56.8573517979419,58.29618828987321,56.25396446256629,56.57886505126953,17409325
2018-10-18 00:00:00-04:00,56.34679198486796,57.69280070061972,55.97547757954577,57.460731506347656,17010175
2018-10-19 00:00:00-04:00,56.996593387212954,59.085231058865915,56.903765703048315,58.29618835449219,18108844
2018-10-22 00:00:00-04:00,58.43542951126412,58.62108486668177,57.2286586175887,57.460731506347656,10483914
2018-10-23 00:00:00-04:00,56.39320097510153,59.13163570449897,56.06830043656831,58.89956283569336,17086295
2018-10-24 00:00:00-04:00,58.992388251574816,59.45653024789899,56.34678145866736,56.48602294921875,17394134
2018-10-25 00:00:00-04:00,56.62527969579264,56.99659413178902,54.39740046878878,54.768714904785156,18412572
2018-10-26 00:00:00-04:00,53.79401432047889,54.072497363674515,51.844618240161374,52.448001861572266,24541312
2018-10-29 00:00:00-04:00,53.051387459386746,54.443813810700135,50.73068056835158,51.7982063293457,25007880
2018-10-30 00:00:00-04:00,49.013359513258564,52.9121482990218,45.8107820870455,47.2496223449707,71983559
2018-10-31 00:00:00-04:00,47.24961794242181,48.22431227717862,45.485877243985605,46.87830352783203,42124411
2018-11-01 00:00:00-04:00,46.46057346205514,47.48168529150574,44.27910828854343,44.46476364135742,49320916
2018-11-02 00:00:00-04:00,44.650419148618916,44.83607448671351,42.09763977738557,43.118751525878906,54985507
2018-11-05 00:00:00-05:00,43.58290170321811,44.23269920236318,43.02593189045273,43.07234573364258,25955269
2018-11-06 00:00:00-05:00,43.44365442885813,44.27910719028612,43.44365442885813,43.722137451171875,23563834
2018-11-07 00:00:00-05:00,43.86139593971059,43.907809794728244,42.422559045187064,42.70104217529297,25878418
2018-11-08 00:00:00-05:00,42.42253262564464,43.35081284237941,42.00480449614676,42.236873626708984,33760858
2018-11-09 00:00:00-05:00,40.79805086734636,41.587089861789416,37.82754286529551,39.8233528137207,57077908
2018-11-12 00:00:00-05:00,39.08071725779542,39.21996245190283,35.831726766387504,37.08491134643555,51161628
2018-11-13 00:00:00-05:00,37.22415806316642,42.004816803892155,36.99208517011912,39.96259307861328,42945997
2018-11-14 00:00:00-05:00,40.65879667244501,41.07652484526849,38.01318983721132,38.616573333740234,35507986
2018-11-15 00:00:00-05:00,38.24527260450483,39.91618203463069,37.40981604219829,37.920372009277344,26807841
2018-11-16 00:00:00-05:00,37.502642287804655,38.05961577094281,35.87814676303176,37.224159240722656,36851582
2018-11-19 00:00:00-05:00,37.08490961780889,38.245262782869354,36.15662560796601,36.388694763183594,30898119
2018-11-20 00:00:00-05:00,35.599655970268934,36.48152245530812,34.949854946152136,35.50682830810547,29903260
2018-11-21 00:00:00-05:00,36.15663063798729,36.80642805748101,35.87814391849753,36.24945831298828,17620011
2018-11-23 00:00:00-05:00,36.11021897010558,36.48152969241909,35.04269325448021,35.135520935058594,9070771
2018-11-26 00:00:00-05:00,35.32116821631026,35.92455169652954,33.696673094339516,35.18192672729492,33103782
2018-11-27 00:00:00-05:00,34.76421571670782,35.4140133471769,34.20724579137889,34.53214645385742,23037755
2018-11-28 00:00:00-05:00,34.30006138249682,36.06380193519763,34.20723371014134,35.924556732177734,25938200
2018-11-29 00:00:00-05:00,35.50683180083719,37.1313271319548,34.764203041506114,36.852840423583984,25745417
2018-11-30 00:00:00-05:00,35.553240374268526,35.64606803182388,34.346473437076746,34.810611724853516,39037109
2018-12-03 00:00:00-05:00,34.99627731150134,36.899255732482004,34.94985977951406,36.24945831298828,27268484
2018-12-04 00:00:00-05:00,35.97096968537079,36.249452666998984,33.78950119018555,33.78950119018555,27820875
2018-12-06 00:00:00-05:00,33.418195337358824,34.300061933386104,33.18612245825615,34.11440658569336,23571659
2018-12-07 00:00:00-05:00,33.88233981207255,34.25365053387972,32.443499681608756,32.53632736206055,23887657
2018-12-10 00:00:00-05:00,32.35066757491043,33.046878777529656,31.329555840676104,32.165008544921875,23545806
2018-12-11 00:00:00-05:00,32.67556761258442,33.093295852866696,30.911830669098745,31.375972747802734,25995248
2018-12-12 00:00:00-05:00,31.747285262849207,32.629151834937254,31.097484174590676,31.143898010253906,22080622
2018-12-13 00:00:00-05:00,34.76421432068726,34.8106281713935,33.04689076109267,33.41820526123047,43251895
2018-12-14 00:00:00-05:00,32.861228105209044,33.650267087548094,32.489913687026956,32.95405578613281,26875823
2018-12-17 00:00:00-05:00,32.90762473834485,33.55742185952073,32.53631051432217,33.18610763549805,27069962
2018-12-18 00:00:00-05:00,33.32535919298568,35.41399633314198,33.23253153244295,33.78950119018555,30626065
2018-12-19 00:00:00-05:00,35.50920221491017,36.95001797092938,35.09089931495618,35.60215759277344,45795945
2018-12-20 00:00:00-05:00,35.55568217866064,36.34580664061911,34.20781801470034,34.57964324951172,38050283
2018-12-21 00:00:00-05:00,34.02188578066564,34.626099093769376,32.99936980477711,33.23175811767578,38738388
2018-12-24 00:00:00-05:00,32.81346817494366,33.13881563868906,32.06982158582812,32.162776947021484,14608516
2018-12-26 00:00:00-05:00,32.4881114244682,34.440188027510224,31.46559546092877,34.34722900390625,27092394
2018-12-27 00:00:00-05:00,33.371202202991626,33.78950500488281,32.30221190859836,33.78950500488281,24993253
2018-12-28 00:00:00-05:00,33.4176791761563,35.555666882293565,33.4176791761563,34.904972076416016,25388083
2018-12-31 00:00:00-05:00,34.951464804881816,35.41624542377132,34.161340342468314,35.18385696411133,22610937
2019-01-02 00:00:00-05:00,34.67258597347216,38.01900076620418,34.44019759879695,37.41478729248047,26991297
2019-01-03 00:00:00-05:00,37.275347269732364,38.11195266063809,36.15987588156971,37.46125793457031,25654795
2019-01-04 00:00:00-05:00,38.065477967506865,38.39082538757217,37.08943940687908,38.25139236450195,25056937
2019-01-07 00:00:00-05:00,39.73868943045143,40.85416102503587,38.53025878667815,40.621768951416016,37493322
2019-01-08 00:00:00-05:00,41.41189743523412,42.01611091627918,39.599253292530705,39.7851676940918,30669237
2019-01-09 00:00:00-05:00,39.599245769127,40.71471716829389,38.01899400371266,39.506290435791016,24268716
2019-01-10 00:00:00-05:00,39.50629804105983,41.59780824202156,39.45982036544452,41.55133056640625,23441412
2019-01-11 00:00:00-05:00,41.225983137530875,41.59780824202156,40.528814303733036,41.55133056640625,16832625
2019-01-14 00:00:00-05:00,40.947118500586974,41.83019806740011,40.71472641490158,41.365421295166016,17043123
2019-01-15 00:00:00-05:00,41.411896213351476,41.50485156160521,40.43585765755104,40.57529067993164,19626381
2019-01-16 00:00:00-05:00,40.482338939930536,41.83019900888274,40.24994684901463,41.73724365234375,17583057
2019-01-17 00:00:00-05:00,41.365427978079154,42.71328823445226,40.66825530795753,42.480899810791016,22074822
2019-01-18 00:00:00-05:00,42.89919796027361,42.99215702711174,41.969640588012126,42.109073638916016,19350175
2019-01-22 00:00:00-05:00,41.737247343809166,41.783725026189394,39.78517358513326,40.24995040893555,22571396
2019-01-23 00:00:00-05:00,40.38937998342417,41.08654879489529,40.017554890841126,40.57529067993164,15104193
2019-01-24 00:00:00-05:00,40.11051692438136,41.690769206782456,40.0175615606346,40.80768585205078,18848780
2019-01-25 00:00:00-05:00,41.133025931847065,42.806233277267445,41.08654825832717,42.57384490966797,23434130
2019-01-28 00:00:00-05:00,41.7372445057181,41.83019986415769,40.66825048452584,41.50485610961914,19120938
2019-01-29 00:00:00-05:00,41.365421295166016,42.43441157087279,40.20346826587572,41.365421295166016,23885070
2019-01-30 00:00:00-05:00,41.73724702626805,43.13158858577292,41.27246650643309,42.29498291015625,18035624
2019-01-31 00:00:00-05:00,46.19913649459201,50.05680989103526,45.362530842559195,47.221649169921875,72747847
2019-02-01 00:00:00-05:00,47.407557844759296,48.476551770771536,46.292086243665494,47.361080169677734,33002372
2019-02-04 00:00:00-05:00,47.73291044437448,48.058257929999066,46.942786121527455,47.454044342041016,21543088
2019-02-05 00:00:00-05:00,47.63994610853587,49.49906790571465,47.26812100918648,49.40610885620117,21455283
2019-02-06 00:00:00-05:00,49.592028962094695,50.70750068892932,48.47655723526007,48.66246795654297,25140965
2019-02-07 00:00:00-05:00,48.43008175058171,48.52303711543741,46.3385712430532,46.756874084472656,22682446
2019-02-08 00:00:00-05:00,46.52447827109845,46.94278107923613,44.340012572518724,45.59491729736328,24736786
2019-02-11 00:00:00-05:00,45.873781359244894,47.175163600831866,45.687866967898174,46.617427825927734,14749801
2019-02-12 00:00:00-05:00,46.80335074488288,47.17517219618646,46.05970044313834,46.385047912597656,14005879
2019-02-13 00:00:00-05:00,46.38504836490995,48.43008116529602,46.245615319311455,48.197689056396484,20644401
2019-02-14 00:00:00-05:00,47.825866854006975,47.87234453514675,46.24561459654868,46.66391372680664,19486347
2019-02-15 00:00:00-05:00,47.035738125424324,47.7793847113706,46.75687204303271,46.896305084228516,16347527
2019-02-19 00:00:00-05:00,46.61743764327134,47.175173535631195,46.245616181410625,47.082218170166016,13264315
2019-02-20 00:00:00-05:00,46.89629805288833,47.08220874660845,46.524472965880044,46.94277572631836,10151119
2019-02-21 00:00:00-05:00,46.617427825927734,47.40755566512326,46.4779948070937,46.617427825927734,10335701
2019-02-22 00:00:00-05:00,46.710391496152155,47.31460500382377,46.43152173130536,47.268123626708984,10587786
2019-02-25 00:00:00-05:00,53.77505188617794,54.611653864169526,50.10328910056315,50.28919982910156,60560499
2019-02-26 00:00:00-05:00,52.155753244962845,52.687458915518064,50.89898766079887,51.52737045288086,20864323
2019-02-27 00:00:00-05:00,52.349108167640985,52.832479051597296,51.430704967951584,52.59079360961914,21835966
2019-02-28 00:00:00-05:00,52.300766378498906,52.4457783746691,49.932250672804535,50.22227096557617,18230265
2019-03-01 00:00:00-05:00,50.51228769582069,50.85064650519316,48.57880455704288,49.64221954345703,17856700
2019-03-04 00:00:00-05:00,49.883903365614,50.85064490457289,49.40053259613456,50.173927307128906,13996993
2019-03-05 00:00:00-05:00,50.17392747594237,51.0923304612161,46.306957607528055,47.8054084777832,35870538
2019-03-06 00:00:00-05:00,44.76017048227719,46.59698024685687,43.74509403049221,44.03511428833008,41286543
2019-03-07 00:00:00-05:00,43.89010251019844,45.6785774230957,43.841767650122065,45.6785774230957,25577378
2019-03-08 00:00:00-05:00,45.146314571460344,46.83990480496078,44.90437310953171,46.356021881103516,17559457
2019-03-11 00:00:00-04:00,45.7269652468022,48.485100387454445,45.1463065816339,47.90443801879883,21277594
2019-03-12 00:00:00-04:00,48.0496089960508,49.06576455159493,46.743125927128155,47.22700881958008,19937161
2019-03-13 00:00:00-04:00,47.081848469640946,48.6302768612187,46.936682844994515,48.485111236572266,14880115
2019-03-14 00:00:00-04:00,49.8399772644043,50.807743022191495,49.3560943855107,49.8399772644043,26859385
2019-03-15 00:00:00-04:00,49.791588914243164,50.56580302393405,47.904443410679534,48.19477462768555,37959266
2019-03-18 00:00:00-04:00,48.33993509763861,49.888363152422,48.24315927008648,49.3560905456543,18387845
2019-03-19 00:00:00-04:00,49.45287053081334,50.03352924843065,49.06576348457259,49.30770492553711,10970991
2019-03-20 00:00:00-04:00,49.017380171485975,49.98514976630495,48.96899409901231,49.452877044677734,9704794
2019-03-21 00:00:00-04:00,49.35609170383653,49.98514015291752,49.01737074422471,49.69480895996094,10135942
2019-03-22 00:00:00-04:00,49.45287082832605,49.54964666459654,48.00122217380572,48.29154968261719,16364625
2019-03-25 00:00:00-04:00,48.194777672564044,49.01737790140151,47.46895328768017,47.80767059326172,9977198
2019-03-26 00:00:00-04:00,48.146375919131906,49.114145228332745,48.04960009925794,48.8722038269043,9555279
2019-03-27 00:00:00-04:00,48.77543706169757,49.25931995438245,47.904443410679534,48.19477462768555,11064769
2019-03-28 00:00:00-04:00,48.19476964786487,48.43671106920822,47.42055561817119,47.85605239868164,9068655
2019-03-29 00:00:00-04:00,48.29154934788797,48.53349078863103,48.00122184108889,48.33993911743164,9734708
2019-04-01 00:00:00-04:00,48.48509684392137,49.01736570497173,48.3883210240474,48.8722038269043,10301888
2019-04-02 00:00:00-04:00,48.678658323020265,49.74320366727018,48.581882483585126,49.54964828491211,10382584
2019-04-03 00:00:00-04:00,49.64641408938311,49.74319361274412,48.3883210240474,48.8722038269043,11263640
2019-04-04 00:00:00-04:00,48.872210196228565,48.96898602871495,48.243161729835755,48.53348922729492,8232943
2019-04-05 00:00:00-04:00,48.727041540407974,49.0657587846154,48.29154476629503,48.436710357666016,8678979
2019-04-08 00:00:00-04:00,46.01730414382277,46.16246976031704,44.27532415286741,45.92052459716797,35313691
2019-04-09 00:00:00-04:00,45.24308889533138,45.53341641779773,44.13015746715743,44.61404037475586,16687089
2019-04-10 00:00:00-04:00,44.75920440408921,44.80759047104438,43.93660052748649,44.323707580566406,10808576
2019-04-11 00:00:00-04:00,44.13015365600586,44.80758818674418,44.033374120053935,44.13015365600586,10997856
2019-04-12 00:00:00-04:00,44.27532388633274,44.5656514140856,43.50110973868266,43.54949951171875,13735824
2019-04-15 00:00:00-04:00,43.59787860508747,43.79143396277279,42.53333710002384,43.45271301269531,16642146
2019-04-16 00:00:00-04:00,43.7430458536349,44.4688701395888,43.501104424983595,44.2269287109375,12085548
2019-04-17 00:00:00-04:00,44.32370532093466,44.42048115339905,43.83982245512514,44.13015365600586,9643619
2019-04-18 00:00:00-04:00,44.17853871062081,45.24308395385742,44.033373113498776,45.24308395385742,10334612
2019-04-22 00:00:00-04:00,44.7592021981677,45.24308506479789,44.42048122873655,45.09791946411133,13467232
2019-04-23 00:00:00-04:00,45.001147101742056,45.33986439380583,44.61404003788867,45.14631271362305,8126706
2019-04-24 00:00:00-04:00,45.0495296960533,45.24308506479789,44.56564682942311,45.09791946411133,5775345
2019-04-25 00:00:00-04:00,44.61403652181538,44.66242628979134,43.45271542178002,44.13015365600586,12515311
2019-04-26 00:00:00-04:00,44.13015927299251,46.40440829107131,44.08176949885739,46.30763244628906,14905235
2019-04-29 00:00:00-04:00,46.307630202120116,47.13023410162403,46.16246829372561,47.081844329833984,13243923
2019-04-30 00:00:00-04:00,49.50126492296715,50.95291370431324,48.194778056965276,49.210933685302734,35549901
2019-05-01 00:00:00-04:00,49.114145228332745,50.42062805534896,48.82381406522379,48.8722038269043,19938144
2019-05-02 00:00:00-04:00,49.11414348990522,50.32385045422909,48.775426280591915,49.598026275634766,15895597
2019-05-03 00:00:00-04:00,49.839973571727704,50.8077392578125,49.54964238450733,50.8077392578125,13806910
2019-05-06 00:00:00-04:00,49.54964873126513,50.75935599382114,49.40448311906084,50.46902847290039,8754137
2019-05-07 00:00:00-04:00,50.033520624323636,50.13029644333099,48.67864804775958,48.920589447021484,11415060
2019-05-08 00:00:00-04:00,48.77543708425428,49.59803726150144,48.77543708425428,49.162540435791016,9500004
2019-05-09 00:00:00-04:00,48.92059592523259,49.404478787833604,48.48510283028667,48.581878662109375,11937839
2019-05-10 00:00:00-04:00,48.48509565396608,49.25930960093063,47.2753886765133,49.017364501953125,12666230
2019-05-13 00:00:00-04:00,47.66249400388941,48.727039152789146,47.51732841963152,47.759273529052734,12065484
2019-05-14 00:00:00-04:00,48.09799666756917,50.08191792143366,47.95283106547146,49.93675231933594,14148995
2019-05-15 00:00:00-04:00,49.114150605818246,50.27546797843208,48.96898500836965,49.646419525146484,10777477
2019-05-16 00:00:00-04:00,49.45286123592829,49.791578448917676,48.67864728896374,49.017364501953125,10935800
2019-05-17 00:00:00-04:00,48.43671843647919,49.16254281090784,48.29155282089588,48.38833236694336,7436095
2019-05-20 00:00:00-04:00,47.952836210936084,48.67866059581996,47.32378767000581,47.80767059326172,10474656
2019-05-21 00:00:00-04:00,48.19477462768555,48.19477462768555,47.42056051799466,48.19477462768555,12121141
2019-05-22 00:00:00-04:00,48.146379437909566,48.96898322567591,47.807662191851996,47.90443801879883,10361698
2019-05-23 00:00:00-04:00,47.46895024199768,47.565726079741985,45.82374618639367,46.25924301147461,11404487
2019-05-24 00:00:00-04:00,46.54956697117204,46.839898165729146,45.678577090988156,45.726966857910156,9536881
2019-05-28 00:00:00-04:00,45.5334263392806,46.162478700411015,44.855991602428645,45.29148483276367,14488312
2019-05-29 00:00:00-04:00,45.04952402923965,45.436631014546826,44.275313762112354,45.3398551940918,8945986
2019-05-30 00:00:00-04:00,45.33984774251365,46.01728578133642,44.95274082082727,45.82373046875,10138450
2019-05-31 00:00:00-04:00,45.1946945643074,45.82374302142969,45.00114290218706,45.6785774230957,9297080
2019-06-03 00:00:00-04:00,45.00114710195276,46.162468293518344,44.75920564997924,46.114078521728516,9484896
2019-06-04 00:00:00-04:00,46.50118677133614,48.38833236694336,46.40440722528866,48.38833236694336,12320032
2019-06-05 00:00:00-04:00,48.727042256215185,48.82381808405506,47.51733144601106,47.85605239868164,8258886
2019-06-06 00:00:00-04:00,47.85604749510141,48.38832004891231,47.275388884072136,48.00121307373047,7730128
2019-06-07 00:00:00-04:00,47.90444263404756,48.6302706647954,47.517335585477944,48.29154968261719,8243075
2019-06-10 00:00:00-04:00,48.63026428222656,50.081912746222606,48.388322871560554,48.63026428222656,10486695
2019-06-11 00:00:00-04:00,48.8722144849489,49.356097393330906,48.194776191121385,48.968990325927734,7816341
2019-06-12 00:00:00-04:00,48.775421474581755,50.275455740447676,48.485090350356586,49.743186950683594,11029015
2019-06-13 00:00:00-04:00,50.130304433555885,50.90451851599007,49.59803549243403,49.88836669921875,12462684
2019-06-14 00:00:00-04:00,49.743188783947964,50.033516215386484,49.259306028063754,49.50124740600586,6892891
2019-06-17 00:00:00-04:00,49.35608851422458,49.54964016136252,48.48509869512952,48.63026428222656,9239377
2019-06-18 00:00:00-04:00,48.92059683988481,50.4690249919485,48.823821006252714,50.42063522338867,14759552
2019-06-19 00:00:00-04:00,50.662575837909856,51.34001406932751,49.98514130997972,50.03352737426758,12161930
2019-06-20 00:00:00-04:00,50.662580151604075,51.77551157381121,50.662580151604075,51.43679428100586,13234293
2019-06-21 00:00:00-04:00,51.63035178885043,51.823907194790344,50.56581001838978,50.710975646972656,13156947
2019-06-24 00:00:00-04:00,50.61417661987255,50.95289379581089,49.69479719548388,49.743186950683594,7343060
2019-06-25 00:00:00-04:00,49.646428741548654,49.74320829347224,48.87221825057686,49.452877044677734,7121838
2019-06-26 00:00:00-04:00,49.45286753365959,50.27546764238669,49.35609170383653,49.69480895996094,6847327
2019-06-27 00:00:00-04:00,49.54965359246427,50.5174194974543,49.54965359246427,50.32386779785156,6677849
2019-06-28 00:00:00-04:00,50.32386250972682,50.85664749145508,50.226993524063246,50.85664749145508,8832104
2019-07-01 00:00:00-04:00,51.43785745357862,51.92220972388298,51.00194522947208,51.48629379272461,8010518
2019-07-02 00:00:00-04:00,51.48629874004046,51.922214713085985,51.19568809134345,51.437862396240234,6043516
2019-07-03 00:00:00-04:00,51.63159381247498,51.63159381247498,51.050376337539056,51.38941955566406,4449238
2019-07-05 00:00:00-04:00,51.05038916983462,51.09882180914022,50.226993524063246,50.85664749145508,6072809
2019-07-08 00:00:00-04:00,50.46916498141366,50.51760132502652,49.1129881378276,49.40359878540039,9659269
2019-07-09 00:00:00-04:00,49.01611335475105,49.839505149324964,48.62863377287752,49.64576721191406,7113732
2019-07-10 00:00:00-04:00,49.839511049707404,50.51760132502652,49.30672980522685,49.40359878540039,7845233
2019-07-11 00:00:00-04:00,49.50045911378259,49.9363750089515,48.91924162727556,48.967674255371094,6755455
2019-07-12 00:00:00-04:00,49.306732635735514,50.32386254652543,49.11299095721431,50.226993560791016,7864053
2019-07-15 00:00:00-04:00,49.64577627727806,50.08168856957643,49.40360195776732,49.742645263671875,8445819
2019-07-16 00:00:00-04:00,49.54890959436239,50.37230157756708,49.45203689641266,50.27543258666992,7931808
2019-07-17 00:00:00-04:00,50.226993676715345,50.226993676715345,48.33803176879883,48.33803176879883,10770776
2019-07-18 00:00:00-04:00,48.48333153822364,49.35515972591565,48.241157247589854,48.72550582885742,9059787
2019-07-19 00:00:00-04:00,48.822380887360694,49.355162128458915,48.58020287788605,48.628639221191406,6952842
2019-07-22 00:00:00-04:00,48.677082162712736,49.548910511021184,48.677082162712736,49.4520378112793,8692963
2019-07-23 00:00:00-04:00,49.79108626855345,51.728481005890515,49.74264991729893,51.58317565917969,14906960
2019-07-24 00:00:00-04:00,51.244113710808854,51.82533117951388,51.05037579025765,51.72846221923828,9008083
2019-07-25 00:00:00-04:00,51.48629433519784,51.6800322797194,50.178550234995804,50.51759719848633,9253562
2019-07-26 00:00:00-04:00,50.71134482875635,51.098824498859045,50.37230150756122,50.905086517333984,5420359
2019-07-29 00:00:00-04:00,50.85665023910543,51.244129909746626,50.27543258666992,50.27543258666992,7497670
2019-07-30 00:00:00-04:00,50.32386016111517,51.244124749601426,49.79107891130417,50.953514099121094,9091748
2019-07-31 00:00:00-04:00,52.115957564311714,52.26126290229447,48.67708062928084,50.61447525024414,34604621
2019-08-01 00:00:00-04:00,50.22699343796019,50.808211057997674,48.3380315390229,48.822383880615234,17640313
2019-08-02 00:00:00-04:00,48.48333482834437,48.82238182388126,47.56307023725488,48.43490219116211,12900213
2019-08-05 00:00:00-04:00,47.417762686701074,47.514631655999516,46.54593454891162,46.788108825683594,14093359
2019-08-06 00:00:00-04:00,47.03029372143942,47.224031703780454,45.916291055347,46.352203369140625,13321830
2019-08-07 00:00:00-04:00,45.722539554010844,45.867844863110754,44.70540980441503,45.81941223144531,15406967
2019-08-08 00:00:00-04:00,46.061594373658174,46.15846336057643,45.14132973030375,45.9647216796875,9912773
2019-08-09 00:00:00-04:00,45.867842894982445,45.91627923162134,44.17262301134393,44.317928314208984,15393002
2019-08-12 00:00:00-04:00,43.78515130114858,44.02732561372296,43.349235314283334,43.833587646484375,13156727
2019-08-13 00:00:00-04:00,44.70541494170376,46.44906773011788,44.60854225313723,45.2866325378418,14852407
2019-08-14 00:00:00-04:00,44.75384696909455,45.044457616729666,43.397670125217644,43.73671340942383,17895704
2019-08-15 00:00:00-04:00,41.36340873538356,41.79932476721771,37.05270330263788,38.79636001586914,80465058
2019-08-16 00:00:00-04:00,40.73373960974949,42.622700966382446,40.54000169437492,42.57426834106445,49935166
2019-08-19 00:00:00-04:00,43.01019081823488,43.05862716221945,41.70245030822576,41.99305725097656,22398591
2019-08-20 00:00:00-04:00,41.55714088381775,41.65400985517881,40.34626947417495,40.588443756103516,20525588
2019-08-21 00:00:00-04:00,40.491573734443925,41.07279125458608,39.42600395595628,39.52287292480469,17105978
2019-08-22 00:00:00-04:00,39.61974984007933,40.24940382445955,39.28070652758304,39.66818618774414,13672704
2019-08-23 00:00:00-04:00,39.183836796844986,39.23226943653962,37.58548554587405,38.60261917114258,25801529
2019-08-26 00:00:00-04:00,39.038533502820194,39.23227148582336,38.3604431482039,38.9901008605957,11634356
2019-08-27 00:00:00-04:00,39.18383375724106,39.28070273616832,38.31200553279149,38.40887451171875,13255982
2019-08-28 00:00:00-04:00,38.360437039772,38.69948401661735,37.585481524108936,38.45730972290039,11576392
2019-08-29 00:00:00-04:00,38.94167254862463,39.71663205468907,38.747930818581835,39.28071594238281,11785596
2019-08-30 00:00:00-04:00,39.42600868696029,40.00722627684683,39.2807033627256,39.95879364013672,9494847
2019-09-03 00:00:00-04:00,39.23225789447417,40.63687075932699,39.135388936531186,40.34626388549805,13572847
2019-09-04 00:00:00-04:00,40.73374937228583,42.96175446832927,40.68531673536013,42.622711181640625,18790362
2019-09-05 00:00:00-04:00,43.542978504550995,44.705417469610424,42.6227138604974,42.67115020751953,17433537
2019-09-06 00:00:00-04:00,42.7195830409161,42.7195830409161,41.50870782842732,42.186798095703125,8596517
2019-09-09 00:00:00-04:00,42.38053717163282,43.833586723536335,42.28366819005317,43.39767074584961,10023906
2019-09-10 00:00:00-04:00,43.1554944141801,44.899150829036905,43.107058072136056,44.26949691772461,12563304
2019-09-11 00:00:00-04:00,44.317937824796196,45.33506774902344,43.88202182265387,45.33506774902344,11455328
2019-09-12 00:00:00-04:00,45.52880203558224,46.110019570321626,44.656973879947245,44.850711822509766,13666384
2019-09-13 00:00:00-04:00,45.14164313736012,45.82046654073896,44.31736102209876,45.287105560302734,9146903
2019-09-16 00:00:00-04:00,45.09315765998936,45.67500363454365,44.46282297461384,45.481056213378906,9178805
2019-09-17 00:00:00-04:00,45.09315784654152,45.52954140149756,44.850721713552595,45.38407897949219,7614962
2019-09-18 00:00:00-04:00,45.14164265975051,45.52954121314006,44.511307974375,45.481056213378906,8079777
2019-09-19 00:00:00-04:00,45.33558185446912,46.062890058916366,45.28709315641567,45.674991607666016,6808664
2019-09-20 00:00:00-04:00,45.86894715887191,46.256845647924,45.28709756976405,45.432559967041016,11542705
2019-09-23 00:00:00-04:00,44.70525957959237,45.52954169485373,44.608285867983994,45.287105560302734,6723554
2019-09-24 00:00:00-04:00,45.14164441639291,45.33559555616513,43.44459142645205,43.493080139160156,10702559
2019-09-25 00:00:00-04:00,43.444581372841604,44.608276809000884,43.3476076809265,44.41432571411133,8799802
2019-09-26 00:00:00-04:00,44.511297361130026,44.65675974784966,43.44457937695136,43.735504150390625,7469661
2019-09-27 00:00:00-04:00,43.832481384277344,44.46281597035581,43.59004529048251,43.832481384277344,6121624
2019-09-30 00:00:00-04:00,44.02642232296125,44.12339600405612,43.34760284423828,43.34760284423828,7040620
2019-10-01 00:00:00-04:00,43.444580644961086,43.832479117181904,41.26265591366067,41.747528076171875,13799506
2019-10-02 00:00:00-04:00,41.5050932541382,41.7960143338356,40.77778127724621,41.262657165527344,9534413
2019-10-03 00:00:00-04:00,41.214169714025985,42.23240280151367,40.00198923418804,42.23240280151367,11762643
2019-10-04 00:00:00-04:00,41.74752851678275,42.18391198322479,41.40811503059525,41.5535774230957,10487838
2019-10-07 00:00:00-04:00,41.45660391944352,41.94147608926703,41.11719414277894,41.50509262084961,6454560
2019-10-08 00:00:00-04:00,41.1171977324136,41.214171432632476,40.0989646024662,40.14745330810547,9129448
2019-10-09 00:00:00-04:00,40.292907279160374,40.58383205677008,39.953497512655204,40.48685836791992,6589067
2019-10-10 00:00:00-04:00,40.43836843950251,41.31113903475881,40.29290605511661,40.97172927856445,6128666
2019-10-11 00:00:00-04:00,41.65055574729448,43.25063467809437,41.60206704503472,42.668785095214844,11202546
2019-10-14 00:00:00-04:00,42.86273720031061,42.911222192650186,41.8929891097457,42.280887603759766,6832219
2019-10-15 00:00:00-04:00,42.37786295427509,43.25063359569278,41.747528395970114,43.10517120361328,7791583
2019-10-16 00:00:00-04:00,42.95970862463669,43.97794165370405,42.86273493402535,43.153656005859375,11605123
2019-10-17 00:00:00-04:00,43.25063550138163,44.07491747807218,43.05668439971007,43.832481384277344,6552993
2019-10-18 00:00:00-04:00,43.687027664171325,44.12341123526538,43.3961028094018,43.4445915222168,7827417
2019-10-21 00:00:00-04:00,43.59004855548154,44.22038318877358,42.474841698281736,42.620304107666016,12155530
2019-10-22 00:00:00-04:00,42.523323241659234,43.9294548034668,41.74752997302766,43.9294548034668,11459381
2019-10-23 00:00:00-04:00,43.54155908062728,44.36584481557852,43.29912297294978,44.31735610961914,9547274
2019-10-24 00:00:00-04:00,44.220377097121805,44.36583948646767,43.05668169341412,43.39609146118164,6848069
2019-10-25 00:00:00-04:00,43.25063982949487,44.07492188867173,43.25063982949487,43.6385383605957,8458780
2019-10-28 00:00:00-04:00,43.73550732861287,44.22037951220744,43.59004493132261,43.977943420410156,6371196
2019-10-29 00:00:00-04:00,43.68701862582963,44.317353206714465,43.29912013674208,43.977943420410156,9180931
2019-10-30 00:00:00-04:00,47.420539422678786,50.28128765404091,47.081129621957075,49.0206184387207,43326155
2019-10-31 00:00:00-04:00,48.72969901537425,49.50549234207122,47.808439569155695,48.39028549194336,17381933
2019-11-01 00:00:00-04:00,48.87516754852915,50.3782693948338,48.77819012336223,50.32978439331055,16462897
2019-11-04 00:00:00-05:00,50.52371735973122,53.093544169869276,50.52371735973122,52.99656677246094,19618249
2019-11-05 00:00:00-05:00,52.948096545338856,53.19053268432617,51.978351989389616,53.19053268432617,14321783
2019-11-06 00:00:00-05:00,52.99657708487605,53.820862856886876,52.317757437283454,53.43296432495117,15650118
2019-11-07 00:00:00-05:00,53.820859315205254,54.88757742453817,53.77237061025664,54.74211502075195,14261713
2019-11-08 00:00:00-05:00,54.451198479149646,56.002788923522694,54.01481123128665,55.85732650756836,12535897
2019-11-11 00:00:00-05:00,55.27548668690843,55.76035898650654,54.49968952312732,55.033050537109375,9144135
2019-11-12 00:00:00-05:00,54.88757577683729,56.14824495706031,54.74211337741779,55.3724479675293,9819738
2019-11-13 00:00:00-05:00,54.74211502075195,55.081528533273,54.2087578216153,54.74211502075195,10830626
2019-11-14 00:00:00-05:00,54.2087578216153,55.03303982832439,54.2087578216153,54.74211502075195,6177722
2019-11-15 00:00:00-05:00,54.98455572290229,56.002788923522694,54.93607072495747,55.85732650756836,7671582
2019-11-18 00:00:00-05:00,55.32396650377835,55.76035001881084,54.93606798427183,55.469425201416016,10226930
2019-11-19 00:00:00-05:00,55.42093188234152,56.00277771868527,54.59664997159962,55.76034164428711,9396375
2019-11-20 00:00:00-05:00,55.469418196894175,55.71185798814841,54.59665127703974,55.22698211669922,9367744
2019-11-21 00:00:00-05:00,54.936066885965595,56.34219481612257,54.83908947473297,55.90581130981445,8364300
2019-11-22 00:00:00-05:00,55.71186362994469,56.82707045398747,55.71186362994469,56.002784729003906,7720858
2019-11-25 00:00:00-05:00,56.53614143134228,57.40891208560879,56.09975795973871,56.14824295043945,11378143
2019-11-26 00:00:00-05:00,56.342205003812204,56.58464115361126,54.83909939063393,55.033050537109375,12879647
2019-11-27 00:00:00-05:00,55.22698722599961,55.614885732409654,54.59665632802535,54.74211502075195,9128706
2019-11-29 00:00:00-05:00,54.69362267059487,55.08152112483275,54.40269790215168,54.64513397216797,4562336
2019-12-02 00:00:00-05:00,54.83909427015827,55.85732748866322,54.01481218001902,54.111785888671875,13785963
2019-12-03 00:00:00-05:00,53.335990997301025,53.869348235310916,52.414731513549576,53.28750228881836,12850515
2019-12-04 00:00:00-05:00,54.16027422696195,54.20876293648572,52.70565747396855,52.85111618041992,8777551
2019-12-05 00:00:00-05:00,52.80262888271654,53.142038701423736,52.17229424165472,52.31775665283203,9484775
2019-12-06 00:00:00-05:00,52.85110990382073,53.86934299441471,52.60867380711354,53.820858001708984,10151591
2019-12-09 00:00:00-05:00,53.239013580335694,53.966321941216364,53.19052858291291,53.28750228881836,5356135
2019-12-10 00:00:00-05:00,53.287505810391,53.48145323501915,52.948095961761666,53.38447952270508,4971956
2019-12-11 00:00:00-05:00,53.19053268432617,53.77237867568368,53.09355897094328,53.19053268432617,7365872
2019-12-12 00:00:00-05:00,55.03304168638353,56.09976354279138,54.4996807581796,55.469425201416016,20039606
2019-12-13 00:00:00-05:00,55.76034361124109,56.24521577714135,54.93606167142252,54.98454666137695,10560930
2019-12-16 00:00:00-05:00,54.693635468880935,55.081534013886895,53.96632337758226,54.160274505615234,11137921
2019-12-17 00:00:00-05:00,54.063294098416165,54.451192595359565,53.72388059417849,53.820858001708984,8376439
2019-12-18 00:00:00-05:00,53.43296508353252,54.01481103416655,52.94809283949417,53.14204025268555,15133639
2019-12-19 00:00:00-05:00,53.23901291897839,54.063298686584766,53.23901291897839,53.529937744140625,9090163
2019-12-20 00:00:00-05:00,53.77258983301495,54.06377840307053,52.89902783727239,53.52993392944336,14775102
2019-12-23 00:00:00-05:00,53.38434995153709,54.20937938268261,53.38434995153709,54.16084671020508,8834673
2019-12-24 00:00:00-05:00,53.86966684012546,54.354978752441006,53.82113416312391,54.30644607543945,4167022
2019-12-26 00:00:00-05:00,54.2579048591422,54.50056076049805,54.015245243362195,54.50056076049805,6092672
2019-12-27 00:00:00-05:00,54.20937519869995,54.40349844477798,54.01524823819755,54.25790786743164,6013441
2019-12-30 00:00:00-05:00,53.7240578731669,54.16083698937262,53.52993093252348,53.772586822509766,9659851
2019-12-31 00:00:00-05:00,53.38434995153709,54.16084671020508,53.1902229760516,54.16084671020508,11367670
2020-01-02 00:00:00-05:00,54.50056779690978,58.04334515698779,54.50056779690978,57.89775085449219,17540015
2020-01-03 00:00:00-05:00,56.150622175981724,58.23746363550284,55.95649522950064,58.09186935424805,17231837
2020-01-06 00:00:00-05:00,57.460968922748364,59.25662199614472,57.460968922748364,58.91690444946289,22461009
2020-01-07 00:00:00-05:00,58.96542957802036,59.40220869440268,57.849211740747336,58.48011779785156,14160793
2020-01-08 00:00:00-05:00,58.188937357022375,58.48012595149246,57.606563882506705,57.94628143310547,11115771
2020-01-09 00:00:00-05:00,58.577186308035266,58.67424793261252,57.412435669834906,57.80068588256836,7900488
2020-01-10 00:00:00-05:00,57.460965983505666,57.800683512810274,56.247686439971886,56.63593292236328,11767739
2020-01-13 00:00:00-05:00,56.975650143973375,58.96542994067268,56.68446158831162,58.8198356628418,13274420
2020-01-14 00:00:00-05:00,59.01395898823206,59.159553266304464,58.18892969838713,58.383056640625,9034667
2020-01-15 00:00:00-05:00,58.33453133589302,58.33453133589302,57.41243660138647,57.606563568115234,9239517
2020-01-16 00:00:00-05:00,57.94627985217129,58.14040310023879,57.363906393544376,57.460968017578125,7358067
2020-01-17 00:00:00-05:00,57.509495710850224,57.89774591289295,57.07271655506735,57.315372467041016,9345794
2020-01-21 00:00:00-05:00,56.97565637028299,57.26684495776588,56.344750240352994,56.587406158447266,8775485
2020-01-22 00:00:00-05:00,56.830070655352024,56.830070655352024,55.0829462955655,55.18000793457031,12428998
2020-01-23 00:00:00-05:00,56.927119289530594,57.50949270494302,56.296213208490414,57.12124252319336,14679157
2020-01-24 00:00:00-05:00,57.65508838623353,57.70362105303879,56.393276193539,56.83005905151367,11912960
2020-01-27 00:00:00-05:00,55.56824702241689,56.247685787569736,55.22852949705258,55.51971435546875,9602991
2020-01-28 00:00:00-05:00,55.90796767589735,57.3639069071366,55.66531175642822,56.9271240234375,12625782
2020-01-29 00:00:00-05:00,61.003739909695796,63.090585076390454,60.615493446930735,62.79939651489258,44278356
2020-01-30 00:00:00-05:00,62.55674717032409,63.04205901403356,60.66402875120245,61.78024673461914,19154638
2020-01-31 00:00:00-05:00,61.537593303249295,61.828781907029445,59.887530739202795,60.4213752746582,15646447
2020-02-03 00:00:00-05:00,60.46989491026995,61.53758003657764,59.45073873118035,59.499271392822266,10105766
2020-02-04 00:00:00-05:00,60.61550124203322,61.24640368237201,60.13018567231755,61.05228042602539,8905297
2020-02-05 00:00:00-05:00,61.92583636442156,62.41115188598633,61.00374170219996,62.41115188598633,10046658
2020-02-06 00:00:00-05:00,62.79940205356232,63.09059064074193,62.26555754854117,62.84793472290039,12763278
2020-02-07 00:00:00-05:00,63.18763957713434,63.52736078540737,62.16848709558692,62.26554870605469,13369743
2020-02-10 00:00:00-05:00,62.314094940878206,62.944997403544946,61.974377373036575,62.65381622314453,6720424
2020-02-11 00:00:00-05:00,62.84794466391243,62.99353526610671,62.022911441211534,62.362632751464844,8202487
2020-02-12 00:00:00-05:00,62.847928267157386,64.35239628900565,62.50820704553589,63.86708450317383,13184414
2020-02-13 00:00:00-05:00,63.478831539155514,63.867085430768746,62.605273283510044,62.79939651489258,10234936
2020-02-14 00:00:00-05:00,62.944983693752974,63.430302889363475,61.877302264183605,62.26554870605469,7416954
2020-02-18 00:00:00-05:00,61.68318093883068,62.847931513648156,61.489057700239876,61.8773078918457,8820688
2020-02-19 00:00:00-05:00,61.63464364371359,62.799394131067835,61.100802920463835,61.1978645324707,11010597
2020-02-20 00:00:00-05:00,61.391993343024346,61.53758763149539,60.22724646410457,60.80961990356445,7937566
2020-02-21 00:00:00-05:00,60.421360488687284,60.469893148915546,59.30514273325064,59.45073699951172,8611565
2020-02-24 00:00:00-05:00,56.73298852551868,58.52864119904105,56.29620573611683,57.55801773071289,14240786
2020-02-25 00:00:00-05:00,58.09187020819301,58.23746449158802,54.25790474610364,54.937339782714844,16269102
2020-02-26 00:00:00-05:00,55.17998633538823,56.00501551562423,52.413706562797636,53.14167785644531,18682881
2020-02-27 00:00:00-05:00,51.540160607589605,53.141694232723594,50.03569604222755,50.42394256591797,18910102
2020-02-28 00:00:00-05:00,48.28856672588333,54.3064396721014,47.8517875420705,52.801971435546875,30359552
2020-03-02 00:00:00-05:00,54.40349578857422,55.03440187916093,52.219592661913886,54.40349578857422,25039892
2020-03-03 00:00:00-05:00,54.59762827092632,55.22853442543062,51.782815054084196,52.801971435546875,21919391
2020-03-04 00:00:00-05:00,53.675518519222244,53.96670703668131,51.92839484331487,53.14167785644531,16665500
2020-03-05 00:00:00-05:00,51.4430923939062,52.07399848580813,48.28856193439653,48.919471740722656,21686251
2020-03-06 00:00:00-05:00,47.31635095445567,47.413508961433635,44.595900732282765,45.664649963378906,29787216
2020-03-09 00:00:00-04:00,40.466652975524326,42.06977307013519,39.397903767041896,39.883697509765625,24558063
2020-03-10 00:00:00-04:00,42.65271633998799,42.99277114868164,39.6407927592704,42.99277114868164,19850767
2020-03-11 00:00:00-04:00,41.875453342178034,42.06977307013519,39.64080063840376,39.883697509765625,20746329
2020-03-12 00:00:00-04:00,35.1229133605957,37.794782586952,33.17973844550943,35.1229133605957,31583435
2020-03-13 00:00:00-04:00,37.891941235717184,39.05784843553298,34.928597952395506,38.13483810424805,22099041
2020-03-16 00:00:00-04:00,33.95701750225716,34.73428541146562,32.30531622372638,32.35389709472656,23255932
2020-03-17 00:00:00-04:00,33.56837739952965,35.60871423102545,30.605032022815355,34.39422607421875,24121739
2020-03-18 00:00:00-04:00,31.625195673342905,33.033999723634835,28.661854287054748,32.06241226196289,27873844
2020-03-19 00:00:00-04:00,31.090824068483524,33.56837553187609,29.87633969736047,31.479461669921875,19861762
2020-03-20 00:00:00-04:00,34.054170196226025,34.248486213586794,31.33372364449774,31.673778533935547,25306037
2020-03-23 00:00:00-04:00,31.333725098751803,32.208154653684936,29.29338823120346,29.682024002075195,21193467
2020-03-24 00:00:00-04:00,32.35388698628129,34.29706172935937,31.430876752451802,34.05416488647461,23974833
2020-03-25 00:00:00-04:00,36.19166149824138,38.86352692969608,33.811270064805115,36.726036071777344,27665082
2020-03-26 00:00:00-04:00,37.06609927218704,40.32092086857163,36.483147426813794,39.44649124145508,24714600
2020-03-27 00:00:00-04:00,37.30899101651657,38.231997667333694,36.628877526024006,37.017513275146484,18719196
2020-03-30 00:00:00-04:00,36.628866006422484,38.572044140914755,35.705859645886406,38.32914733886719,17425331
2020-03-31 00:00:00-04:00,38.231989654226574,39.73795147214679,37.989096544810394,38.57204818725586,24307107
2020-04-01 00:00:00-04:00,36.53172001877403,36.67745889145577,34.00558947392512,34.19990921020508,19974760
2020-04-02 00:00:00-04:00,34.10275769524391,35.90019421896652,32.888269337032064,33.51980209350586,19561750
2020-04-03 00:00:00-04:00,34.151320149782784,34.24847813554694,31.96524873858517,32.693939208984375,19622924
2020-04-06 00:00:00-04:00,34.345645625428794,35.46297194522594,33.71411303440322,35.1229133605957,19672140
2020-04-07 00:00:00-04:00,37.357565259387606,37.649042978115595,34.00558636646608,34.15132522583008,19278732
2020-04-08 00:00:00-04:00,34.88002280852238,35.85161044189581,34.297070972120984,35.46297836303711,18589124
2020-04-09 00:00:00-04:00,36.19166544497006,36.62887834873239,34.44280639369482,34.68570327758789,25701070
2020-04-13 00:00:00-04:00,34.63711974335134,34.63711974335134,32.83968368473155,34.10274887084961,18874790
2020-04-14 00:00:00-04:00,34.49138735520552,35.171497144783174,33.22832206814646,33.66553497314453,21481602
2020-04-15 00:00:00-04:00,32.69394253237735,32.69394253237735,30.847923883703437,31.576616287231445,27732155
2020-04-16 00:00:00-04:00,31.479462003286628,31.770936024575153,30.119236890545167,30.313554763793945,33241115
2020-04-17 00:00:00-04:00,31.43088481710573,33.71411870055303,30.79935211994187,33.22832489013672,33287181
2020-04-20 00:00:00-04:00,32.11099391789427,32.79110367067039,31.382299585473024,31.62519645690918,20001786
2020-04-21 00:00:00-04:00,31.042245065449887,31.965255418371097,30.605030320034302,31.479461669921875,15539929
2020-04-22 00:00:00-04:00,32.01383239891348,32.25673299001087,31.090823909760758,31.23656463623047,15398901
2020-04-23 00:00:00-04:00,31.382300789781475,32.74252406564562,31.236565635817357,31.673778533935547,16611930
2020-04-24 00:00:00-04:00,32.01383535657785,32.06241622290813,30.362136095875705,30.410715103149414,31222349
2020-04-27 00:00:00-04:00,30.99366590418948,31.430880647373023,30.75076903120489,31.23656463623047,21475783
2020-04-28 00:00:00-04:00,31.91667404941684,33.61695214198724,31.91667404941684,33.034000396728516,28223273
2020-04-29 00:00:00-04:00,32.45104949060092,33.51979500423006,31.673777998081807,31.965255737304688,45188986
2020-04-30 00:00:00-04:00,31.868096906211058,33.13115840125284,31.139404436053077,33.034000396728516,35254082
2020-05-01 00:00:00-04:00,32.402464827343664,32.74251967114135,31.139401588737126,31.576616287231445,24151935
2020-05-04 00:00:00-04:00,30.605030916039315,30.653609920018987,29.876340279174897,30.167816162109375,27457604
2020-05-05 00:00:00-04:00,30.507873659300238,31.382301329635414,29.92492002002029,30.119237899780273,23474184
2020-05-06 00:00:00-04:00,30.119236795631345,30.36213367166278,29.001910422264178,29.05048942565918,23525367
2020-05-07 00:00:00-04:00,29.439127110044495,30.41071467816729,29.439127110044495,29.682024002075195,20196745
2020-05-08 00:00:00-04:00,30.16781604899231,30.750769671731874,29.924919170948268,30.55645179748535,18787072
2020-05-11 00:00:00-04:00,30.3135565283874,30.362135534763336,29.779183740139008,30.070659637451172,14414337
2020-05-12 00:00:00-04:00,30.216397152348815,30.50787303651033,29.14764976501465,29.14764976501465,19191335
2020-05-13 00:00:00-04:00,29.147645893521673,29.24480388898516,26.621515702796525,28.127477645874023,47299141
2020-05-14 00:00:00-04:00,27.301633678710992,28.661858948974476,26.621521973107573,27.690269470214844,28130338
2020-05-15 00:00:00-04:00,27.25305290799862,27.49594979722439,26.621520252389,26.67009925842285,25779038
2020-05-18 00:00:00-04:00,27.884587383650725,31.52804281890419,27.884587383650725,30.45929718017578,51073738
2020-05-19 00:00:00-04:00,30.556451912059643,30.94508766200991,29.584862537183973,30.167816162109375,21766084
2020-05-20 00:00:00-04:00,30.750773474886156,31.43088518933473,30.556455576607036,31.18798828125,18315596
2020-05-21 00:00:00-04:00,31.187983933607217,31.819516550213766,30.750769188191633,31.479461669921875,19827132
2020-05-22 00:00:00-04:00,31.479464885658548,31.479464885658548,30.4592964224563,31.139408111572266,13961540
2020-05-26 00:00:00-04:00,32.98542325352273,33.71411386462433,32.98542325352273,33.034000396728516,25984590
2020-05-27 00:00:00-04:00,35.22007835632705,36.09450789306084,34.44280683076079,35.41439437866211,29644242
2020-05-28 00:00:00-04:00,36.38598528767214,36.38598528767214,32.74252792836947,32.93684768676758,27831269
2020-05-29 00:00:00-04:00,31.868096517664803,32.645364262495484,31.2851410614009,31.91667366027832,25942336
2020-06-01 00:00:00-04:00,31.965261504780685,33.131165235809924,31.528044817059577,32.839691162109375,15083601
2020-06-02 00:00:00-04:00,33.51978746964193,34.88001041674262,33.32547149924699,34.248477935791016,22787385
2020-06-03 00:00:00-04:00,35.07433816621112,36.04592567770504,34.88001843304461,35.75444793701172,24642090
2020-06-04 00:00:00-04:00,35.511557330904004,37.64905246456557,34.83144743998787,37.6004753112793,25118482
2020-06-05 00:00:00-04:00,41.04960600796327,41.58398062892964,38.03768173431707,38.28057861328125,33669153
2020-06-08 00:00:00-04:00,39.932275453426264,41.63255342871978,39.397900888231874,41.09817886352539,31792699
2020-06-09 00:00:00-04:00,39.78653813525704,39.88369613683472,38.37773409898632,38.960689544677734,23603936
2020-06-10 00:00:00-04:00,38.71779596952502,38.76637311538263,36.531720298769784,36.968936920166016,23465356
2020-06-11 00:00:00-04:00,34.297073857758434,35.705878275549864,33.22832811474974,33.762699127197266,24979842
2020-06-12 00:00:00-04:00,35.65728655145852,36.09450312107839,34.39422141892892,35.22007369995117,20261430
2020-06-15 00:00:00-04:00,33.762685851725735,35.70586423602155,33.276892185179825,35.17148971557617,20497800
2020-06-16 00:00:00-04:00,37.551891360452096,37.60047222786805,35.41439640207493,36.28882598876953,19694772
2020-06-17 00:00:00-04:00,36.4345547358404,36.58029357942661,34.97717373620269,35.17148971557617,15090141
2020-06-18 00:00:00-04:00,34.63711606154352,35.560126281936235,34.10274524584359,35.365806579589844,15729550
2020-06-19 00:00:00-04:00,36.045925750213925,36.19166462085375,34.44280560940159,34.73427963256836,17792356
2020-06-22 00:00:00-04:00,34.831441846417306,34.880018991902595,33.8112734557581,34.19990921020508,15707761
2020-06-23 00:00:00-04:00,34.44280127367874,34.6371172646624,33.85984958261533,34.005584716796875,16168082
2020-06-24 00:00:00-04:00,33.51979483828847,33.51979483828847,31.67377784127902,31.72235870361328,29025298
2020-06-25 00:00:00-04:00,31.57661287285626,32.54820016042771,31.187977214205276,32.45104217529297,14836396
2020-06-26 00:00:00-04:00,32.20778456787304,32.35374192551134,31.38069783950525,31.526655197143555,17938840
2020-06-29 00:00:00-04:00,31.96452511284523,33.083526611328125,31.62396041079056,33.083526611328125,15103383
2020-06-30 00:00:00-04:00,32.645655064727755,33.42409178542621,32.40239405497034,33.2294807434082,13947676
2020-07-01 00:00:00-04:00,33.71600092394709,34.105219263067134,32.64565328413191,32.79160690307617,24202957
2020-07-02 00:00:00-04:00,33.375446816757055,34.25118742549813,33.132185743422745,33.18083572387695,14877567
2020-07-06 00:00:00-04:00,33.95926448454663,34.445786514260114,33.52139614727923,34.05656814575195,15133900
2020-07-07 00:00:00-04:00,33.521395384599714,33.521395384599714,32.84026232428588,32.888916015625,12526487
2020-07-08 00:00:00-04:00,33.180827644691206,33.42409238248084,32.69430561648563,33.37543869018555,12928884
2020-07-09 00:00:00-04:00,33.22948498302327,33.22948498302327,32.013179779052734,32.013179779052734,14997186
2020-07-10 00:00:00-04:00,31.818564448552333,32.69430482280032,31.769914481124907,32.54834747314453,12725057
2020-07-13 00:00:00-04:00,32.88892635862546,33.18083742740088,32.3051004973867,32.59701156616211,13742084
2020-07-14 00:00:00-04:00,32.402399911093866,33.52140150295381,31.964527780181303,33.472747802734375,13946091
2020-07-15 00:00:00-04:00,34.49444418778089,35.07826994608023,34.20252944678758,34.73770523071289,18022606
2020-07-16 00:00:00-04:00,34.34849272620654,34.93231858494061,34.00792795225232,34.29983901977539,10502384
2020-07-17 00:00:00-04:00,34.34848680488594,34.78635519253057,33.959268391597774,34.39714050292969,12029771
2020-07-20 00:00:00-04:00,34.10522845273155,34.34848951476753,33.375445266623636,33.42409896850586,9844356
2020-07-21 00:00:00-04:00,33.764656718139236,34.78635073289042,33.57004567460081,34.25117874145508,14019625
2020-07-22 00:00:00-04:00,34.007923128357504,34.4944452289059,33.57005100365151,34.348487854003906,13143364
2020-07-23 00:00:00-04:00,34.348482401380885,34.640397104845114,33.91061406987135,34.25117874145508,13769391
2020-07-24 00:00:00-04:00,34.15387542478921,34.5917437606995,33.180827644691206,33.37543869018555,13131567
2020-07-27 00:00:00-04:00,33.2781437624743,33.326793743849976,32.54835680496089,32.64566421508789,14185812
2020-07-28 00:00:00-04:00,32.59700253279152,33.86196131799996,32.54834883963469,33.52139663696289,15255125
2020-07-29 00:00:00-04:00,34.00791654790052,34.056566514329255,31.721260138836094,32.061824798583984,29782982
2020-07-30 00:00:00-04:00,31.623959719280528,31.67260969068902,30.4563045501709,30.4563045501709,25586567
2020-07-31 00:00:00-04:00,30.4076503194915,30.60225949899955,29.191345274870397,29.531909942626953,28609840
2020-08-03 00:00:00-04:00,29.872479812089214,30.115740848210987,29.288652208290802,29.72652244567871,18011050
2020-08-04 00:00:00-04:00,29.67787118740902,30.16439326910479,29.67787118740902,29.872480392456055,14253587
2020-08-05 00:00:00-04:00,30.018434435052026,31.137435913085938,29.872478934771646,31.137435913085938,21286984
2020-08-06 00:00:00-04:00,30.7968692779541,31.23473947490931,30.553608264294922,30.7968692779541,14027650
2020-08-07 00:00:00-04:00,30.602262021704146,31.429348775490233,30.40765282615344,31.137435913085938,16665861
2020-08-10 00:00:00-04:00,31.283387206968623,32.59699568572062,31.04012437781274,32.4510383605957,18929062
2020-08-11 00:00:00-04:00,33.42409111675395,34.0565667505207,32.54834703072299,32.742958068847656,18687596
2020-08-12 00:00:00-04:00,33.42409218152949,33.47274214984545,32.013176074003866,32.694305419921875,14073295
2020-08-13 00:00:00-04:00,32.06183137680645,32.88892193634514,32.06183137680645,32.1104850769043,10719714
2020-08-14 00:00:00-04:00,31.818563951560453,32.69430431212976,31.477999290140914,32.40239334106445,10111524
2020-08-17 00:00:00-04:00,32.45104666652212,32.54835033361514,31.380698881124754,31.478002548217773,11843460
2020-08-18 00:00:00-04:00,31.57530947079453,31.96452790298296,31.186092900449832,31.332048416137695,8564375
2020-08-19 00:00:00-04:00,31.477998882499968,31.964520884995032,30.89417136239989,31.040128707885742,10907008
2020-08-20 00:00:00-04:00,30.796866199239684,31.040127188580442,30.213038707715917,30.504953384399414,12793394
2020-08-21 00:00:00-04:00,30.407654912367896,31.040134375840086,30.31035123883848,30.699567794799805,12008403
2020-08-24 00:00:00-04:00,30.8941784955805,32.3050967246395,30.650917438166235,32.25644302368164,20622516
2020-08-25 00:00:00-04:00,32.353739491903134,32.59700049510686,31.526652825747778,32.061824798583984,13934033
2020-08-26 00:00:00-04:00,32.20778456787304,32.20778456787304,31.332044145730162,31.526655197143555,11497281
2020-08-27 00:00:00-04:00,31.721262524869992,32.25643826164813,31.38069783950525,31.526655197143555,14724301
2020-08-28 00:00:00-04:00,31.672608154830957,32.207783880182184,31.478000831259717,32.15913391113281,11870004
2020-08-31 00:00:00-04:00,31.67261256751646,32.548353092970544,30.45630731652118,30.84552574157715,28464920
2020-09-01 00:00:00-04:00,30.50495627966277,31.13743379487204,29.921128732727208,30.115737915039062,18695642
2020-09-02 00:00:00-04:00,30.164394981416137,31.380702116544047,30.018437603884543,31.332048416137695,16816680
2020-09-03 00:00:00-04:00,31.088781248338197,32.353739973293564,30.553607405695818,30.748214721679688,18884902
2020-09-04 00:00:00-04:00,31.283392995528576,31.91587237231071,30.456302574674428,31.234739303588867,17992270
2020-09-08 00:00:00-04:00,30.74821902240226,30.942830089292922,29.823828556655204,29.872480392456055,24206006
2020-09-09 00:00:00-04:00,30.16440066511681,30.16440066511681,29.288659958604033,29.969791412353516,21878280
2020-09-10 00:00:00-04:00,30.018433860138078,30.164391219466612,29.191347122192383,29.191347122192383,19526919
2020-09-11 00:00:00-04:00,29.385957932519624,29.434609767694255,28.85078216006788,28.948087692260742,14429505
2020-09-14 00:00:00-04:00,29.14269620003921,29.969784878504832,28.99674068867023,29.921133041381836,14847532
2020-09-15 00:00:00-04:00,30.018432564008044,30.261695439666543,29.2886495225628,29.677867889404297,17325133
2020-09-16 00:00:00-04:00,29.677868283288493,33.13217807662634,29.434607266244853,32.84026336669922,51360267
2020-09-17 00:00:00-04:00,33.132187302307244,34.93231858494061,32.45105403071089,34.29983901977539,52374245
2020-09-18 00:00:00-04:00,33.667355156237214,34.73770677156517,33.42409782620239,33.472747802734375,29148649
2020-09-21 00:00:00-04:00,32.25644291397072,32.353746591867974,30.31035259943191,30.89417839050293,32651524
2020-09-22 00:00:00-04:00,31.13743301285487,32.01317524218564,30.21304081647224,30.407649993896484,28269901
2020-09-23 00:00:00-04:00,30.5536110855989,31.234742359108584,29.677870610823074,29.72652244567871,17785373
2020-09-24 00:00:00-04:00,29.677876067491948,30.06709454158717,29.191353905794887,29.483266830444336,19154738
2020-09-25 00:00:00-04:00,29.531996421303166,30.068054955997866,29.33706553643568,29.775659561157227,16006529
2020-09-28 00:00:00-04:00,30.360453012992384,30.75031292804348,30.116789866739992,30.21425437927246,16711586
2020-09-29 00:00:00-04:00,30.262978609246524,30.36044496085036,29.531989364360985,29.824384689331055,14761158
2020-09-30 00:00:00-04:00,29.92186050074893,30.65284997673723,29.92186050074893,30.360454559326172,19417934
2020-10-01 00:00:00-04:00,30.55537637786581,30.652840866394936,29.775653009949785,30.409177780151367,15885525
2020-10-02 00:00:00-04:00,29.483256060519754,31.188897570568173,29.483256060519754,31.140165328979492,18072625
2020-10-05 00:00:00-04:00,31.14017210420678,31.432569347197607,30.7990426090245,31.237638473510742,11693825
2020-10-06 00:00:00-04:00,31.335107839150982,32.06609728668485,29.775660700538083,30.068056106567383,34121508
2020-10-07 00:00:00-04:00,30.311716875322727,31.188902970555276,30.26298276037566,30.750308990478516,16710242
2020-10-08 00:00:00-04:00,30.993976205603012,32.504687254883635,30.896509833601,32.407222747802734,20699139
2020-10-09 00:00:00-04:00,34.45399630610862,34.45399630610862,32.65088612719445,33.33314514160156,34410686
2020-10-12 00:00:00-04:00,33.722992957178846,33.722992957178846,32.84580519286284,33.284400939941406,17863963
2020-10-13 00:00:00-04:00,33.08947187435161,33.23566672638841,32.45594717277474,32.74834060668945,15105450
2020-10-14 00:00:00-04:00,32.74835331761535,33.576811026533534,32.74835331761535,33.235679626464844,19652097
2020-10-15 00:00:00-04:00,32.650882061709254,33.5280699825294,32.21228996622007,33.479339599609375,17907361
2020-10-16 00:00:00-04:00,33.91793060650368,35.81850499558877,33.82046611394996,35.52610778808594,33937143
2020-10-19 00:00:00-04:00,36.01343398069621,36.40329568075277,35.2337105805831,35.52610778808594,26250714
2020-10-20 00:00:00-04:00,35.818513327856714,36.15964099607027,35.42865153710871,35.769779205322266,19746677
2020-10-21 00:00:00-04:00,35.477380935354326,36.11090586133154,35.42865054402834,35.67231369018555,14809210
2020-10-22 00:00:00-04:00,35.721045441525085,37.76781498748899,35.672311323589824,37.62161636352539,19214348
2020-10-23 00:00:00-04:00,38.64500022014305,39.13232644505401,36.84189393394087,37.183021545410156,26597033
2020-10-26 00:00:00-04:00,36.35456047987487,36.84189038771974,35.47737261350059,35.964698791503906,20917251
2020-10-27 00:00:00-04:00,36.06217174980609,36.06217174980609,34.55145890754068,34.60019302368164,19696497
2020-10-28 00:00:00-04:00,36.598233321456725,38.30387522515498,36.11090333341506,36.159637451171875,50860201
2020-10-29 00:00:00-04:00,37.329214094491654,37.71907575705339,35.62356885455392,35.91596603393555,24738095
2020-10-30 00:00:00-04:00,35.76977569864384,36.744428215042845,35.52611256954409,36.159637451171875,20539191
2020-11-02 00:00:00-05:00,36.549492908576326,36.9393545939563,35.72103915829483,36.64695739746094,21844975
2020-11-03 00:00:00-05:00,37.28048594986695,38.596266007820866,36.74442561188777,38.2551383972168,19636808
2020-11-04 00:00:00-05:00,37.475414947400154,39.08359596133769,36.69569522742542,38.2551383972168,25465824
2020-11-05 00:00:00-05:00,38.742456686326946,39.229786540037246,38.54752772871574,38.9373893737793,17215987
2020-11-06 00:00:00-05:00,39.08360074123098,39.66839153519196,38.79120347932931,39.42472839355469,16878656
2020-11-09 00:00:00-05:00,45.565032263658324,45.85742571537007,41.9588165204828,42.494873046875,38779589
2020-11-10 00:00:00-05:00,42.98221259654685,44.346723137882435,42.641081231370784,43.761932373046875,33051594
2020-11-11 00:00:00-05:00,44.39545060342534,44.444184713960134,43.03093653670883,43.323333740234375,17543666
2020-11-12 00:00:00-05:00,42.689815521240234,43.22587217039881,42.25121964846448,42.689815521240234,15954303
2020-11-13 00:00:00-05:00,43.17714215529282,45.07771682739258,43.128408036838124,45.07771682739258,26078809
2020-11-16 00:00:00-05:00,46.83208251163564,46.97827737496737,45.906160574766794,46.637149810791016,23830013
2020-11-17 00:00:00-05:00,46.05235923454969,47.465607330812134,45.46756859085276,47.17321014404297,18127238
2020-11-18 00:00:00-05:00,48.58647069297553,48.97633246530852,47.41688537597656,47.41688537597656,29867932
2020-11-19 00:00:00-05:00,46.88081573094388,47.56307463049017,46.34475916327354,47.075748443603516,17490999
2020-11-20 00:00:00-05:00,46.97828912966448,47.90421129821343,46.73462599002144,47.56308364868164,16078116
2020-11-23 00:00:00-05:00,48.05040493187625,50.0484439611379,48.05040493187625,49.07379150390625,21708341
2020-11-24 00:00:00-05:00,52.19267826742416,52.87493345192184,50.68196556338282,50.925628662109375,35369990
2020-11-25 00:00:00-05:00,51.315491057124355,51.46168966429754,50.38956903158869,51.16929244995117,22044528
2020-11-27 00:00:00-05:00,51.412961899941884,51.46169601829742,50.24338035783113,50.68197250366211,10865436
2020-11-30 00:00:00-05:00,50.633234679136635,50.633234679136635,48.53773115054946,49.6098518371582,25100464
2020-12-01 00:00:00-05:00,50.340845410159176,51.071834814359455,49.2687246334583,49.46365737915039,17408658
2020-12-02 00:00:00-05:00,49.12252886354388,51.07183390677052,48.781397497105466,50.82817077636719,15496290
2020-12-03 00:00:00-05:00,50.68196759172204,52.14394624259113,50.633233478089664,51.656620025634766,18348801
2020-12-04 00:00:00-05:00,51.997758113106656,53.26480802453852,51.218038246707714,53.02114486694336,27090138
2020-12-07 00:00:00-05:00,53.06987416434001,54.09326082511214,52.43634926623546,52.923675537109375,19542810
2020-12-08 00:00:00-05:00,52.72873654705828,53.7521230866476,52.58254166698137,53.41099548339844,18735107
2020-12-09 00:00:00-05:00,53.605925776193075,55.99382635035859,53.605925776193075,55.50649642944336,25307401
2020-12-10 00:00:00-05:00,53.99578953398828,55.94509823710677,53.89832503129287,55.165374755859375,19195227
2020-12-11 00:00:00-05:00,54.9704489594578,55.60397385872409,53.7033991609252,54.38565444946289,17853791
2020-12-14 00:00:00-05:00,54.92171510855852,55.311576873844956,52.58254824668223,52.7774772644043,15913996
2020-12-15 00:00:00-05:00,53.36226335456678,54.336915749022786,51.90028103304107,54.14198303222656,17377921
2020-12-16 00:00:00-05:00,54.23945352769911,54.33692176180365,53.11860240407593,53.264801025390625,11800604
2020-12-17 00:00:00-05:00,53.31354214799459,53.55720530558975,52.63128306882258,53.02114486694336,12528955
2020-12-18 00:00:00-05:00,52.58214434954456,54.24058025022667,52.387036000416636,52.728477478027344,23023775
2020-12-21 00:00:00-05:00,51.07003595191828,53.02113789464969,50.53348245100798,52.533363342285156,17218374
2020-12-22 00:00:00-05:00,52.24068505373759,52.48457227359956,51.16757829972704,51.75291061401367,17858164
2020-12-23 00:00:00-05:00,52.09436001525141,53.557683560268096,51.80169381293888,52.972354888916016,12139419
2020-12-24 00:00:00-05:00,52.9235853981263,52.9235853981263,51.801703066551134,51.948036193847656,6029070
2020-12-28 00:00:00-05:00,52.191920162545465,52.582140565996696,51.60659142400533,51.89925765991211,10793588
2020-12-29 00:00:00-05:00,51.99681158655812,52.53336510547691,51.411482850729776,51.509037017822266,10640944
2020-12-30 00:00:00-05:00,51.606592071165466,52.923582682714525,51.46025895137702,52.240699768066406,10156427
2020-12-31 00:00:00-05:00,51.94802198225685,52.82601677256644,51.60658060082329,52.679683685302734,9570828
2021-01-04 00:00:00-05:00,53.118694024158344,53.16746924123579,50.7285963891611,51.070037841796875,16040798
2021-01-05 00:00:00-05:00,50.87492762428177,53.06991310992218,50.82614867573601,52.533363342285156,16793346
2021-01-06 00:00:00-05:00,52.82602254796861,56.67944351193016,52.82602254796861,55.411231994628906,26400690
2021-01-07 00:00:00-05:00,56.38678508873912,56.43556403775445,54.82590351952808,54.97223663330078,15105891
2021-01-08 00:00:00-05:00,55.069795257871135,55.80145715271476,54.43568753568526,55.313682556152344,14590235
2021-01-11 00:00:00-05:00,54.191795448920246,56.240451560078384,53.94790817218935,55.8502311706543,13493535
2021-01-12 00:00:00-05:00,56.14289417150316,58.09399227329003,55.65511964605644,57.45988464355469,18346073
2021-01-13 00:00:00-05:00,57.45989808089961,57.65501017667028,56.19168252484904,56.43557357788086,10776915
2021-01-14 00:00:00-05:00,56.630666427470366,57.21599508789471,56.48433332904605,56.87455368041992,11879594
2021-01-15 00:00:00-05:00,56.581886796093656,56.581886796093656,54.87467604618963,55.264896392822266,14768762
2021-01-19 00:00:00-05:00,55.99656136681143,56.82577731785277,55.606340997711655,55.7526741027832,12740305
2021-01-20 00:00:00-05:00,56.09411727261865,56.09411727261865,55.11856818612577,55.55756378173828,11840751
2021-01-21 00:00:00-05:00,55.60633781035421,55.752670907037945,53.996681213378906,53.996681213378906,13162304
2021-01-22 00:00:00-05:00,53.508912468841494,54.53324052253417,53.167467295428416,54.191795349121094,10617570
2021-01-25 00:00:00-05:00,54.33812231740359,54.38690126045369,52.533357423642336,53.60646057128906,18462763
2021-01-26 00:00:00-05:00,58.67932345747647,59.6548724878717,54.63079050140868,55.069786071777344,42495519
2021-01-27 00:00:00-05:00,54.045457972301136,56.3867801197945,51.89925160367501,55.508785247802734,29983117
2021-01-28 00:00:00-05:00,55.65511582750715,55.947778282731505,53.99668031481128,54.094234466552734,18879766
2021-01-29 00:00:00-05:00,53.65524179627543,54.825899146537125,52.04558140643785,52.0943603515625,21921317
2021-02-01 00:00:00-05:00,52.97234485688789,53.65523128853281,51.89924187375703,52.38701629638672,13379614
2021-02-02 00:00:00-05:00,53.069918597492986,55.36246221728003,52.87481024968176,54.82590866088867,16946953
2021-02-03 00:00:00-05:00,54.82589902396564,55.118565227513265,53.99668309161136,54.63079071044922,10877474
2021-02-04 00:00:00-05:00,54.77712789969301,56.09411844738519,54.58201583834433,55.8502311706543,13396066
2021-02-05 00:00:00-05:00,56.14289965406818,56.3380079899907,55.216125725252624,55.606346130371094,10396669
2021-02-08 00:00:00-05:00,55.947778296535205,56.82577312897049,55.65511584123865,56.63066482543945,8517928
2021-02-09 00:00:00-05:00,56.386784428871415,56.58189275610289,55.65512260184352,56.28922653198242,10581235
2021-02-10 00:00:00-05:00,56.53312005918665,56.53312005918665,55.50879196240984,55.606346130371094,9140985
2021-02-11 00:00:00-05:00,55.557560741685045,55.947781101584376,54.58201170857322,55.89900588989258,10398836
2021-02-12 00:00:00-05:00,55.655118097236816,57.26477473307065,55.50878499702047,57.21599578857422,11725144
2021-02-16 00:00:00-05:00,57.65499970317957,58.435436744667825,57.459887642852564,58.386661529541016,12100796
2021-02-17 00:00:00-05:00,57.75255493501037,58.289108444243205,57.36233454041134,57.8501091003418,8615357
2021-02-18 00:00:00-05:00,57.752553756264284,57.8501079196046,56.142896994692656,56.72822570800781,9802022
2021-02-19 00:00:00-05:00,57.16722669237616,58.67932933423567,56.97211462679277,58.630550384521484,12248665
2021-02-22 00:00:00-05:00,58.874424268812234,61.947404069670725,58.67931598090193,60.97185516357422,19388781
2021-02-23 00:00:00-05:00,61.45964099806519,61.70352826975374,59.41098866253605,61.410865783691406,14454364
2021-02-24 00:00:00-05:00,62.43518943408366,65.11795312796956,61.70352762664383,63.99607467651367,21426186
2021-02-25 00:00:00-05:00,63.89852139159989,64.72774115313324,61.75231102832747,62.24008560180664,18526244
2021-02-26 00:00:00-05:00,61.84985592116787,62.63029661500656,60.532865516928844,61.16697311401367,17802448
2021-03-01 00:00:00-05:00,63.020522300006945,64.82529119763339,62.38641834492026,63.94729995727539,15657201
2021-03-02 00:00:00-05:00,64.14240637729371,64.63018093327445,63.264407696600415,63.31318664550781,15490231
2021-03-03 00:00:00-05:00,63.849734992753426,66.43494441055174,63.654626679430876,65.55694580078125,23589309
2021-03-04 00:00:00-05:00,67.70318116124675,68.9226178401999,64.28875099362955,66.19107818603516,33418377
2021-03-05 00:00:00-05:00,67.36259069379477,67.41140562182107,64.14090258075969,66.38632202148438,21061930
2021-03-08 00:00:00-05:00,69.36393048861895,69.99850949469912,67.41139349523849,69.1686782836914,28835014
2021-03-09 00:00:00-05:00,68.8269708439616,70.3890031897093,67.50901305728517,68.33883666992188,22966413
2021-03-10 00:00:00-05:00,66.63037034966526,67.06968963357558,63.066986220055355,64.6778335571289,44186284
2021-03-11 00:00:00-05:00,61.94429395668938,62.77412526189714,58.33209786727372,59.894126892089844,61355743
2021-03-12 00:00:00-05:00,59.7476896528921,61.602600872319876,59.69887846102873,61.4073486328125,26996039
2021-03-15 00:00:00-04:00,62.18835693073805,65.21479239953429,62.1395420092311,65.16597747802734,22351422
2021-03-16 00:00:00-04:00,65.06836674009875,65.1659966117783,63.79922324059509,64.18972778320312,14938641
2021-03-17 00:00:00-04:00,64.43377527760047,66.43512725830078,64.09207830331525,66.43512725830078,15895858
2021-03-18 00:00:00-04:00,66.33748833637445,66.82562253450853,64.3849515438381,64.6778335571289,12792812
2021-03-19 00:00:00-04:00,64.43376513205773,65.16596641419063,63.359866929442134,64.5313949584961,13737991
2021-03-22 00:00:00-04:00,64.23853157410436,64.62903604896259,63.11581813279284,64.09208679199219,10591427
2021-03-23 00:00:00-04:00,63.26224646238818,64.33613722499004,61.260891001081355,61.7978401184082,13172818
2021-03-24 00:00:00-04:00,62.28596931963814,63.55511590300652,61.01681900024414,61.01681900024414,12454218
2021-03-25 00:00:00-04:00,60.52869946226159,63.11581190090044,59.69887193108255,62.72530746459961,14725103
2021-03-26 00:00:00-04:00,63.213427787123656,64.09206631080484,62.04190352883925,63.4086799621582,12143472
2021-03-29 00:00:00-04:00,63.06699517793431,63.701574208873716,62.38360869789043,63.21343994140625,10786807
2021-03-30 00:00:00-04:00,63.35987297776263,65.21478755280008,62.96936857883492,64.92190551757812,10618713
2021-03-31 00:00:00-04:00,65.31242261599137,65.55648978079121,64.09208679199219,64.09208679199219,12557044
2021-04-01 00:00:00-04:00,64.58020505169463,65.21478400550022,64.18970067400805,64.82427215576172,11874438
2021-04-05 00:00:00-04:00,65.75174155722331,66.23987582792883,65.26360728651781,65.70292663574219,10180082
2021-04-06 00:00:00-04:00,65.7029161899575,65.89816837278694,65.26359691057834,65.4100341796875,8035938
2021-04-07 00:00:00-04:00,65.4100285936335,66.0446074737004,64.7266422760662,65.36121368408203,8379669
2021-04-08 00:00:00-04:00,64.72663755571101,65.8981579392547,63.89680657000686,65.65409088134766,11018763
2021-04-09 00:00:00-04:00,65.89818768532918,67.50903547787367,65.50768320522657,66.38632202148438,12689464
2021-04-12 00:00:00-04:00,66.43512373311479,66.77682068926886,65.75173729285905,66.33749389648438,8442187
2021-04-13 00:00:00-04:00,65.946982564782,66.09341983228855,64.72664709538877,65.60528564453125,10277370
2021-04-14 00:00:00-04:00,65.55647431364743,67.31375898001,65.50766686984593,66.77681732177734,12968951
2021-04-15 00:00:00-04:00,67.02090401642893,67.11852640461493,65.60530840321697,66.14225769042969,10208753
2021-04-16 00:00:00-04:00,66.53274162511289,66.77680870081915,65.16596151792724,65.36121368408203,10036727
2021-04-19 00:00:00-04:00,65.01954015116506,65.75174155722331,64.28733127305391,65.70292663574219,9003729
2021-04-20 00:00:00-04:00,65.45886295135757,65.45886295135757,62.96937654510406,63.75039291381836,12330465
2021-04-21 00:00:00-04:00,63.115810551158546,65.31241477049531,62.33479795923245,65.16597747802734,9953202
2021-04-22 00:00:00-04:00,65.16597264004798,66.77682009786926,64.8242756869201,65.45885467529297,10555051
2021-04-23 00:00:00-04:00,65.89819051188337,66.4351397990961,65.21480390636455,66.14225769042969,9357311
2021-04-26 00:00:00-04:00,66.53276551326668,68.33885803872802,66.14225356869528,66.23988342285156,18815482
2021-04-27 00:00:00-04:00,65.89817252177417,66.0934247168968,63.01818209557191,65.84935760498047,30050351
2021-04-28 00:00:00-04:00,65.06835613115258,65.16598598691427,64.18971731751296,64.43378448486328,13261158
2021-04-29 00:00:00-04:00,64.33613734797869,64.87308646633201,63.8480031443942,64.48258209228516,11066635
2021-04-30 00:00:00-04:00,64.23852614671388,65.1659798001837,63.84801423279548,64.04327392578125,10011667
2021-05-03 00:00:00-04:00,64.62900774372798,66.04460265722923,64.28731087383792,65.65409088134766,12734908
2021-05-04 00:00:00-04:00,65.11716487693727,65.36123202111634,63.79920678160218,64.04327392578125,15557003
2021-05-05 00:00:00-04:00,64.23851499049292,64.87308646633201,63.896818059163024,64.48258209228516,11168297
2021-05-06 00:00:00-04:00,64.53139700705398,64.97071629586965,63.60393604260195,64.48258209228516,12595406
2021-05-07 00:00:00-04:00,64.23851908342847,65.11715771704198,63.79919976662171,64.92190551757812,10810442
2021-05-10 00:00:00-04:00,64.97072526405243,66.28869078447563,64.92191034254549,65.16597747802734,13154138
2021-05-11 00:00:00-04:00,64.38495813113227,64.87309237920789,63.164622510943204,63.89682388305664,13645738
2021-05-12 00:00:00-04:00,63.84800802121603,64.09207514165055,62.33479411613774,62.578861236572266,14215045
2021-05-13 00:00:00-04:00,62.48123435757293,63.65275883273682,62.09072993521136,63.31106185913086,13158312
2021-05-14 00:00:00-04:00,64.04327515967167,64.92191390682336,63.603948314042526,64.7266616821289,10167742
2021-05-17 00:00:00-04:00,64.58023232581117,65.11718167593853,64.04329044773888,64.18972778320312,15316179
2021-05-18 00:00:00-04:00,64.33614530789598,64.77547212311872,63.31106185913086,63.31106185913086,9816408
2021-05-19 00:00:00-04:00,62.96937030612346,63.945638802274715,62.43242113882977,63.89682388305664,11921066
2021-05-20 00:00:00-04:00,63.896830213928986,63.99446006203825,63.06699892116006,63.75039291381836,9324527
2021-05-21 00:00:00-04:00,63.994466353413856,64.82429025571054,63.70158425234573,64.5802230834961,10697965
2021-05-24 00:00:00-04:00,64.87309266329743,64.9707225021611,64.04326892116646,64.33614349365234,7827397
2021-05-25 00:00:00-04:00,64.4337783676465,64.8730977327582,63.945644079288364,64.04327392578125,9496071
2021-05-26 00:00:00-04:00,64.04326142782973,65.55647144879666,63.65274959011916,65.4100341796875,12092309
2021-05-27 00:00:00-04:00,66.38631061286985,70.29139210306961,66.3374956932325,70.04731750488281,37035234
2021-05-28 00:00:00-04:00,69.75443462636329,69.99850172343943,68.48528422715704,68.63172149658203,14560581
2021-06-01 00:00:00-04:00,69.46155678386253,69.9985059240628,68.82697781015234,69.071044921875,10087388
2021-06-02 00:00:00-04:00,69.21749469255855,69.21749469255855,68.38766346369214,68.7781753540039,8012785
2021-06-03 00:00:00-04:00,68.29004109515371,70.14494828996338,68.0459739657286,68.7781753540039,12672972
2021-06-04 00:00:00-04:00,69.11985356333469,69.31510574057569,67.65545102594984,68.14358520507812,12855029
2021-06-07 00:00:00-04:00,68.3388478374343,68.68054480392068,67.65546137651417,67.89952850341797,7493597
2021-06-08 00:00:00-04:00,68.19240494621901,68.29003477777859,66.97206941198434,67.8507080078125,8852489
2021-06-09 00:00:00-04:00,67.21613383610628,67.41138601938054,66.72799964189478,67.02088165283203,11189043
2021-06-10 00:00:00-04:00,67.4113916245402,67.70427365983016,66.33749331916113,66.53275299072266,9999489
2021-06-11 00:00:00-04:00,66.63037798078294,67.26495699426609,66.23987356637225,66.82563018798828,8500031
2021-06-14 00:00:00-04:00,67.26495718825056,67.50902431597426,65.45885745427415,65.75173950195312,9114079
2021-06-15 00:00:00-04:00,65.65410264748043,66.23986668025464,64.97071625727843,66.09342193603516,7629388
2021-06-16 00:00:00-04:00,65.89816765159595,66.63036893323189,64.87308436289531,65.60528564453125,14070907
2021-06-17 00:00:00-04:00,65.45885224008899,65.94698645665359,63.018181157265936,63.45750045776367,15451709
2021-06-18 00:00:00-04:00,62.67648799905435,63.55512665307116,62.23716867204595,62.38360595703125,16465184
2021-06-21 00:00:00-04:00,62.92056856765876,64.38497161865234,62.77413125138105,64.38497161865234,10825169
2021-06-22 00:00:00-04:00,64.04326199703473,64.43376636616435,63.16461595841547,63.60393524169922,7678083
2021-06-23 00:00:00-04:00,63.555129445401775,64.38496068891759,63.164625020248934,63.21343994140625,8763306
2021-06-24 00:00:00-04:00,63.75040830475532,64.43379499034693,63.06701414710863,64.18972778320312,9594524
2021-06-25 00:00:00-04:00,64.28741455078125,64.67821618406867,63.99430958694582,64.28741455078125,6844839
2021-06-28 00:00:00-04:00,64.28741339897705,64.33625799395807,62.479939052491915,62.96844482421875,12396856
2021-06-29 00:00:00-04:00,63.79890871557395,64.62936405503228,63.310402935513864,63.945457458496094,13883493
2021-06-30 00:00:00-04:00,64.23854541588332,66.09487137532089,63.75003976514781,65.75291442871094,13754002
2021-07-01 00:00:00-04:00,66.33911425149769,66.5833670402337,65.26439898996462,65.85060119628906,9368346
2021-07-02 00:00:00-04:00,66.14371914891531,66.14371914891531,65.02015908911925,65.26441192626953,6653090
2021-07-06 00:00:00-04:00,64.87362025732405,65.06902856151684,62.62649579763778,63.11499786376953,14172730
2021-07-07 00:00:00-04:00,62.91959055877396,63.896602068179156,62.23568399773819,63.40809631347656,12250973
2021-07-08 00:00:00-04:00,62.186832416729594,63.21269600523634,61.60062625424132,62.8707389831543,10798825
2021-07-09 00:00:00-04:00,63.55465588006253,64.4339632938291,63.21269884263124,64.28741455078125,8290767
2021-07-12 00:00:00-04:00,63.798906602921484,64.18970822293257,63.01729588515984,64.04315948486328,11187237
2021-07-13 00:00:00-04:00,63.945456367672435,63.945456367672435,62.91959275149815,62.96844482421875,7907410
2021-07-14 00:00:00-04:00,62.91958616066794,63.408091881223775,62.13797925110024,62.577632904052734,8970443
2021-07-15 00:00:00-04:00,61.99142838738973,63.11498858257592,61.40521851649495,62.33338165283203,10310877
2021-07-16 00:00:00-04:00,62.52877455467536,62.87072777693721,61.160957926758904,61.30751037597656,9141767
2021-07-19 00:00:00-04:00,59.548890668396055,59.79314351318131,57.74142036475902,58.620731353759766,19842400
2021-07-20 00:00:00-04:00,58.66958744114103,62.23568393342865,58.5718870380754,62.040279388427734,15072405
2021-07-21 00:00:00-04:00,62.47993742505568,64.04315884495963,62.382237021029106,63.896602630615234,13548149
2021-07-22 00:00:00-04:00,63.75005326698973,63.79890533795738,62.040279388427734,62.040279388427734,8712244
2021-07-23 00:00:00-04:00,62.52878407735132,62.91958942182553,61.69832505713712,62.08913040161133,7579911
2021-07-26 00:00:00-04:00,61.84488501408688,63.212702015865936,61.69833252481233,63.11499786376953,10800049
2021-07-27 00:00:00-04:00,65.11786702812164,65.80178107291674,62.52878575763412,63.896602630615234,23964901
2021-07-28 00:00:00-04:00,64.23856566326808,65.85063182770809,63.70120778254138,64.14086151123047,13757312
2021-07-29 00:00:00-04:00,64.43397187661844,65.36213148761439,63.94546603106893,64.92247772216797,10889854
2021-07-30 00:00:00-04:00,64.28740678455064,64.58051171297757,63.11498707084291,63.26154327392578,12050777
2021-08-02 00:00:00-04:00,63.79889965486027,65.46592688811222,61.3258357556605,61.42964172363281,39943542
2021-08-03 00:00:00-04:00,61.18539354099643,63.017293834826866,59.9091715265998,62.931800842285156,23177543
2021-08-04 00:00:00-04:00,62.16851074134683,63.169952013467814,61.954793215023095,62.840206146240234,22702917
2021-08-05 00:00:00-04:00,62.89517563003497,63.896609553393255,62.602070647329555,62.907386779785156,13050690
2021-08-06 00:00:00-04:00,63.11499733778878,64.27520609273934,63.11499733778878,63.823333740234375,17637083
2021-08-09 00:00:00-04:00,63.237106207077446,63.67065797596505,62.30284136586022,63.32870101928711,12768033
2021-08-10 00:00:00-04:00,63.389783455201076,64.92858274927181,63.01730225920794,64.77592468261719,12930790
2021-08-11 00:00:00-04:00,64.85530882957656,64.85530882957656,63.395893215436175,64.75149536132812,13330458
2021-08-12 00:00:00-04:00,64.84306847481535,65.47813031042323,64.26296801181827,65.0445785522461,10270509
2021-08-13 00:00:00-04:00,65.03236605828921,65.10564040918014,63.85995401082151,64.06756591796875,9020462
2021-08-16 00:00:00-04:00,63.646252214892215,63.688994976144215,62.43108957064895,63.10889434814453,11101144
2021-08-17 00:00:00-04:00,62.614270319568135,63.060033286790755,61.283090730525615,62.052490234375,13125487
2021-08-18 00:00:00-04:00,61.72274527436618,63.1821568003821,61.527344489981886,61.92425537109375,10427487
2021-08-19 00:00:00-04:00,61.06327081497927,61.563991480420476,60.20838570404387,60.709102630615234,17344153
2021-08-20 00:00:00-04:00,60.812898138232995,61.47238227950782,60.51368767156443,61.093788146972656,10203095
2021-08-23 00:00:00-04:00,61.429646276720135,61.96700409384695,61.22813616058018,61.655582427978516,9642436
2021-08-24 00:00:00-04:00,61.850993725418085,63.20659590749438,61.71055054268004,63.0600471496582,11007246
2021-08-25 00:00:00-04:00,63.11499117455157,64.19581613575932,62.62038358605209,63.93324279785156,12627427
2021-08-26 00:00:00-04:00,63.78668548298681,63.884389623039716,62.79746284534262,63.1272087097168,13107992
2021-08-27 00:00:00-04:00,63.44473901886958,64.81866149257563,63.44473901886958,64.78202056884766,12473178
2021-08-30 00:00:00-04:00,64.9285930322038,65.00797673498448,63.99432402076656,64.23246765136719,11469513
2021-08-31 00:00:00-04:00,64.07979527191893,64.94689901668694,63.786690307331135,64.3667984008789,17641256
2021-09-01 00:00:00-04:00,64.33625045504567,64.40342298188268,63.05392295452567,63.29817581176758,12789542
2021-09-02 00:00:00-04:00,63.50579449229477,64.93467069953212,63.4935833451217,64.88582611083984,13633178
2021-09-03 00:00:00-04:00,64.72704658773655,65.55750912761695,63.55463460264564,63.9637565612793,12225833
2021-09-07 00:00:00-04:00,63.811110613131405,64.07978576211579,62.47382548632381,63.072242736816406,17639170
2021-09-08 00:00:00-04:00,62.86463089737148,63.95155759762729,61.319730094008314,62.638694763183594,19263203
2021-09-09 00:00:00-04:00,62.50435709315107,64.06757461493261,62.3516990590148,63.072242736816406,15066205
2021-09-10 00:00:00-04:00,63.072235383465234,63.475255537693855,62.15018171255474,62.284523010253906,15350467
2021-09-13 00:00:00-04:00,62.68144242608758,64.03094246619463,62.296742676749204,63.78668212890625,20038302
2021-09-14 00:00:00-04:00,63.835528286393824,63.84163759841247,61.10600432917741,61.2952995300293,25717763
2021-09-15 00:00:00-04:00,61.54566060526343,62.5715240603674,61.48459739338507,62.38222885131836,13007192
2021-09-16 00:00:00-04:00,62.52266773992193,62.71196293608723,61.56397687422957,61.88150405883789,9601506
2021-09-17 00:00:00-04:00,61.76548545779351,62.19903723945004,61.14264221197144,61.350257873535156,17203387
2021-09-20 00:00:00-04:00,60.14731160362087,60.98387983991395,59.39623261073376,60.94723892211914,16217539
2021-09-21 00:00:00-04:00,61.00220086368553,61.057158505385885,58.748967464926324,59.12145233154297,25342171
2021-09-22 00:00:00-04:00,59.640485490125066,60.470948153558965,59.63437991677876,60.17173767089844,18002884
2021-09-23 00:00:00-04:00,60.776272786685084,63.55465302731838,60.770167212477126,62.8707389831543,18620844
2021-09-24 00:00:00-04:00,62.736290219542354,63.67739565733717,62.69962455142599,63.432952880859375,10528608
2021-09-27 00:00:00-04:00,63.8912871454799,64.97905906661794,63.79350703525604,64.38017272949219,12971559
2021-09-28 00:00:00-04:00,64.34350467322896,65.23572387627519,64.00128924734071,64.61239624023438,20146646
2021-09-29 00:00:00-04:00,64.7773977507069,65.38850478245999,64.35572940866477,64.9485092163086,11876404
2021-09-30 00:00:00-04:00,64.99739390267763,65.44349601213791,62.91351610323759,62.962406158447266,14356273
2021-10-01 00:00:00-04:00,63.665176502465826,65.01571838392297,63.35350896175475,64.66738891601562,12992425
2021-10-04 00:00:00-04:00,64.41073234324675,65.4373936343604,63.92184672686445,64.10517883300781,12288913
2021-10-05 00:00:00-04:00,64.20295146615187,64.77739655553349,63.402405759458254,64.10517883300781,9208740
2021-10-06 00:00:00-04:00,63.35962403947718,63.81184020034637,62.369628510694106,63.75684356689453,11257962
2021-10-07 00:00:00-04:00,64.06851097866425,65.10128635855621,63.756850880762855,64.47795867919922,10684302
2021-10-08 00:00:00-04:00,64.3924016252734,64.91184262486091,63.958520103985904,63.995182037353516,6859525
2021-10-11 00:00:00-04:00,64.06849404600733,64.63071835679223,63.536832562467204,63.60405731201172,6615872
2021-10-12 00:00:00-04:00,63.28628753907309,63.57962038987109,62.064077305486244,62.7729606628418,13722903
2021-10-13 00:00:00-04:00,62.455179336086495,63.06629003180625,61.83185173977511,62.55295944213867,12065484
2021-10-14 00:00:00-04:00,63.029618095267665,63.34128562271003,62.559067256299166,62.78517532348633,9853826
2021-10-15 00:00:00-04:00,63.34129587562064,64.71628668945729,63.060183649147945,63.80573272705078,9069257
2021-10-18 00:00:00-04:00,63.359625444230964,63.903507661947245,62.96851248766278,63.628509521484375,6653913
2021-10-19 00:00:00-04:00,63.909608081634765,64.14793675906908,63.29850123328842,64.00127410888672,6767714
2021-10-20 00:00:00-04:00,64.01349829423555,64.78960253790599,63.47572274119817,64.77738189697266,9803748
2021-10-21 00:00:00-04:00,64.63072826261832,65.0157196653097,62.95017661840034,63.035736083984375,11588129
2021-10-22 00:00:00-04:00,62.974624546987016,63.866836217521595,62.669071067306696,63.585731506347656,8595273
2021-10-25 00:00:00-04:00,63.3351689209558,64.77127014533197,63.1457302708505,64.349609375,10427005
2021-10-26 00:00:00-04:00,64.63073298617041,67.81460351303572,64.30073070946233,65.65738677978516,18781193
2021-10-27 00:00:00-04:00,65.92627901581209,66.17072182313215,63.365736119001944,63.46351623535156,14420637
2021-10-28 00:00:00-04:00,63.182388956198025,64.39849612293114,63.00517095654628,64.32516479492188,9487384
2021-10-29 00:00:00-04:00,64.13573545726882,64.31295350330399,63.62851512349193,64.08684539794922,9018536
2021-11-01 00:00:00-04:00,64.63071189773176,65.24792528850713,64.3373791308878,64.91793060302734,7844250
2021-11-02 00:00:00-04:00,64.98516346748607,65.47404903510719,64.34961522299996,65.19905090332031,7192101
2021-11-03 00:00:00-04:00,64.87517090500951,64.98516417207424,64.0562830802336,64.7590560913086,6599661
2021-11-04 00:00:00-04:00,64.6979274360039,65.02181553487115,63.73237720078781,64.29460144042969,7505094
2021-11-05 00:00:00-04:00,65.34572890935743,67.00793854212877,65.29683885001478,66.45183563232422,12202399
2021-11-08 00:00:00-05:00,66.85518080987302,67.41129136149235,66.19518352980731,66.25629425048828,8305554
2021-11-09 00:00:00-05:00,70.11235980510833,70.99235837290004,67.51515506201615,68.0101547241211,40325875
2021-11-10 00:00:00-05:00,68.74958107327213,68.85958181588413,66.06682468054136,66.58626556396484,13952431
2021-11-11 00:00:00-05:00,66.33570443678575,66.97736666299039,65.25404675217978,65.38848876953125,8848557
2021-11-12 00:00:00-05:00,65.63294661420206,65.95683483290114,65.05850900636143,65.74905395507812,12240118
2021-11-15 00:00:00-05:00,66.01794477731919,66.40905027388435,64.89961744205256,65.18683624267578,9831034
2021-11-16 00:00:00-05:00,64.86906637033351,64.90573578711023,62.83407837742332,63.15796661376953,19257424
2021-11-17 00:00:00-05:00,63.371842951897186,63.48184369935096,61.97851761244,62.326847076416016,13334471
2021-11-18 00:00:00-05:00,61.984624066819705,62.21073212697594,60.60963351830558,61.52018356323242,13692888
2021-11-19 00:00:00-05:00,60.98852733913891,61.56296866839887,60.68297383865775,61.0863037109375,10598911
2021-11-22 00:00:00-05:00,61.39797784195192,62.31463844144103,61.28186675099451,61.746307373046875,9962170
2021-11-23 00:00:00-05:00,62.19851910070771,62.46129660108503,61.81352020327617,62.38185119628906,9648856
2021-11-24 00:00:00-05:00,62.24740267787994,62.52851111349313,61.911293870961124,62.4735107421875,8943739
2021-11-26 00:00:00-05:00,59.06964472485941,59.94963946695951,58.366871743743765,59.79075241088867,13815999
2021-11-29 00:00:00-05:00,60.66463801056803,61.37352132650194,59.17353255762085,60.132972717285156,15692352
2021-11-30 00:00:00-05:00,59.05741774597074,59.54019669756838,57.73131724093284,58.04909133911133,18313148
2021-12-01 00:00:00-05:00,59.00242997801472,59.21020710807772,56.79633069646224,56.8329963684082,13895451
2021-12-02 00:00:00-05:00,57.56632473749467,58.53187530152126,56.7168852527032,58.19576644897461,9782400
2021-12-03 00:00:00-05:00,58.13465171547907,58.26909749223684,56.05688804387889,56.692440032958984,12973646
2021-12-06 00:00:00-05:00,57.352426623681595,59.210196062518385,56.979652168513724,58.672420501708984,10721861
2021-12-07 00:00:00-05:00,59.03298140384243,60.09019794895982,58.84964931452334,59.61353302001953,8104115
2021-12-08 00:00:00-05:00,59.61353699597139,60.46297648149224,59.26520375796689,60.05964660644531,7635106
2021-12-09 00:00:00-05:00,59.74798703310212,60.00465425466869,59.277436072896194,59.78465270996094,6527432
2021-12-10 00:00:00-05:00,59.94354239164836,60.23076122025181,58.94132604006822,59.24687957763672,6863859
2021-12-13 00:00:00-05:00,58.64798981138588,58.9107673354589,56.72300263419788,56.912445068359375,11843339
2021-12-14 00:00:00-05:00,56.680213652079,57.480766737829015,56.05077200643811,56.28910446166992,11654259
2021-12-15 00:00:00-05:00,56.35633056340478,56.47243789148896,55.10966788447737,56.270774841308594,12350388
2021-12-16 00:00:00-05:00,56.53966985990798,57.651883163657594,56.344113364211324,56.545780181884766,11440140
2021-12-17 00:00:00-05:00,56.49688733756888,56.87577592455468,55.06689620196833,55.885780334472656,14550168
2021-12-20 00:00:00-05:00,55.04783002834795,55.10899423400097,53.928523566876606,55.03559494018555,9651745
2021-12-21 00:00:00-05:00,55.488209538761616,57.292557309207346,55.488209538761616,56.91945266723633,12227117
2021-12-22 00:00:00-05:00,56.83382894485844,57.31702693437896,56.368977970603886,56.925575256347656,7485993
2021-12-23 00:00:00-05:00,57.06624678537257,57.82468365750721,57.06624678537257,57.4943962097168,6236589
2021-12-27 00:00:00-05:00,57.26809268935114,57.90420118268217,57.157995620197546,57.873619079589844,5503703
2021-12-28 00:00:00-05:00,57.75740091687887,58.766610224186635,57.641188187026835,58.28953170776367,6503676
2021-12-29 00:00:00-05:00,58.10604411099417,58.39963005137444,57.76352156297102,57.977596282958984,5602577
2021-12-30 00:00:00-05:00,57.89808377066701,58.705449770013956,57.81856880699595,57.922550201416016,5247049
2021-12-31 00:00:00-05:00,57.8002188101684,58.087692821419026,57.43323357925073,57.7818717956543,6092452
2022-01-03 00:00:00-05:00,58.24060948881655,59.59845723373284,57.95313544718741,58.86448669433594,7415209
2022-01-04 00:00:00-05:00,60.41804960541765,61.194833481617735,59.99601585781446,60.77891540527344,12237390
2022-01-05 00:00:00-05:00,60.9991095310162,62.25909135751406,60.72998629014947,60.77891540527344,9461542
2022-01-06 00:00:00-05:00,61.43949182800131,61.824827812629316,60.80949902648006,61.133670806884766,6864983
2022-01-07 00:00:00-05:00,61.041926292564575,62.53433366843666,61.023579277790716,62.02055358886719,10029103
2022-01-10 00:00:00-05:00,62.21627824783656,62.38753951432244,60.51591190577268,60.80949783325195,9259300
2022-01-11 00:00:00-05:00,61.34162739692782,62.613844291912145,61.14589970420951,62.259090423583984,9107137
2022-01-12 00:00:00-05:00,62.03890296668447,62.766757751106084,62.00832086435627,62.534332275390625,7316816
2022-01-13 00:00:00-05:00,62.564918134940775,63.396754364264424,62.26521276511563,62.66889953613281,7034320
2022-01-14 00:00:00-05:00,62.17959026834062,63.16433334309966,61.720854928363394,63.097049713134766,7030789
2022-01-18 00:00:00-05:00,62.73005659227418,63.445679995169115,62.48539978685083,62.9318962097168,13499795
2022-01-19 00:00:00-05:00,62.80957758661288,62.993070219250654,61.451733603114704,61.543479919433594,9147425
2022-01-20 00:00:00-05:00,61.30493634027139,62.259097243502914,59.92262223264726,60.0938835144043,9045502
2022-01-21 00:00:00-05:00,59.75748303898735,60.15505041185983,58.63206080369152,58.90118408203125,12964978
2022-01-24 00:00:00-05:00,57.85526870805503,59.598452341071535,56.44849195636524,59.2742805480957,15847565
2022-01-25 00:00:00-05:00,55.732872721673566,56.49130969002168,54.00804346281459,55.72675704956055,33629909
2022-01-26 00:00:00-05:00,55.97141690805811,56.21607376617821,53.855132089276395,54.631919860839844,17073695
2022-01-27 00:00:00-05:00,55.04783947860446,56.13044460649623,53.86736860882451,54.98667526245117,12527109
2022-01-28 00:00:00-05:00,54.61968881839316,56.3689846146273,54.344449851484,56.3322868347168,10398756
2022-01-31 00:00:00-05:00,56.03257184207165,57.83691961691192,55.67782170358589,57.787986755371094,11238219
2022-02-01 00:00:00-05:00,58.10604115515252,60.19785538603217,57.95312690360111,59.91038513183594,13080224
2022-02-02 00:00:00-05:00,59.73912522627546,60.295722478641466,58.81554649501268,59.96543502807617,8926564
2022-02-03 00:00:00-05:00,59.4210799030547,60.65047979992047,59.05409463562889,60.13669967651367,9972924
2022-02-04 00:00:00-05:00,59.75748069270597,61.19483959973242,59.72078291643083,60.55873107910156,10278374
2022-02-07 00:00:00-05:00,60.778916600230374,61.52512213480692,60.246789524346624,61.10308837890625,7039456
2022-02-08 00:00:00-05:00,61.152024265693804,61.470076643674076,60.32630747222834,60.74222183227539,8279712
2022-02-09 00:00:00-05:00,61.317162664585034,61.451726159251244,60.62600566735038,60.70552062988281,10632457
2022-02-10 00:00:00-05:00,60.17951841124054,61.580179633432095,59.94097723229948,60.42417526245117,8848717
2022-02-11 00:00:00-05:00,60.56484633910198,61.30493625670817,58.82166639988181,59.22534942626953,11966771
2022-02-14 00:00:00-05:00,59.15195089734432,59.57398466303219,58.44856253621552,59.08467102050781,11172731
2022-02-15 00:00:00-05:00,59.9348541464446,62.008321452989804,59.9103877153392,61.726966857910156,10741924
2022-02-16 00:00:00-05:00,61.21930637020265,62.33249722371485,61.096977951908116,62.026676177978516,7850670
2022-02-17 00:00:00-05:00,61.37832859852751,61.42726146070443,59.867570483187684,60.22232437133789,6229366
2022-02-18 00:00:00-05:00,60.1978601510372,60.53426703701545,56.222186667376434,56.69314956665039,25110235
2022-02-22 00:00:00-05:00,56.66256850796838,58.2406065870698,56.49742289780018,57.58614730834961,12349746
2022-02-23 00:00:00-05:00,57.365958661109964,58.02041795984748,56.46072684858006,56.66868591308594,11839969
2022-02-24 00:00:00-05:00,55.40869652380072,56.937801580489,53.641050329258505,56.60139846801758,18285861
2022-02-25 00:00:00-05:00,57.133532862935375,59.58621677888879,56.91945439650145,58.943992614746094,11191511
2022-02-28 00:00:00-05:00,57.959252440847685,58.607592307860855,57.57391642575564,58.41798400878906,10142743
2022-03-01 00:00:00-05:00,58.08157379707041,58.75438001491408,56.19159921793538,56.47295379638672,10806289
2022-03-02 00:00:00-05:00,57.164105199415175,58.07545246374225,56.931679757890656,57.59225082397461,7131107
2022-03-03 00:00:00-05:00,58.069341837920454,58.28953597166431,56.258882121385525,56.54635238647461,7420184
2022-03-04 00:00:00-05:00,55.182383538234276,55.34140970592585,53.53095017248183,54.521812438964844,13545059
2022-03-07 00:00:00-05:00,54.283066101278344,54.61365027505795,52.21385724368006,52.26895523071289,11428423
2022-03-08 00:00:00-05:00,53.2790725342523,55.372769853093,52.3730275543913,53.96472930908203,11006283
2022-03-09 00:00:00-05:00,55.99107394998122,56.92772836285719,55.7706857788389,55.86251449584961,10394261
2022-03-10 00:00:00-05:00,53.732090507685385,56.07678541151571,53.53618698202196,55.911495208740234,13026132
2022-03-11 00:00:00-05:00,56.8114105588957,57.31340978826772,56.113511568277005,56.493072509765625,11342229
2022-03-14 00:00:00-04:00,56.591027729975316,57.53992455060375,56.2849319813855,56.59714889526367,9700540
2022-03-15 00:00:00-04:00,57.08690684153411,57.27668547176226,55.86864491112736,56.53593444824219,8189827
2022-03-16 00:00:00-04:00,57.22158564213437,58.42760137473279,56.77468435630322,57.97458267211914,8954332
2022-03-17 00:00:00-04:00,57.668480393720486,58.50718494123586,57.12362924576408,58.482696533203125,6982315
2022-03-18 00:00:00-04:00,58.51942443847656,58.715327944839046,57.88886951555231,58.51942443847656,11872231
2022-03-21 00:00:00-04:00,57.82153680449724,58.59902232105255,57.331783565124134,58.04804992675781,8799280
2022-03-22 00:00:00-04:00,58.30516888670183,58.91123927019936,57.91336554546178,58.097023010253906,7730288
2022-03-23 00:00:00-04:00,57.90111478043276,57.950091596610775,57.24607141744952,57.36238479614258,7854202
2022-03-24 00:00:00-04:00,57.7847970290228,57.80316427199536,57.33177460373004,57.6195068359375,8561245
2022-03-25 00:00:00-04:00,57.81540365754234,58.1031358750975,57.184848741570526,57.558284759521484,9227359
2022-03-28 00:00:00-04:00,57.3011654204327,57.32565382842354,55.53805252292963,56.321659088134766,12069336
2022-03-29 00:00:00-04:00,56.94609990831346,58.13987331965082,56.94609990831346,57.943973541259766,13794811
2022-03-30 00:00:00-04:00,57.31341235896314,58.243941889247495,57.11750884051269,57.90111541748047,9042452
2022-03-31 00:00:00-04:00,57.392994759528335,57.51543305238919,55.99719672154782,56.01556396484375,13203013
2022-04-01 00:00:00-04:00,56.38287621269234,56.66448727186638,55.77680594162598,56.62163162231445,9054811
2022-04-04 00:00:00-04:00,56.43185790327365,56.517561712949636,55.64825129844668,56.33390426635742,8249536
2022-04-05 00:00:00-04:00,56.11351480762833,56.52980650983051,55.04217972680204,55.15849685668945,10787509
2022-04-06 00:00:00-04:00,54.71159496533189,55.20134813962925,53.76269819013074,55.042179107666016,10556215
2022-04-07 00:00:00-04:00,54.98708512470938,55.14625791666519,53.315800796511716,54.76669692993164,11391666
2022-04-08 00:00:00-04:00,54.7850662822739,55.26257343125934,54.252457396952614,54.938114166259766,6447980
2022-04-11 00:00:00-04:00,54.81567339543504,56.07066598771476,54.50345272740237,54.89525604248047,8655143
2022-04-12 00:00:00-04:00,55.09728240966797,55.917619805511485,54.66874834077839,55.09728240966797,7240254
2022-04-13 00:00:00-04:00,55.195225665398425,55.98495338990392,55.091154617695615,55.556419372558594,6362268
2022-04-14 00:00:00-04:00,55.73396330706365,56.41349516403406,55.482965526361454,55.60540008544922,6146543
2022-04-18 00:00:00-04:00,55.69110694383602,56.01556995397535,55.03606350636064,55.342159271240234,6291965
2022-04-19 00:00:00-04:00,55.587018905268046,56.48081751604117,55.587018905268046,56.26042938232422,7394824
2022-04-20 00:00:00-04:00,56.62775246390004,57.00119223630449,55.86251317359061,55.954341888427734,6424385
2022-04-21 00:00:00-04:00,56.903242681433156,57.4113631059356,55.97271313717813,56.150245666503906,7225326
2022-04-22 00:00:00-04:00,55.64212569763287,55.8931234382834,54.472837048807314,54.52793502807617,7967682
2022-04-25 00:00:00-04:00,54.1789893717636,55.097276564827325,53.00357951559184,55.02381134033203,11080599
2022-04-26 00:00:00-04:00,52.00570560812227,52.17712071578982,48.00197272169957,49.3365478515625,46154289
2022-04-27 00:00:00-04:00,48.97535916343495,50.04669424317223,47.67138982415932,47.87953567504883,20213257
2022-04-28 00:00:00-04:00,47.989727535533575,48.17950614142512,46.43476045307472,47.5856819152832,19277327
2022-04-29 00:00:00-04:00,47.438755897187484,47.83055919306438,45.51647390524227,45.638912200927734,16677077
2022-05-02 00:00:00-04:00,45.35730740347315,46.422517636688745,44.451262465436606,46.25110626220703,18536095
2022-05-03 00:00:00-04:00,47.04695702641517,47.916271256597476,46.51435188945489,47.54283142089844,12595004
2022-05-04 00:00:00-04:00,47.867288256514485,49.44674371493571,47.27346404259335,49.23859786987305,12019739
2022-05-05 00:00:00-04:00,48.59579938443241,49.024333426768344,47.481612373725866,48.11216735839844,11491503
2022-05-06 00:00:00-04:00,47.95299618475221,47.9897269227756,46.642905706859935,47.89177703857422,8609237
2022-05-09 00:00:00-04:00,47.00409452892507,47.114286731531415,44.40839850292122,44.6716423034668,11266308
2022-05-10 00:00:00-04:00,45.30220795420474,45.73074199919154,43.55133728595351,44.87979507446289,10974181
2022-05-11 00:00:00-04:00,45.155278192486186,45.65727368329784,44.11455272504312,44.34718322753906,12465152
2022-05-12 00:00:00-04:00,43.91864420040869,45.430759161975914,43.569696612271294,44.861419677734375,13844409
2022-05-13 00:00:00-04:00,45.54096548470701,46.50822583891434,45.394038769971736,45.945011138916016,8309406
2022-05-16 00:00:00-04:00,45.49198171229205,46.15927111795455,45.136909184973135,45.68788146972656,10451563
2022-05-17 00:00:00-04:00,46.65514817375049,47.26121847237591,46.39802925841462,46.77146530151367,7218585
2022-05-18 00:00:00-04:00,46.31232854549868,46.84493369812573,45.80420805629824,46.036842346191406,11337253
2022-05-19 00:00:00-04:00,45.91440531365997,46.85718108277556,45.57769994957709,46.367427825927734,9992827
2022-05-20 00:00:00-04:00,46.593927742127015,46.795952418901756,44.855303283841586,46.06744384765625,11782667
2022-05-23 00:00:00-04:00,46.53883710414697,46.77147138995634,45.92052439512839,46.19601058959961,8467508
2022-05-24 00:00:00-04:00,45.74910006745737,45.834807615970206,44.11455047486169,45.620540618896484,9837776
2022-05-25 00:00:00-04:00,44.977744857787144,45.66340157720276,44.45738209009917,45.626670837402344,11389740
2022-05-26 00:00:00-04:00,46.049077807750415,47.573435299512234,45.730739746522524,47.144901275634766,7528368
2022-05-27 00:00:00-04:00,47.316323719887855,48.2284898903785,47.13266625261126,48.21624755859375,7819853
2022-05-31 00:00:00-04:00,47.720370503853225,48.38766006676892,47.6040533555329,47.92851638793945,8332038
2022-06-01 00:00:00-04:00,48.41214464405576,48.632532842750955,46.9490061537472,47.45712661743164,9514991
2022-06-02 00:00:00-04:00,47.763218826407766,48.155022121844056,47.24285607032972,47.750972747802734,9897164
2022-06-03 00:00:00-04:00,46.97961300702493,47.23061076733629,46.32456586603704,47.120418548583984,8463013
2022-06-06 00:00:00-04:00,47.69587203968632,47.928502520601455,46.997969351691204,47.13877487182617,7614722
2022-06-07 00:00:00-04:00,47.08368328738395,47.842801469463566,46.63066084417377,47.750972747802734,8227386
2022-06-08 00:00:00-04:00,46.9490077711234,47.92239307634545,46.84493295953105,47.23673629760742,5418794
2022-06-09 00:00:00-04:00,47.07143972626593,47.16938961045932,45.76134924848053,45.77971649169922,8114548
2022-06-10 00:00:00-04:00,44.702257355050556,44.78796491097656,43.3064592968757,43.6064338684082,15384656
2022-06-13 00:00:00-04:00,42.528976752021066,42.8534397540983,41.10257277217519,41.4576416015625,15183217
2022-06-14 00:00:00-04:00,41.59843738756943,42.18614035393837,41.34131851116315,41.6596565246582,8634919
2022-06-15 00:00:00-04:00,42.216755977593614,42.86567817412565,41.5066146351922,42.30246353149414,10576600
2022-06-16 00:00:00-04:00,41.035226594970425,41.16378980514281,39.700647662573274,39.97001266479492,14550650
2022-06-17 00:00:00-04:00,39.90879262639449,40.85156823893473,39.51086817129258,40.40467071533203,14449368
2022-06-21 00:00:00-04:00,41.298471781560515,41.66578668338816,40.22713665122987,40.251625061035156,12972362
2022-06-22 00:00:00-04:00,39.290479893764655,40.03735573360039,39.28435872876949,39.510868072509766,15573094
2022-06-23 00:00:00-04:00,39.4067943296632,39.841449492458146,38.6170666404066,39.22313690185547,10841280
2022-06-24 00:00:00-04:00,39.58433223243236,41.61068518682357,39.43740553441728,41.065834045410156,16044991
2022-06-27 00:00:00-04:00,41.35390466319356,41.61746278398851,40.53871640827251,40.888084411621094,10911904
2022-06-28 00:00:00-04:00,41.34165454725816,41.954577019774426,40.06064582912059,40.379364013671875,11313819
2022-06-29 00:00:00-04:00,40.28742227388981,40.45291357936628,38.78576234179639,39.03705978393555,11088303
2022-06-30 00:00:00-04:00,38.338327792355216,39.079966930572596,37.85411832494729,39.024803161621094,13967359
2022-07-01 00:00:00-04:00,38.91447564380258,39.55804419181939,38.129933436491704,38.94512176513672,10997455
2022-07-05 00:00:00-04:00,37.70088186528363,38.06863526400961,36.73246308081504,38.01960372924805,12889860
2022-07-06 00:00:00-04:00,37.73152716704709,38.221865021426424,37.22280389486372,37.73765563964844,7852596
2022-07-07 00:00:00-04:00,38.35058897665368,38.693824789172396,37.9644463420122,38.61414337158203,10110160
2022-07-08 00:00:00-04:00,38.54059613508391,39.45997983286024,38.12380735760149,38.76737594604492,9940822
2022-07-11 00:00:00-04:00,38.24025678500244,38.381230428852,37.64572359741197,37.94605255126953,7662393
2022-07-12 00:00:00-04:00,37.38829824841467,39.551915927198216,37.38829824841467,38.62640380859375,11678496
2022-07-13 00:00:00-04:00,38.03186475338977,38.430264311402055,37.517009189380005,38.007347106933594,6961770
2022-07-14 00:00:00-04:00,37.388298602032876,37.48636544116946,36.77537616631334,37.44346237182617,8179393
2022-07-15 00:00:00-04:00,38.050258359515574,38.60801705513619,37.38217211843467,38.52833938598633,9391720
2022-07-18 00:00:00-04:00,39.46610757172235,39.90128551621055,38.81641052130881,39.03093338012695,10607899
2022-07-19 00:00:00-04:00,39.533528088947484,40.94325347829534,39.521271141091944,40.90647888183594,10070675
2022-07-20 00:00:00-04:00,40.63678467436243,41.85037240144235,40.48355409028123,41.611331939697266,11004036
2022-07-21 00:00:00-04:00,41.49487997895445,41.887151062913595,41.12712654141009,41.75843811035156,9551106
2022-07-22 00:00:00-04:00,41.923920915302006,42.144572202298725,41.58068516298577,41.79520797729492,9009387
2022-07-25 00:00:00-04:00,41.29874476657106,42.24877828386744,41.084221916544415,41.899410247802734,9468604
2022-07-26 00:00:00-04:00,42.708474247012965,44.97015897862817,42.38362382717028,43.83012390136719,28957643
2022-07-27 00:00:00-04:00,44.13045750309884,44.37562650295533,42.96590100088743,43.87302780151367,11570152
2022-07-28 00:00:00-04:00,45.693397535124724,45.90792035205526,44.68820415664323,44.82917404174805,18063717
2022-07-29 00:00:00-04:00,44.743377326116864,45.67501796868199,44.394009270485284,45.3011360168457,12729511
2022-08-01 00:00:00-04:00,44.92725423118163,46.796667750170315,44.55336852506959,46.45956039428711,14685317
2022-08-02 00:00:00-04:00,46.11632332936844,46.61278976234104,45.55243242471049,45.57695007324219,9290599
2022-08-03 00:00:00-04:00,45.92018401402899,46.15309603620551,45.39307148019503,45.80986022949219,9678390
2022-08-04 00:00:00-04:00,45.65662847272137,45.754695307468616,45.08660913185847,45.154029846191406,6942669
2022-08-05 00:00:00-04:00,45.006930694674494,45.99373883960273,44.865960783179595,45.57695007324219,7447953
2022-08-08 00:00:00-04:00,46.50859737617315,47.06022761485893,45.883414187260115,46.07954788208008,9833442
2022-08-09 00:00:00-04:00,46.19599426700283,46.63730061761373,45.88953308722814,45.926307678222656,7581496
2022-08-10 00:00:00-04:00,46.710856778960036,47.68540422683515,46.52698004362106,47.28087615966797,16331500
2022-08-11 00:00:00-04:00,47.807988932126555,48.54962810364427,47.78347128339251,48.359619140625,14557872
2022-08-12 00:00:00-04:00,48.598657545805935,49.01544629757574,48.15122267266755,48.990928649902344,8273452
2022-08-15 00:00:00-04:00,48.61090868909428,49.12576042455157,48.46993505735741,48.9173698425293,5467107
2022-08-16 00:00:00-04:00,48.6170449106656,49.83063277285903,48.5067173766871,49.689659118652344,9268610
2022-08-17 00:00:00-04:00,49.07060831875055,49.26674198736626,48.58027039431876,48.984798431396484,6485057
2022-08-18 00:00:00-04:00,48.892861201189426,48.96641039039798,48.42704091278586,48.549625396728516,6421014
2022-08-19 00:00:00-04:00,48.11445271493814,48.16961648929688,47.36056030834541,47.636375427246094,5801930
2022-08-22 00:00:00-04:00,46.66181866667868,46.686332558959165,45.5769438291456,45.834373474121094,8143279
2022-08-23 00:00:00-04:00,45.96309701533947,47.37894725395629,45.92019018817343,46.64344024658203,7642490
2022-08-24 00:00:00-04:00,46.674084367429515,47.366688270786376,46.50859679903457,47.035709381103516,7649392
2022-08-25 00:00:00-04:00,47.421850063984394,48.837704047604895,47.38507546439922,47.893802642822266,8349212
2022-08-26 00:00:00-04:00,48.047028682256794,48.18800234558551,46.0979338084661,46.134708404541016,8628819
2022-08-29 00:00:00-04:00,45.87115750523023,47.09700248721102,45.527917907961175,46.61279296875,7868808
2022-08-30 00:00:00-04:00,47.04796579803399,47.305395488387084,45.55856268773364,46.04890441894531,6886330
2022-08-31 00:00:00-04:00,46.22051322848322,46.453425232903015,44.96402235561777,45.01305389404297,10274200
2022-09-01 00:00:00-04:00,44.896603234320615,44.896603234320615,43.7810822169357,44.79240417480469,8002191
2022-09-02 00:00:00-04:00,45.22758242363764,45.576950474279734,44.19787495228077,44.39400863647461,6479760
2022-09-06 00:00:00-04:00,44.436910064113434,44.522719955110325,43.60333630777075,44.228519439697266,6472859
2022-09-07 00:00:00-04:00,44.06915437496649,45.19693234254135,43.95883059460451,45.0988655090332,5494394
2022-09-08 00:00:00-04:00,44.46142454881741,45.405325776845565,44.179481000936896,45.2153205871582,5810597
2022-09-09 00:00:00-04:00,45.681150108388536,45.95083298926831,45.1601622629617,45.38081359863281,10795534
2022-09-12 00:00:00-04:00,45.607596994745464,46.88247721180238,45.51565862581038,46.16535568237305,11661482
2022-09-13 00:00:00-04:00,44.902730912267046,45.27048434497729,43.28461505776347,43.419456481933594,11574005
2022-09-14 00:00:00-04:00,43.33365308114617,43.51752982501509,42.09555117358594,42.922996520996094,9968109
2022-09-15 00:00:00-04:00,42.769763640635865,43.38881456169787,42.13845201889482,42.23651885986328,7908775
2022-09-16 00:00:00-04:00,40.08516529345704,40.82067229377666,39.95032009166258,40.69195556640625,22966955
2022-09-19 00:00:00-04:00,40.20161533490361,41.366171773666984,40.12193766602715,41.09648513793945,8045047
2022-09-20 00:00:00-04:00,40.728734775313775,41.18842666018144,40.4161450441824,40.814544677734375,8379870
2022-09-21 00:00:00-04:00,41.078094851538694,41.10874097402203,39.93805984573723,39.97483444213867,10164733
2022-09-22 00:00:00-04:00,39.83999092265961,40.27516508860578,39.54578666103518,40.06064224243164,11345279
2022-09-23 00:00:00-04:00,39.564178466796875,39.889028901728516,38.95125595024147,39.564178466796875,13124524
2022-09-26 00:00:00-04:00,39.60099254130721,40.601297258242404,39.40461549926377,39.49052810668945,16780605
2022-09-27 00:00:00-04:00,39.797371933604104,40.07966911484305,38.975039733628336,39.56417465209961,12596770
2022-09-28 00:00:00-04:00,39.88329421171326,39.926254281876275,39.39234774733656,39.55804443359375,10686228
2022-09-29 00:00:00-04:00,39.13459951709514,39.34325250082615,37.99928590059822,38.496368408203125,14124337
2022-09-30 00:00:00-04:00,38.44113123591739,38.84002515794179,37.97473294013719,37.993141174316406,12709126
2022-10-03 00:00:00-04:00,38.51477890553773,39.50894773665426,38.14043298314788,39.0302734375,8721754
2022-10-04 00:00:00-04:00,39.815785158253675,41.50955326789619,39.80964907967809,41.448184967041016,12441557
2022-10-05 00:00:00-04:00,40.92654435953936,41.859344643644576,40.53379030049408,41.386810302734375,9327837
2022-10-06 00:00:00-04:00,40.95109630828475,41.411362295096154,40.374233562766506,40.638118743896484,7953396
2022-10-07 00:00:00-04:00,40.26377868229411,40.36810329960174,39.337118012070526,39.61941146850586,6856315
2022-10-10 00:00:00-04:00,39.92011537107096,40.26991319910837,39.31256841298772,39.87715530395508,5764210
2022-10-11 00:00:00-04:00,39.57644699495848,40.04898515367413,38.711154727114945,39.27574157714844,8500412
2022-10-12 00:00:00-04:00,39.08549891357927,40.14717194770119,38.698877142007866,39.72986602783203,8598323
2022-10-13 00:00:00-04:00,39.08549687956039,41.95139843595767,38.77865541255099,41.69365310668945,12818915
2022-10-14 00:00:00-04:00,41.91457709962062,42.209146403155714,41.23338981243844,41.46658706665039,9106174
2022-10-17 00:00:00-04:00,42.31348065213094,43.074448395292634,41.99436696510343,42.117103576660156,8251944
2022-10-18 00:00:00-04:00,43.074439297742465,43.65743807950448,42.914882487927954,43.38741683959961,9806637
2022-10-19 00:00:00-04:00,43.12354328929852,43.55925749614834,42.55281655913126,43.28310012817383,8408280
2022-10-20 00:00:00-04:00,43.424252071272846,43.94588269535692,42.85352529719609,42.9394416809082,9609852
2022-10-21 00:00:00-04:00,42.95784619071173,44.73753074656173,42.80442543223757,44.68843460083008,10352529
2022-10-24 00:00:00-04:00,44.79889604113729,45.6089560884551,44.657747449801064,45.01982116699219,10913990
2022-10-25 00:00:00-04:00,46.02627063383416,46.17969141069526,43.62063059812187,44.79890441894531,15445168
2022-10-26 00:00:00-04:00,44.9768687125759,47.026570835184174,44.91549665050213,46.30855941772461,12975572
2022-10-27 00:00:00-04:00,46.82405471525406,47.64025468217801,46.57244541398161,46.639949798583984,10105505
2022-10-28 00:00:00-04:00,47.063383436217684,48.09437228808967,46.99587906369554,48.06982421875,8648081
2022-10-31 00:00:00-04:00,47.7323089252606,48.395088153074646,47.585024234907465,47.75071716308594,10585428
2022-11-01 00:00:00-04:00,48.210974414830986,49.149910929485166,47.529787020645436,47.99618911743164,9174391
2022-11-02 00:00:00-04:00,47.92254558343735,48.88603018388338,47.42546308641729,47.49910354614258,10230221
2022-11-03 00:00:00-04:00,47.17384912237749,48.34598282837245,46.9897404762148,48.10050964355469,13947456
2022-11-04 00:00:00-04:00,49.08854075228902,49.8065521059259,48.744879029012594,49.751319885253906,11558435
2022-11-07 00:00:00-05:00,49.77587382409085,51.45123008918907,49.751325750059564,51.2180290222168,12864178
2022-11-08 00:00:00-05:00,51.42667517739441,51.985125938991416,50.72093974874283,51.54941177368164,10052376
2022-11-09 00:00:00-05:00,51.07074256478565,52.03422719486913,50.87436549444435,51.02778625488281,7961743
2022-11-10 00:00:00-05:00,52.304245004695595,52.574266276611446,51.64146586067939,52.396297454833984,13786304
2022-11-11 00:00:00-05:00,52.641768462179726,53.25545143753664,52.255146684685094,52.96702194213867,12490513
2022-11-14 00:00:00-05:00,52.764503462808996,53.451826871419364,52.57426249770696,52.67245101928711,7906367
2022-11-15 00:00:00-05:00,53.10816201291785,53.77094106993146,52.91178498142077,53.47637176513672,7913108
2022-11-16 00:00:00-05:00,53.286136190879134,53.3475044891111,51.948305786402514,52.10172653198242,7629328
2022-11-17 00:00:00-05:00,51.395990654296135,52.635632522305556,51.06460109522235,52.40243148803711,7466411
2022-11-18 00:00:00-05:00,53.07748741398932,53.48251746277332,52.071046492051934,52.45766830444336,6555521
2022-11-21 00:00:00-05:00,52.230596274934896,52.776774850051005,51.997399009273025,52.70927047729492,5247691
2022-11-22 00:00:00-05:00,52.96087918835714,53.75253093445977,52.7767743058937,53.57456588745117,6797569
2022-11-23 00:00:00-05:00,53.408871552573856,53.979598215956194,53.353639333932115,53.92436599731445,5867738
2022-11-25 00:00:00-05:00,53.82004367636374,54.23734585784681,53.60525462841598,54.09006118774414,3040207
2022-11-28 00:00:00-05:00,53.51319591748914,53.73412479107911,52.26128191652663,52.4515266418457,6876058
2022-11-29 00:00:00-05:00,52.623362719015,52.72769109174452,52.138552359401075,52.56813049316406,7205262
2022-11-30 00:00:00-05:00,52.55585635917567,52.991570555528625,51.05233294753607,52.75837326049805,11654259
2022-12-01 00:00:00-05:00,52.90564201992581,53.15111893111533,52.08330996126879,52.3226432800293,6806718
2022-12-02 00:00:00-05:00,51.89921878210472,53.359782176894555,51.80102648871559,53.31682586669922,7191459
2022-12-05 00:00:00-05:00,52.67859234951152,52.80746503178117,51.92990057057375,51.954444885253906,7568656
2022-12-06 00:00:00-05:00,53.15112645970995,53.451828109473524,51.837840392653405,52.33492660522461,9444207
2022-12-07 00:00:00-05:00,52.16310119628906,52.8258804011008,52.052640500520404,52.16310119628906,7801715
2022-12-08 00:00:00-05:00,52.53130739915549,52.89338112939211,50.74549057762364,51.32235336303711,10334231
2022-12-09 00:00:00-05:00,51.31621443585936,51.42667888349837,49.9108795555841,49.98452377319336,8899117
2022-12-12 00:00:00-05:00,50.15021724300889,51.09528986451384,49.726775199098576,51.064605712890625,7480054
2022-12-13 00:00:00-05:00,51.89921605188249,52.1017291918569,50.2790883867892,50.86208724975586,12391318
2022-12-14 00:00:00-05:00,50.60408766682813,51.19379553870643,49.96523997974656,50.04509735107422,12271899
2022-12-15 00:00:00-05:00,49.185119830364194,49.88539523173868,48.220704241070564,48.4111328125,15598294
2022-12-16 00:00:00-05:00,47.784562002785876,48.12855576446811,47.108858493303615,47.69856262207031,15978540
2022-12-19 00:00:00-05:00,47.45285003243844,48.128553510272795,47.422136237991424,47.95041275024414,7061125
2022-12-20 00:00:00-05:00,47.93813307929772,49.63353769529103,47.821419897590914,49.344825744628906,11196647
2022-12-21 00:00:00-05:00,49.78095650950844,51.34736379081363,49.7379587016632,50.97265625,12127441
2022-12-22 00:00:00-05:00,50.48124152981575,50.80680553358155,49.314113438634436,50.22938537597656,9730074
2022-12-23 00:00:00-05:00,50.19252893496653,50.610238089098026,49.731821968430424,50.24167251586914,5286213
2022-12-27 00:00:00-05:00,50.37066898228287,51.040230516154736,50.309241387637385,50.886661529541016,6804792
2022-12-28 00:00:00-05:00,50.97879368053581,51.08936107414693,49.940666766973244,50.352230072021484,6210907
2022-12-29 00:00:00-05:00,50.524238086234405,51.54393540748164,50.370669099264035,51.44565200805664,7088733
2022-12-30 00:00:00-05:00,50.92966192308672,51.61765327470049,50.849808302707686,51.4702262878418,6625342
2023-01-03 00:00:00-05:00,51.629928144828234,52.26877580060642,51.31664820398096,52.20120620727539,10280781
2023-01-04 00:00:00-05:00,53.83100838447777,55.239540100097656,52.52477699605618,55.239540100097656,21031104
2023-01-05 00:00:00-05:00,55.00347442768755,56.30184121319223,54.29527436286681,56.09724807739258,16001061
2023-01-06 00:00:00-05:00,56.66381279724651,56.91561627581517,55.6723318989074,56.60873031616211,13018044
2023-01-09 00:00:00-05:00,56.655942968919035,58.15889927453509,56.624469413398366,57.18315887451172,9488844
2023-01-10 00:00:00-05:00,56.81332288627865,59.307756407271235,56.81332288627865,59.229068756103516,11597142
2023-01-11 00:00:00-05:00,59.661856163733965,61.14120731717979,59.417921061342064,61.133338928222656,12729603
2023-01-12 00:00:00-05:00,61.28284225705172,62.32940562839263,60.81857724628876,62.053993225097656,14407871
2023-01-13 00:00:00-05:00,61.991046255789826,63.42318708183947,61.77071631929292,63.108428955078125,13843395
2023-01-17 00:00:00-05:00,62.88808833035765,63.470386628602675,62.76218660552298,63.33661651611328,10640727
2023-01-18 00:00:00-05:00,63.69072100837842,63.87956984773662,62.274320862573425,62.376617431640625,9816378
2023-01-19 00:00:00-05:00,61.330055583566995,61.96743641684685,60.33070631686399,60.48021697998047,13045860
2023-01-20 00:00:00-05:00,61.05464232695674,61.18054405417426,59.54381407798723,61.12546157836914,10351409
2023-01-23 00:00:00-05:00,61.0703879818769,62.96678631484931,61.01530549806308,62.77006530761719,13729748
2023-01-24 00:00:00-05:00,61.37726890466677,63.61989873382267,60.960217996507545,63.50186538696289,16767395
2023-01-25 00:00:00-05:00,62.777925406414866,64.01333753165902,62.50251678489507,63.57268524169922,10652380
2023-01-26 00:00:00-05:00,64.11563134762767,64.19432274569886,63.0454666978906,63.84809112548828,8158534
2023-01-27 00:00:00-05:00,63.73793515840443,66.09073382090989,63.65924374924489,65.4926986694336,9760244
2023-01-30 00:00:00-05:00,64.84743696235068,65.11497718629072,63.47825476979478,63.604156494140625,7175806
2023-01-31 00:00:00-05:00,63.3051454464623,63.66711385984264,62.53399076956367,63.32875061035156,8625026
2023-02-01 00:00:00-05:00,63.16350168359858,64.89465993295276,62.9589123056821,64.77662658691406,9112192
2023-02-02 00:00:00-05:00,64.67433321520105,66.12220699223693,64.4461349000856,66.05138397216797,10391129
2023-02-03 00:00:00-05:00,65.71302241518404,65.85466092045839,64.38317458505875,64.49333953857422,7240085
2023-02-06 00:00:00-05:00,64.1077686319078,64.87104742799998,63.92678817939881,64.80023193359375,5425114
2023-02-07 00:00:00-05:00,64.50909256880485,64.81598234285907,63.375976718739615,64.61138916015625,5891982
2023-02-08 00:00:00-05:00,64.28088554184241,64.99695397851323,63.97399584511518,64.49333953857422,4269472
2023-02-09 00:00:00-05:00,64.79236059112617,65.02055888519436,63.29726909782005,63.57268524169922,4838334
2023-02-10 00:00:00-05:00,63.58842410389477,64.01333963197912,63.2657976219784,63.966129302978516,4373095
2023-02-13 00:00:00-05:00,63.8953017862231,65.24875472388317,63.80088113487303,65.05989837646484,5114245
2023-02-14 00:00:00-05:00,64.62710778048954,65.9490796619533,64.49333766703681,65.73662567138672,6726731
2023-02-15 00:00:00-05:00,65.00482864815208,66.7202426978103,64.87105099553054,66.70450592041016,7305617
2023-02-16 00:00:00-05:00,65.7917153981856,66.5235207119958,65.29597679995032,66.13794708251953,5645893
2023-02-17 00:00:00-05:00,65.77598457941755,65.9569725881907,64.70581587334485,65.34319305419922,5543523
2023-02-21 00:00:00-05:00,64.63499522416944,65.61073565336794,64.3753158162784,64.72941589355469,5101965
2023-02-22 00:00:00-05:00,64.65073812715639,66.35828404001992,64.60352026563,65.46122741699219,10829053
2023-02-23 00:00:00-05:00,65.69727976422364,66.421216606986,64.44613082684332,65.26449584960938,10120732
2023-02-24 00:00:00-05:00,64.33596742761424,65.92547966043382,64.24940763365264,65.74449920654297,8704340
2023-02-27 00:00:00-05:00,66.09860377057971,66.77532282483689,65.69728584898456,65.97270202636719,8007297
2023-02-28 00:00:00-05:00,65.79957304762763,67.39696107273257,65.67367132136096,66.65727996826172,11441143
2023-03-01 00:00:00-05:00,66.61794187596085,67.16876666165588,65.90187341573716,66.2087631225586,7512988
2023-03-02 00:00:00-05:00,65.78384550639788,67.45991764421981,65.6107334293657,67.4520492553711,8546337
2023-03-03 00:00:00-05:00,67.59369214368236,68.49074870927049,67.0035253301009,67.97139739990234,9618780
2023-03-06 00:00:00-05:00,68.23918317883307,69.16857396030562,68.10528904529889,68.56998443603516,8084105
2023-03-07 00:00:00-05:00,68.49121849020851,68.9795409174052,67.81386462633364,68.04227447509766,8643445
2023-03-08 00:00:00-05:00,68.34158400924626,68.84565788251653,67.79024850452295,68.5069808959961,7598067
2023-03-09 00:00:00-05:00,70.85408083670075,74.77641200853351,70.70442779725025,72.11426544189453,35826152
2023-03-10 00:00:00-05:00,72.3820515276136,74.19357154831047,71.5077980137701,71.6731948852539,23152683
2023-03-13 00:00:00-04:00,70.64928800022496,71.46053596007326,69.04255097402655,70.07432556152344,14201502
2023-03-14 00:00:00-04:00,71.80709075927734,73.3114364351483,71.04309686852294,71.80709075927734,14218418
2023-03-15 00:00:00-04:00,70.09008324024406,70.69654846191406,68.08953934167897,70.69654846191406,15107797
2023-03-16 00:00:00-04:00,70.4129938890613,72.53956331995191,69.75927470928302,72.43717193603516,10183883
2023-03-17 00:00:00-04:00,72.29542626889182,72.32692900389081,70.37363896460342,71.11399841308594,12765689
2023-03-20 00:00:00-04:00,71.3817665771008,71.85433758607546,70.42087319609664,70.82255554199219,8705343
2023-03-21 00:00:00-04:00,71.65743513030871,73.27993104069554,71.64168376623368,72.60257720947266,8553980
2023-03-22 00:00:00-04:00,72.8467435987435,72.93338363665859,70.53114985749724,70.56265258789062,8784783
2023-03-23 00:00:00-04:00,71.3817753517909,73.20904663075738,71.30301852683536,72.13788604736328,10834691
2023-03-24 00:00:00-04:00,71.33452260990207,72.73647694336834,71.13761548511187,71.96461486816406,8342975
2023-03-27 00:00:00-04:00,72.68134387684762,73.7525044321018,72.54744974860746,73.49259185791016,7524516
2023-03-28 00:00:00-04:00,73.51620940918986,73.83125171871023,72.90186862335989,73.35868072509766,5023152
2023-03-29 00:00:00-04:00,74.01241668925948,74.36684497872979,73.77613116294594,74.08330535888672,6162254
2023-03-30 00:00:00-04:00,73.99666736961031,74.28020699728886,73.68949316518093,74.07542419433594,6623107
2023-03-31 00:00:00-04:00,74.45349853003822,75.3513791754418,74.28021843030474,75.29624938964844,9247391
2023-04-03 00:00:00-04:00,75.41437658823,76.35163545835245,75.1072024000054,76.33588409423828,6199468
2023-04-04 00:00:00-04:00,76.36741352956855,77.0841459527493,74.56376894556436,74.8630599975586,8554983
2023-04-05 00:00:00-04:00,74.80791842324976,75.0757066969142,73.7682605304347,74.23295593261719,10642230
2023-04-06 00:00:00-04:00,74.13055873266498,74.343217210149,73.67373904898312,73.72100067138672,8025340
2023-04-10 00:00:00-04:00,73.90216162160831,74.8158011463605,73.72888905450057,74.3196029663086,7499832
2023-04-11 00:00:00-04:00,74.43772003987681,74.79214830040182,73.94152198100825,73.96515655517578,6663078
2023-04-12 00:00:00-04:00,74.24084085742113,74.56376648017735,73.88641249956707,74.11482238769531,8768118
2023-04-13 00:00:00-04:00,74.33534422684127,74.5795054419038,73.61861194658248,74.27233123779297,11044694
2023-04-14 00:00:00-04:00,73.92578626998797,75.32774824570001,73.88640785359176,75.17022705078125,7211767
2023-04-17 00:00:00-04:00,75.31199429790995,76.28076354272457,75.20172720644592,76.2177505493164,7676003
2023-04-18 00:00:00-04:00,76.39889343029105,77.59607233910381,76.28862635742679,77.55668640136719,8909832
2023-04-19 00:00:00-04:00,77.64333627880525,78.2182987611072,77.51731782659294,77.99776458740234,7038101
2023-04-20 00:00:00-04:00,78.21041941436832,79.13192695008266,78.02138798023907,78.57272338867188,8661237
2023-04-21 00:00:00-04:00,78.74600366760328,78.82476802778652,78.07653295871377,78.37582397460938,5112741
2023-04-24 00:00:00-04:00,78.43094637400974,79.36820518826057,78.43094637400974,78.8798828125,7833505
2023-04-25 00:00:00-04:00,80.29761137156204,80.34487299955549,76.83209245250482,77.53307342529297,11649768
2023-04-26 00:00:00-04:00,77.36768121697175,77.5409537851751,75.6821795191111,75.77669525146484,8032357
2023-04-27 00:00:00-04:00,76.41466373346171,77.33617895318281,76.08386243287795,77.2337875366211,9348633
2023-04-28 00:00:00-04:00,76.50129968425,78.54122963456054,76.30439254530863,77.95051574707031,6279159
2023-05-01 00:00:00-04:00,78.36006606825919,80.33699035625501,78.26555034979462,79.6911392211914,7408237
2023-05-02 00:00:00-04:00,79.24219322789335,80.36061539803501,78.91139951552242,79.9510498046875,7485046
2023-05-03 00:00:00-04:00,80.24248569006024,81.08523653122451,79.79354161251767,80.15584564208984,5917543
2023-05-04 00:00:00-04:00,79.93530193030556,80.1400847359204,76.72182767706708,78.2261734008789,9055431
2023-05-05 00:00:00-04:00,79.21856339157675,80.14795409677899,78.56484414275327,78.95077514648438,6302841
2023-05-08 00:00:00-04:00,78.93502326278382,79.63600412804635,78.93502326278382,79.48635864257812,4282128
2023-05-09 00:00:00-04:00,79.36821405659053,80.25822641009496,79.36821405659053,79.54936981201172,6520737
2023-05-10 00:00:00-04:00,79.92741707622083,80.07706255730636,77.5488106248654,78.3994369506836,5053224
2023-05-11 00:00:00-04:00,78.28919146067491,78.74600366760328,77.83237172441281,78.37582397460938,5117628
2023-05-12 00:00:00-04:00,78.43096079651124,78.76175454268412,76.95811018747025,77.81661987304688,4332874
2023-05-15 00:00:00-04:00,78.08440954028329,80.58115922295026,77.9898938128426,80.33699798583984,7973716
2023-05-16 00:00:00-04:00,79.73052063575837,80.5181340098004,79.4627248604247,79.6517562866211,5523851
2023-05-17 00:00:00-04:00,80.23460455385336,81.58142916561754,79.98256763991701,81.49478912353516,6871703
2023-05-18 00:00:00-04:00,81.037960717407,82.13274829802423,80.12432888453672,81.92009735107422,5772320
2023-05-19 00:00:00-04:00,82.32177955886509,83.31417574037009,81.7862030575236,82.11699676513672,7230687
2023-05-22 00:00:00-04:00,81.99097729973263,83.44019314333369,81.99097729973263,82.34540557861328,4996087
2023-05-23 00:00:00-04:00,81.80196089044685,82.0224950658501,79.76990674470765,80.1007080078125,5738239
2023-05-24 00:00:00-04:00,79.76990828715249,79.91955379145061,78.69087196682705,79.53362274169922,6275400
2023-05-25 00:00:00-04:00,79.86442277598552,80.40787500452264,79.18706888167344,79.95893096923828,6737506
2023-05-26 00:00:00-04:00,80.01405894511772,81.8728328022826,79.9904318995604,80.91981506347656,6796523
2023-05-30 00:00:00-04:00,81.14036103755743,81.17973945255775,79.28158690953717,80.65203857421875,7098370
2023-05-31 00:00:00-04:00,79.80140764131072,80.2109657224071,78.53334745589056,79.96680450439453,13358734
2023-06-01 00:00:00-04:00,79.71477421072032,82.83374052547214,79.60450711641424,82.43993377685547,7797043
2023-06-02 00:00:00-04:00,83.09364001935452,84.04665777234358,82.33752937427205,83.32992553710938,7477278
2023-06-05 00:00:00-04:00,83.32993865331021,83.32993865331021,81.9909896850586,81.9909896850586,5108732
2023-06-06 00:00:00-04:00,82.17213660633753,83.57409088925144,81.99098085336942,83.06214141845703,7794036
2023-06-07 00:00:00-04:00,83.99153679866772,84.53498902884384,83.20391581385196,83.55046844482422,9121088
2023-06-08 00:00:00-04:00,83.36144667139695,84.44835868902399,83.19604226978683,83.54259490966797,4477596
2023-06-09 00:00:00-04:00,83.71587157074276,83.9206468496314,82.76285373237641,83.72374725341797,4365076
2023-06-12 00:00:00-04:00,83.73162260962991,84.18844232034397,83.21178990842657,83.66860961914062,4677449
2023-06-13 00:00:00-04:00,83.51109372079746,84.393222938128,83.3378136329882,84.07030487060547,5411582
2023-06-14 00:00:00-04:00,84.05453237163076,84.11754535590897,81.88070864801958,82.46354675292969,6429268
2023-06-15 00:00:00-04:00,82.25877219034919,83.2039143436947,81.90435141217795,83.02276611328125,8733159
2023-06-16 00:00:00-04:00,83.44807030744603,85.77154713115215,83.44019462528654,83.71586608886719,13731752
2023-06-20 00:00:00-04:00,83.55047480560825,83.65286621906948,81.44753934062504,81.92798614501953,8068443
2023-06-21 00:00:00-04:00,81.62868816446303,83.24330868239325,81.58143406376293,82.73922729492188,5983576
2023-06-22 00:00:00-04:00,82.43205649288835,83.32206138393238,82.41630512676963,82.55807495117188,5292046
2023-06-23 00:00:00-04:00,81.19549280011707,82.20364038991185,80.84106450132988,81.73894500732422,7532911
2023-06-26 00:00:00-04:00,81.54203946243135,82.7864801381256,81.40814532865834,82.26665496826172,5326378
2023-06-27 00:00:00-04:00,82.40842334044531,82.86523551205747,82.19576485492482,82.63683319091797,5973427
2023-06-28 00:00:00-04:00,82.92823524933269,84.56648235323108,82.67619839170708,84.31444549560547,6009012
2023-06-29 00:00:00-04:00,83.66073114095734,84.92879882701503,83.51896132876034,84.85791015625,4070746
2023-06-30 00:00:00-04:00,85.84243674086483,86.84271623781548,85.53527004767021,86.51979064941406,9250648
2023-07-03 00:00:00-04:00,85.89757456195709,86.11022553184445,84.51923968784592,85.28323364257812,3723916
2023-07-05 00:00:00-04:00,85.2359690515798,85.84243426688772,84.87366505893698,85.57464599609375,4588235
2023-07-06 00:00:00-04:00,85.07057161007513,85.65340977331287,84.16480786992639,84.56649780273438,4594375
2023-07-07 00:00:00-04:00,84.38534012343666,85.74791601465978,84.22781894455919,85.27535247802734,4843847
2023-07-10 00:00:00-04:00,85.44875839866846,87.2773885546953,85.41723237112356,87.11974334716797,5805400
2023-07-11 00:00:00-04:00,87.27738829534651,87.90794651887785,86.8832828126007,87.66360473632812,4746113
2023-07-12 00:00:00-04:00,87.71877596954586,88.25475611491014,87.40350062276825,87.64784240722656,5403938
2023-07-13 00:00:00-04:00,87.68724720359806,88.1365232238631,87.34831981172974,87.71089172363281,3477075
2023-07-14 00:00:00-04:00,87.49018993626636,87.66359814401052,86.72563861866033,86.92269134521484,3405529
2023-07-17 00:00:00-04:00,87.03304913967132,88.3966327520082,86.82023337814948,87.60054779052734,4557412
2023-07-18 00:00:00-04:00,87.41137158485412,88.14439684980081,87.11185175315626,87.53748321533203,4476718
2023-07-19 00:00:00-04:00,86.96208899253672,87.3404238552035,85.77978783739057,86.61528015136719,5604920
2023-07-20 00:00:00-04:00,86.73352597006735,88.15228761311084,86.67047391565724,87.67936706542969,5158852
2023-07-21 00:00:00-04:00,87.8369970910675,88.18380596484104,86.56011775138838,86.96209716796875,10277106
2023-07-24 00:00:00-04:00,87.01726270236047,87.47441259585068,86.74926892837016,86.89903259277344,6687261
2023-07-25 00:00:00-04:00,90.24889596555421,92.9760706049016,89.56316720351671,92.34551239013672,21329067
2023-07-26 00:00:00-04:00,92.32975518825332,92.52680040438821,89.42129817560982,90.42230987548828,9449750
2023-07-27 00:00:00-04:00,91.08439343532034,92.42433254097995,90.58782834295073,90.97404479980469,7752311
2023-07-28 00:00:00-04:00,91.06073775179581,91.31296102065717,89.87055496347462,90.16219329833984,5600785
2023-07-31 00:00:00-04:00,90.2016058688036,90.44594764509516,89.63409971470988,90.0439682006836,5169252
2023-08-01 00:00:00-04:00,89.61045892635859,90.01243838750972,88.49121711978584,89.24000549316406,6595040
2023-08-02 00:00:00-04:00,89.04295668535882,89.46070671385912,88.2232347128371,88.2547607421875,5377375
2023-08-03 00:00:00-04:00,88.14439139361932,89.20058094280597,87.92369417021912,88.5621337890625,4347409
2023-08-04 00:00:00-04:00,88.9247127555865,89.75232364205425,88.12075392236694,89.11388397216797,6118274
2023-08-07 00:00:00-04:00,89.49223140170973,90.62723625542723,89.49223140170973,90.43019104003906,4140914
2023-08-08 00:00:00-04:00,90.16220626809596,90.50900766149181,89.16118701997462,89.50011444091797,4735463
2023-08-09 00:00:00-04:00,89.77596746458195,89.79961951764683,88.26262788326223,88.41238403320312,3900213
2023-08-10 00:00:00-04:00,88.63308010046772,90.67451823496326,88.63308010046772,89.51586151123047,5853515
2023-08-11 00:00:00-04:00,89.49222060392792,90.9503896824114,89.42128704751137,90.32771301269531,4463437
2023-08-14 00:00:00-04:00,90.24888904899368,91.31296019324232,90.0124287947162,91.07649993896484,4916020
2023-08-15 00:00:00-04:00,90.36713051115754,90.37501201829535,89.43705992458516,89.736572265625,4276614
2023-08-16 00:00:00-04:00,89.64197314133943,90.91097848328013,89.4370464517252,89.51586151123047,4614924
2023-08-17 00:00:00-04:00,89.8390295328166,90.16219389470182,87.44290092788418,87.45866394042969,5734981
2023-08-18 00:00:00-04:00,86.93845707216659,88.2232255182176,86.71775981991108,88.11287689208984,5651281
2023-08-21 00:00:00-04:00,88.30992194855403,88.65673083941459,87.5059630757828,88.29415893554688,3686075
2023-08-22 00:00:00-04:00,88.39663056662552,89.10601139755954,87.36408534784783,88.01041412353516,3308421
2023-08-23 00:00:00-04:00,87.88428768355269,89.66562096792097,87.88428768355269,89.43704223632812,3568043
2023-08-24 00:00:00-04:00,89.22423167841548,89.82326381158433,87.50595787416032,87.52172088623047,4211960
2023-08-25 00:00:00-04:00,87.84489222102478,88.57003610549529,86.87540653928492,88.2547607421875,3903596
2023-08-28 00:00:00-04:00,88.71189735999397,90.075480691339,88.39661453623151,89.82325744628906,3524313
2023-08-29 00:00:00-04:00,89.59469367796844,91.17109299020387,89.00354299401748,90.90310668945312,5833091
2023-08-30 00:00:00-04:00,90.52476784052168,91.10014795108195,89.81538705048466,90.09913635253906,6086573
2023-08-31 00:00:00-04:00,90.31196996941603,90.59571932762489,89.70505617803971,90.2173843383789,5218620
2023-09-01 00:00:00-04:00,90.65876339474296,91.00557229252794,89.4843435532508,90.0439682006836,4435119
2023-09-05 00:00:00-04:00,89.61045509418524,90.0045530314937,88.52273936208503,88.97201538085938,4406550
2023-09-06 00:00:00-04:00,88.94837752398067,89.90998168677939,88.22323364826036,88.81437683105469,5018014
2023-09-07 00:00:00-04:00,88.45179674208823,89.18482205750048,87.81335703977136,88.11287689208984,4139035
2023-09-08 00:00:00-04:00,87.88429281368396,88.3020352384594,87.66359557478725,88.05769348144531,3170967
2023-09-11 00:00:00-04:00,88.47544225407445,90.09124892412414,88.37297514203999,90.05972290039062,5272499
2023-09-12 00:00:00-04:00,90.05183950520072,92.0775145808903,89.85478679119927,90.64299011230469,5275255
2023-09-13 00:00:00-04:00,90.39865712546683,90.92674820271075,88.78284279780516,89.53951263427734,3508651
2023-09-14 00:00:00-04:00,90.14643373933085,92.38492494196056,90.1070262034242,91.15533447265625,6637768
2023-09-15 00:00:00-04:00,90.97403487247266,91.36025882208251,90.0124308214131,91.02921295166016,8437076
2023-09-18 00:00:00-04:00,91.25780116640473,92.55832519414876,90.57994634262775,91.88047790527344,4700880
2023-09-19 00:00:00-04:00,91.44694652958337,91.96716357123327,90.81638841005335,91.59671020507812,3882045
2023-09-20 00:00:00-04:00,91.84894094106777,92.74748539279125,90.5011129611314,90.52476501464844,5134919
2023-09-21 00:00:00-04:00,89.81539323607164,90.12278707865063,88.32569046043764,89.0587158203125,5760292
2023-09-22 00:00:00-04:00,88.98776424592813,89.22422447769844,87.54535833910921,87.6872329711914,6249463
2023-09-25 00:00:00-04:00,87.33230776375898,88.31037822793145,87.26131561638492,88.1210708618164,4741101
2023-09-26 00:00:00-04:00,87.5531559951977,88.2946035595985,86.56719835593927,86.70917510986328,6022043
2023-09-27 00:00:00-04:00,87.2613184166658,88.0343071824067,86.8827112126096,87.46640014648438,5912656
2023-09-28 00:00:00-04:00,87.6004656009303,89.12278117671404,87.41904545751876,88.6100845336914,5518337
2023-09-29 00:00:00-04:00,88.83885039440888,88.93350407857615,86.69340207479473,87.19821166992188,4924165
2023-10-02 00:00:00-04:00,87.11934460015297,87.71092073282256,85.26573687101353,85.80998992919922,5389278
2023-10-03 00:00:00-04:00,85.43137594070109,86.75650486478078,84.42963641394316,84.99755096435547,8624900
2023-10-04 00:00:00-04:00,85.16318288296108,86.14125317428189,84.68203491446795,85.85729217529297,4876551
2023-10-05 00:00:00-04:00,85.47869443039376,86.09393201856666,84.54005992190726,85.7547607421875,4819539
2023-10-06 00:00:00-04:00,85.46292345143013,88.26304519114883,85.14741369668181,87.92387390136719,5284026
2023-10-09 00:00:00-04:00,87.56104334493327,87.66358420639101,86.40156023535035,86.96947479248047,5418473
2023-10-10 00:00:00-04:00,87.71879381371504,89.12279440798523,87.43483279147742,87.9317626953125,5707039
2023-10-11 00:00:00-04:00,88.34191731098174,89.44619005206656,88.19205339433458,89.33576202392578,3580573
2023-10-12 00:00:00-04:00,89.5250847229519,89.71438456057038,87.36386193634031,87.81346130371094,3861746
2023-10-13 00:00:00-04:00,87.7897889125025,87.9238784916821,85.70744553535471,86.27536010742188,4578337
2023-10-16 00:00:00-04:00,86.67761268013959,87.49004472278392,85.17895851206083,86.0860366821289,5616698
2023-10-17 00:00:00-04:00,85.7784421782613,87.30864542101894,85.23418911395038,86.7801742553711,4916647
2023-10-18 00:00:00-04:00,85.9913955029518,86.43310765636916,84.72148437236224,84.84768676757812,6080433
2023-10-19 00:00:00-04:00,84.92657242791495,86.05450689057344,84.13780174372904,84.35865783691406,5035055
2023-10-20 00:00:00-04:00,84.16145955524338,84.58739736472025,83.23860686858313,83.67242431640625,9714760
2023-10-23 00:00:00-04:00,83.98792617632616,85.42348304299306,83.76707011371231,84.153564453125,7300229
2023-10-24 00:00:00-04:00,87.5926100331657,90.62147546477442,85.4392743070266,89.61974334716797,15904078
2023-10-25 00:00:00-04:00,90.17975229825258,90.17975229825258,87.62414810766019,87.7109146118164,8224191
2023-10-26 00:00:00-04:00,88.1604985450192,88.5943234867791,84.37441943819533,85.81786346435547,9738191
2023-10-27 00:00:00-04:00,86.16492908317993,86.63818995347363,83.39635600809122,83.88539123535156,6677237
2023-10-30 00:00:00-04:00,84.80824793836348,87.14299593916253,84.72936861646396,86.6145248413086,5611435
2023-10-31 00:00:00-04:00,86.37790146128907,86.56720129283543,85.25784666831713,85.68378448486328,6349452
2023-11-01 00:00:00-04:00,85.4234823366989,85.4471438702855,83.475228759566,84.59527587890625,12703791
2023-11-02 00:00:00-04:00,85.88096312339187,86.1570294109225,84.68203676454928,85.01331329345703,9398127
2023-11-03 00:00:00-04:00,85.62068075087728,86.33057209515896,85.25784789982158,85.91252899169922,6941620
2023-11-06 00:00:00-05:00,86.20435292434834,88.2472600514343,85.61277691918272,88.16838073730469,6131806
2023-11-07 00:00:00-05:00,87.83712271453271,89.07548522746008,87.44273360110688,88.1841812133789,5237415
2023-11-08 00:00:00-05:00,88.4996875446092,89.95890621879633,88.33404923673791,89.80115509033203,6065021
2023-11-09 00:00:00-05:00,90.19552016087694,90.52680425626394,89.07547302731875,89.20167541503906,5786605
2023-11-10 00:00:00-05:00,89.70647998313947,91.14992395394569,89.28054977586302,90.92118072509766,4382618
2023-11-13 00:00:00-05:00,90.8186423106261,91.93869695230762,90.4794785873503,91.11837768554688,5753776
2023-11-14 00:00:00-05:00,91.89137223353417,92.727465909339,91.15781941518513,92.48294830322266,6007634
2023-11-15 00:00:00-05:00,92.25420360697478,92.68014138660082,91.27613319784626,91.7336196899414,5245309
2023-11-16 00:00:00-05:00,91.96236376597868,93.83174564181743,91.74150769605508,93.81596374511719,5825072
2023-11-17 00:00:00-05:00,94.12358667974688,94.7151627477879,93.81596410823622,94.59684753417969,5186418
2023-11-20 00:00:00-05:00,94.59684735544444,95.23574649159224,94.36810410687922,94.707275390625,5190678
2023-11-21 00:00:00-05:00,94.494307842623,94.84925348782596,93.89484458896845,94.56529998779297,3506019
2023-11-22 00:00:00-05:00,94.57319355647613,95.03856726987605,94.14725573732233,94.33656311035156,3773785
2023-11-24 00:00:00-05:00,94.63628225868817,94.92813047016323,94.39965183438872,94.6283950805664,1981995
2023-11-27 00:00:00-05:00,94.41542619063225,94.90446139547468,94.11569834135868,94.6283950805664,3984415
2023-11-28 00:00:00-05:00,94.62841200710805,94.7388400608887,93.51625183009364,93.7449951171875,4378107
2023-11-29 00:00:00-05:00,94.27344491527013,94.41542165496466,93.42946411452291,93.75286102294922,3792831
2023-11-30 00:00:00-05:00,93.90273614439243,96.1033947230365,93.78442092380972,96.07184600830078,10174611
2023-12-01 00:00:00-05:00,95.99296575992605,97.21556138776371,95.81155311161288,96.62398529052734,5668572
2023-12-04 00:00:00-05:00,96.0797351777291,96.55299606986576,95.56703839135571,95.85887908935547,4747116
2023-12-05 00:00:00-05:00,95.44871845630134,95.5828080304106,94.64417347132223,94.83348083496094,3688206
2023-12-06 00:00:00-05:00,95.50391383764044,96.68706582538253,94.41541551698221,94.50218200683594,3964241
2023-12-07 00:00:00-05:00,94.25767956939588,94.66783547219845,93.20861696641374,94.24190521240234,5064626
2023-12-08 00:00:00-05:00,93.94217421563076,95.29885946460323,93.84752806922948,95.11743927001953,4925418
2023-12-11 00:00:00-05:00,95.11742714023438,95.3698319124313,94.36810000150463,94.87290954589844,4643869
2023-12-12 00:00:00-05:00,95.432939708742,96.60819710782256,95.1332043201581,96.48200225830078,4664543
2023-12-13 00:00:00-05:00,96.33213665480703,96.51355684267885,95.06222550099903,95.58280944824219,5506309
2023-12-14 00:00:00-05:00,95.54337059353502,96.5451025640929,94.57318733629904,95.7168960571289,10454155
2023-12-15 00:00:00-05:00,96.55298937355558,97.54683416198613,96.09550287084201,97.19977569580078,13586279
2023-12-18 00:00:00-05:00,97.54683963681497,97.68092921577,97.09724782749177,97.52317810058594,5206215
2023-12-19 00:00:00-05:00,97.57050022985263,99.36888993175137,97.57050022985263,99.33733367919922,5957138
2023-12-20 00:00:00-05:00,98.93507560042609,99.55820043547185,97.19189595775477,97.31021118164062,6231921
2023-12-21 00:00:00-05:00,97.98854998287706,100.212870072812,97.95700126849255,100.14977264404297,5185165
2023-12-22 00:00:00-05:00,100.48104179343676,100.98585130966246,99.5266330029314,99.92890167236328,4030650
2023-12-26 00:00:00-05:00,100.01568019410007,100.73345866766797,99.88947779986414,100.54415130615234,2480063
2023-12-27 00:00:00-05:00,100.15741141746334,101.34919872792665,100.11795075985158,101.18345642089844,3314310
2023-12-28 00:00:00-05:00,101.02561204068283,101.9727282381665,100.8756464430378,101.2781753540039,3965494
2023-12-29 00:00:00-05:00,101.21503177856327,101.40445803800282,100.204778515044,100.73358154296875,4441133
2024-01-02 00:00:00-05:00,100.2442421289149,101.14400557017431,98.84725171835994,99.40762329101562,5189425
2024-01-03 00:00:00-05:00,98.7525275579489,98.8314488720113,97.59230879064462,97.91590881347656,4531850
2024-01-04 00:00:00-05:00,98.10532597069536,99.2655447197684,98.00272826402643,98.38946533203125,4364199
2024-01-05 00:00:00-05:00,98.57888267174572,99.71542501133703,98.44470889673508,99.67596435546875,4190157
2024-01-08 00:00:00-05:00,99.62070503562046,101.36497908082292,98.03428869314325,101.24658203125,6920068
2024-01-09 00:00:00-05:00,100.44943290116682,101.64122009277344,100.196869627522,101.64122009277344,4815028
2024-01-10 00:00:00-05:00,101.57808935014414,102.73830817698426,101.4281313006719,102.36735534667969,4571320
2024-01-11 00:00:00-05:00,102.69884999188777,102.76198704789846,100.87564677863072,102.46996307373047,5014005
2024-01-12 00:00:00-05:00,103.07768528279564,103.23553545305745,101.95692719326692,102.4383773803711,5640380
2024-01-16 00:00:00-05:00,101.97271499037396,102.48573368234233,100.42575923846077,101.00191497802734,6314619
2024-01-17 00:00:00-05:00,100.56782972161871,101.5622986270558,99.59703721010942,100.1416244506836,5031171
2024-01-18 00:00:00-05:00,100.3941882708073,101.55440702995949,100.05481153260617,101.4596939086914,6508082
2024-01-19 00:00:00-05:00,101.5780681595079,102.64357363727463,100.58359939828196,102.45415496826172,6154611
2024-01-22 00:00:00-05:00,102.82513048172036,104.39576281792736,102.80934621789687,103.5749282836914,10052443
2024-01-23 00:00:00-05:00,100.73357898194166,104.08794628171266,99.84171526698178,102.56466674804688,13333800
2024-01-24 00:00:00-05:00,102.81722145207495,102.91193457145961,99.80223870956324,102.54887390136719,10785198
2024-01-25 00:00:00-05:00,103.10925294142275,104.57727988418013,102.35945520765638,102.54887390136719,6086573
2024-01-26 00:00:00-05:00,103.02242424522017,104.37206157403313,102.9119268717151,103.54334259033203,4696495
2024-01-29 00:00:00-05:00,103.70909959846576,104.29315507130502,102.35946207808608,103.47232055664062,6126544
2024-01-30 00:00:00-05:00,103.77222458994862,105.98216457178992,103.56702164392921,105.70591735839844,7871346
2024-01-31 00:00:00-05:00,105.57964299012825,106.1321299098946,104.27736586685516,104.51414489746094,6253472
2024-02-01 00:00:00-05:00,104.99559820349863,106.91350689926615,104.55360865457905,106.87403869628906,6190572
2024-02-02 00:00:00-05:00,106.88982034278881,108.45256044385978,106.58201212844409,107.76590728759766,6103864
2024-02-05 00:00:00-05:00,107.32391696783421,109.42335216839952,107.14238285705876,108.68933868408203,7158013
2024-02-06 00:00:00-05:00,108.66565217868063,109.22603117647068,107.79746499742943,108.58672332763672,6026178
2024-02-07 00:00:00-05:00,109.40756406988199,109.57331391218028,108.86297684676624,109.31285095214844,5807655
2024-02-08 00:00:00-05:00,109.43124036504454,110.08633251247804,109.11554003295997,109.7469482421875,4327110
2024-02-09 00:00:00-05:00,109.71537942778271,110.04686402108888,109.08396367516697,109.92848205566406,4324604
2024-02-12 00:00:00-05:00,110.13369356589334,111.14395432155038,109.62856696059428,110.63092803955078,4516313
2024-02-13 00:00:00-05:00,110.36256636447976,111.90952205423407,109.46281065695112,111.89373779296875,9054930
2024-02-14 00:00:00-05:00,112.86453378013135,115.94265345037697,112.35151509260011,115.626953125,13116028
2024-02-15 00:00:00-05:00,116.02159245436629,117.51329586217216,115.85585014629638,117.1028823852539,8627532
2024-02-16 00:00:00-05:00,117.56064473201924,118.6735030806675,117.2133683415434,117.72638702392578,8616756
2024-02-20 00:00:00-05:00,117.61589412083639,118.65772333188704,116.66877802807367,117.3001937866211,7166032
2024-02-21 00:00:00-05:00,117.1818069331111,117.90792828135898,116.54249902895954,117.65536499023438,5302571
2024-02-22 00:00:00-05:00,118.2709773153524,120.16520181235892,118.2709773153524,119.70743560791016,5753024
2024-02-23 00:00:00-05:00,119.96790245419605,121.38857662133083,119.89686572781588,121.01761627197266,7066168
2024-02-26 00:00:00-05:00,121.27808015424152,122.47775956509331,121.19915129600753,122.15415954589844,7705449
2024-02-27 00:00:00-05:00,122.32779447709034,122.34357873978955,120.83609111131008,121.53853607177734,7300354
2024-02-28 00:00:00-05:00,121.67271170322051,123.84318366848201,121.4043641431287,122.817138671875,7633025
2024-02-29 00:00:00-05:00,123.11706310028153,124.05628711174458,122.41461812456447,123.82740020751953,8177329
2024-03-01 00:00:00-05:00,123.91421462184131,125.74530986993996,123.81161691126788,125.21649932861328,8698201
2024-03-04 00:00:00-05:00,125.78477757929824,127.67900244118809,125.16126142402662,127.07917022705078,8402242
2024-03-05 00:00:00-05:00,127.48169593555508,127.97893042086645,123.58273382627098,124.59298706054688,8003663
2024-03-06 00:00:00-05:00,125.5716669817212,127.05548579433639,125.07443251536047,125.88737487792969,8198755
2024-03-07 00:00:00-05:00,127.89208426612805,131.59373502486145,127.52113903125043,131.41220092773438,14393838
2024-03-08 00:00:00-05:00,133.78788515218469,138.7602293937008,132.0830792565054,132.5645294189453,21242234
2024-03-11 00:00:00-04:00,131.87786204447377,132.9275757552812,128.63398516637565,131.4595489501953,9338609
2024-03-12 00:00:00-04:00,132.161983968768,132.4382236041504,129.38377317498555,132.1698760986328,6928589
2024-03-13 00:00:00-04:00,130.63085097655173,135.0033635727231,130.63085097655173,134.30091857910156,8462887
2024-03-14 00:00:00-04:00,134.37193951227522,134.76657625438034,130.72554852883135,131.60952758789062,9460777
2024-03-15 00:00:00-04:00,130.7413368747163,134.5692620862945,130.1415047017039,133.29855346679688,13263757
2024-03-18 00:00:00-04:00,133.35380935474365,134.76659154726218,133.05389324357114,134.10360717773438,6228788
2024-03-19 00:00:00-04:00,134.02467792114427,137.2764323389536,133.38536998586724,136.90548706054688,9360787
2024-03-20 00:00:00-04:00,136.23462165653578,137.9473199978391,135.7610635379189,137.2764434814453,7229434
2024-03-21 00:00:00-04:00,137.82099774625465,139.73890615779504,136.61342634232605,139.41531372070312,7890893
2024-03-22 00:00:00-04:00,139.1469896172979,140.09410578686266,138.18408918424825,138.2393341064453,6842132
2024-03-25 00:00:00-04:00,137.85259314021567,138.52345446297986,136.37665899583072,136.9291534423828,6288181
2024-03-26 00:00:00-04:00,136.92914867995913,138.16039653754095,136.06884606075653,136.97650146484375,5056983
2024-03-27 00:00:00-04:00,138.1367283898089,142.3513830280701,137.86838083599667,142.16195678710938,12606433
2024-03-28 00:00:00-04:00,142.0277940716326,142.0435783345937,137.59212946733322,138.53924560546875,12122274
2024-04-01 00:00:00-04:00,138.5945013130117,138.93387804625604,136.58976416813647,138.4050750732422,7399592
2024-04-02 00:00:00-04:00,138.97655876719952,142.91255901573166,132.50885956302625,134.96144104003906,20490400
2024-04-03 00:00:00-04:00,136.62288694746604,146.30467695644575,136.48443510794598,144.01031494140625,16208500
2024-04-04 00:00:00-04:00,145.02891675597078,150.30989956922232,144.59379321599624,145.7607421875,11880200
2024-04-05 00:00:00-04:00,146.8881363399838,154.74036936185365,146.8881363399838,154.57225036621094,14777900
2024-04-08 00:00:00-04:00,155.72932108072877,156.20401091493116,152.00099059701375,154.78982543945312,9588800
2024-04-09 00:00:00-04:00,154.4041277477669,156.12488395109858,149.26159701059666,152.78225708007812,8807300
2024-04-10 00:00:00-04:00,150.21100374058545,156.04577896486296,149.9736512738247,154.8788299560547,8075400
2024-04-11 00:00:00-04:00,155.3337538925744,156.68860507003672,153.03939195251738,155.93699645996094,6063200
2024-04-12 00:00:00-04:00,154.4509491200263,155.52091265041952,151.60762976676335,153.19276428222656,6851300
2024-04-15 00:00:00-04:00,155.73884556643063,157.21500167265125,151.27077081044428,152.27137756347656,6423700
2024-04-16 00:00:00-04:00,151.28065741471138,155.5605104671361,150.5871669062979,155.30291748046875,6187200
2024-04-17 00:00:00-04:00,156.53141304112364,157.20508528414678,152.20203639127448,154.2230682373047,6519900
2024-04-18 00:00:00-04:00,155.22367545762847,156.53141351018388,151.45900798576238,151.51844787597656,6186600
2024-04-19 00:00:00-04:00,152.02370771918288,152.10296594807267,145.41570594473356,146.68380737304688,9566100
2024-04-22 00:00:00-04:00,147.44666188268224,150.49803581935043,147.44666188268224,148.7940216064453,7322800
2024-04-23 00:00:00-04:00,156.36297385785335,162.12886916686955,151.39954718984302,161.1084442138672,19250900
2024-04-24 00:00:00-04:00,160.3654247369218,160.8310573288692,154.11407816808892,157.71034240722656,10416000
2024-04-25 00:00:00-04:00,156.6205898192412,159.97908002224432,155.65960451447086,159.76112365722656,5908200
2024-04-26 00:00:00-04:00,159.51343176095386,161.85149653431264,158.81994117499173,160.8409881591797,5898000
2024-04-29 00:00:00-04:00,161.4849491424735,164.5264213916667,161.4849491424735,162.9611053466797,5371700
2024-04-30 00:00:00-04:00,162.03973529080457,164.7146362281344,160.07814328569089,160.31591796875,6723600
2024-05-01 00:00:00-04:00,161.0589251671978,161.78213561166564,157.34378127738748,158.21559143066406,4775800
2024-05-02 00:00:00-04:00,159.88989923559402,161.30661542265173,157.93820893344744,161.12828063964844,5030400
2024-05-03 00:00:00-04:00,163.7635514398521,163.7635514398521,160.50412328717888,162.58460998535156,3968600
2024-05-06 00:00:00-04:00,163.5852365951852,166.41865405122795,163.49607675590534,166.40875244140625,4831600
2024-05-07 00:00:00-04:00,166.25022696397522,169.2124407718176,165.66571456001085,167.21121215820312,4781800
2024-05-08 00:00:00-04:00,166.53755105348017,168.60812130443372,166.53755105348017,167.2904815673828,4878200
2024-05-09 00:00:00-04:00,167.1913983008977,167.7660091109685,165.57655916053858,165.943115234375,4968800
2024-05-10 00:00:00-04:00,166.34932868584494,167.17161588966047,161.59394027577306,161.86143493652344,5711300
2024-05-13 00:00:00-04:00,161.5641819607338,161.5939019029861,157.38340542503985,158.0174560546875,7768600
2024-05-14 00:00:00-04:00,157.16544270129089,159.3251874910493,156.5611120385147,158.51280212402344,6103500
2024-05-15 00:00:00-04:00,158.51282860255182,162.21807141324254,157.74998138215287,161.95057678222656,7133300
2024-05-16 00:00:00-04:00,161.48493649116028,162.3963833984248,159.5926860612608,159.62240600585938,4283200
2024-05-17 00:00:00-04:00,160.31590783056197,160.37534771832753,157.6211887274811,158.40383911132812,5946300
2024-05-20 00:00:00-04:00,158.43358078067524,159.91963864643355,157.3438140826299,157.79953002929688,5586800
2024-05-21 00:00:00-04:00,156.47198449181658,159.72149639629893,155.8973736515535,159.5035400390625,5071300
2024-05-22 00:00:00-04:00,158.99827457200288,160.23665600643727,158.24532898501184,159.31529235839844,4432200
2024-05-23 00:00:00-04:00,160.48432787050436,164.72454457579377,160.24655319953993,163.7239227294922,7411500
2024-05-24 00:00:00-04:00,164.28864617008452,167.5777795940867,162.32705409441567,165.7747039794922,5500300
2024-05-28 00:00:00-04:00,165.4477731364923,167.08243071650514,163.7734788818462,166.99327087402344,5749700
2024-05-29 00:00:00-04:00,165.0514762720937,165.8737482049851,161.871306238739,162.07936096191406,4820800
2024-05-30 00:00:00-04:00,161.96050381616863,163.48619849646727,161.67320592068998,162.67381286621094,4384400
2024-05-31 00:00:00-04:00,162.76295129261968,163.81311150697155,158.58218923988585,163.6050567626953,11704800
2024-06-03 00:00:00-04:00,164.57594920967134,165.23971990473504,157.55185270414046,159.9592742919922,5220500
2024-06-04 00:00:00-04:00,159.50351685860707,160.47440359804116,156.87815446020272,159.87998962402344,5598600
2024-06-05 00:00:00-04:00,160.32582981617986,161.4255132304881,159.02800837848395,161.0391387939453,4279900
2024-06-06 00:00:00-04:00,160.79146790518678,161.65337665030438,158.27506806076127,159.1270751953125,3867300
2024-06-07 00:00:00-04:00,159.20631652026896,162.27750856945136,158.6119024932073,160.41497802734375,3341800
2024-06-10 00:00:00-04:00,160.49424253379112,162.37657636857563,160.05832982671387,161.32643127441406,4385200
2024-06-11 00:00:00-04:00,160.52395208253466,160.75181003121585,158.1264474658696,158.86947631835938,5106400
2024-06-12 00:00:00-04:00,159.76110968780023,161.4255022281329,157.70044112770137,159.55307006835938,5790700
2024-06-13 00:00:00-04:00,159.0973386611887,159.13697533324753,152.74691493177826,154.24288940429688,8080900
2024-06-14 00:00:00-04:00,152.7865627644926,155.14444606451437,151.79585752810866,154.43113708496094,6247400
2024-06-17 00:00:00-04:00,154.6887177102905,165.94312999716476,154.00512866651354,161.7128143310547,9564800
2024-06-18 00:00:00-04:00,161.8812159031551,163.65458659197265,160.8508891958178,163.43663024902344,5105300
2024-06-20 00:00:00-04:00,163.43664968014892,164.7542895039205,161.53449737486628,163.46636962890625,4957200
2024-06-21 00:00:00-04:00,162.97100258806668,163.3870969508519,159.8007490261592,162.7134246826172,17195200
2024-06-24 00:00:00-04:00,162.57471339101045,163.22856726986714,157.72024931786842,159.04779052734375,5519000
2024-06-25 00:00:00-04:00,158.09673108348485,162.12889321969894,156.9475094710016,158.24533081054688,6825500
2024-06-26 00:00:00-04:00,157.09611415904263,159.52333861822683,156.05587078597512,159.14686584472656,3998000
2024-06-27 00:00:00-04:00,159.30540857063258,160.34565211532237,158.11656528397106,159.00819396972656,3339700
2024-06-28 00:00:00-04:00,158.770373367865,160.11773273444,156.4323090293072,157.49237060546875,8641200
2024-07-01 00:00:00-04:00,159.17656603444794,159.89977643124712,154.59951390131383,157.49237060546875,4435100
2024-07-02 00:00:00-04:00,157.34382661853965,161.42552771092542,156.779117328418,159.94937133789062,5247300
2024-07-03 00:00:00-04:00,160.37535464376256,162.96109569194567,160.03850340361112,161.4849395751953,2577300
2024-07-05 00:00:00-04:00,161.7227318197898,161.7227318197898,158.17600518075974,159.00819396972656,4668300
2024-07-08 00:00:00-04:00,159.30538897567664,162.2576860497548,159.15677413502232,162.010009765625,3453300
2024-07-09 00:00:00-04:00,162.4558446752177,164.04097914164385,161.51467769944833,161.61375427246094,3829900
2024-07-10 00:00:00-04:00,161.63351970507088,164.44713348102852,161.02918903169112,164.15982055664062,3904600
2024-07-11 00:00:00-04:00,163.93160189297203,164.41785943184155,160.5574936598031,160.68650817871094,4553800
2024-07-12 00:00:00-04:00,160.6468225200174,161.06362119354185,157.59028377162187,157.79867553710938,5983400
2024-07-15 00:00:00-04:00,159.37656826594446,159.52541952107524,157.39180410394042,158.344482421875,5383300
2024-07-16 00:00:00-04:00,158.66204491518462,162.6216395514343,158.43378614404855,161.6094207763672,6500700
2024-07-17 00:00:00-04:00,160.41856023436225,160.71627789254987,155.31771685158478,155.46658325195312,6041200
2024-07-18 00:00:00-04:00,156.17115684422322,159.21777697652007,155.22839693440062,157.58033752441406,5274800
2024-07-19 00:00:00-04:00,158.44373169389,159.2177885301282,156.41926370484438,157.9177703857422,5459800
2024-07-22 00:00:00-04:00,158.75135658866938,161.69873246701377,158.55288320863085,161.5200958251953,6350500
2024-07-23 00:00:00-04:00,164.73542022705078,175.85009615361923,163.36592815304175,170.68971252441406,16428000
2024-07-24 00:00:00-04:00,170.193525958227,171.55308455612612,160.815518372712,161.06361389160156,7335200
2024-07-25 00:00:00-04:00,162.05598410416383,166.9186498614173,160.68649209452897,163.41554260253906,8791500
2024-07-26 00:00:00-04:00,165.9758923979042,171.30497898533372,164.8445775038536,168.51638793945312,7297700
2024-07-29 00:00:00-04:00,169.94543514093743,171.41415641348257,167.11714009033136,168.57594299316406,4886600
2024-07-30 00:00:00-04:00,169.1812780614489,173.39890153505746,165.99574034120877,166.20413208007812,5329500
2024-07-31 00:00:00-04:00,169.56832130105505,170.44162237777658,166.68050095425778,168.90342712402344,5568800
2024-08-01 00:00:00-04:00,169.44923016600126,173.36913612229813,166.938504863086,168.45684814453125,6112900
2024-08-02 00:00:00-04:00,164.3086998944523,166.15451593249543,157.1536187989615,159.05899047851562,8210700
2024-08-05 00:00:00-04:00,151.32834757271507,158.68188721605725,149.05578414857672,157.15362548828125,7064800
2024-08-06 00:00:00-04:00,158.71164338515123,164.18959617510345,158.54294026502745,161.03382873535156,5056700
2024-08-07 00:00:00-04:00,163.1674765120825,165.003389605406,160.33919637952374,160.89492797851562,4307500
2024-08-08 00:00:00-04:00,163.22699213182827,165.0629049452174,162.31400248090145,164.348388671875,3842700
2024-08-09 00:00:00-04:00,164.18961696438345,166.6011133642433,163.31633100508398,165.85682678222656,2770100
2024-08-12 00:00:00-04:00,166.35300543852,167.49423872220254,163.3659258207567,165.59878540039062,3173700
2024-08-13 00:00:00-04:00,166.48200769126348,167.34539037395012,164.98351624316928,166.6804962158203,2942400
2024-08-14 00:00:00-04:00,167.2163912104649,167.89120379974494,164.358325791044,166.6705780029297,4456000
2024-08-15 00:00:00-04:00,167.46446398767804,169.44922800530978,166.93850273440947,168.64540100097656,4162500
2024-08-16 00:00:00-04:00,168.75455423124006,169.03241996683286,167.5736172836972,168.1293487548828,3305600
2024-08-19 00:00:00-04:00,168.31793212691753,169.6973426692286,166.74004818894184,169.62786865234375,4506000
2024-08-20 00:00:00-04:00,169.60802755242344,169.60802755242344,167.90112913699798,168.69503784179688,2573900
2024-08-21 00:00:00-04:00,168.80418659987018,170.87826137444506,168.55609109642683,169.8957977294922,4102900
2024-08-22 00:00:00-04:00,170.43171001496205,170.6698720315171,167.48433391969866,168.38739013671875,2996600
2024-08-23 00:00:00-04:00,168.70495729731397,170.07444944334318,167.56372393732238,169.91566467285156,4058000
2024-08-26 00:00:00-04:00,169.24083696953673,170.62024748526574,168.28815863168532,169.91566467285156,3707300
2024-08-27 00:00:00-04:00,169.39960917927084,170.19351783031252,168.30799803381808,169.68740844726562,3206000
2024-08-28 00:00:00-04:00,169.89582050044223,171.8508145410053,168.9927491126593,170.5607147216797,4578700
2024-08-29 00:00:00-04:00,171.30499693053252,174.62948309385573,171.17599755169914,172.2576904296875,4262500
2024-08-30 00:00:00-04:00,172.63477329813927,173.48822239376102,170.46145437193115,173.28973388671875,5295600
2024-09-03 00:00:00-04:00,172.86304532684872,173.4187768958099,162.35372222385533,162.95907592773438,6099600
2024-09-04 00:00:00-04:00,162.25448355337167,165.3507110544622,162.15523928011106,165.0926971435547,4112400
2024-09-05 00:00:00-04:00,163.5246993429042,164.73540655428525,161.27198803745952,162.60179138183594,3144200
2024-09-06 00:00:00-04:00,163.2567666952922,164.77511003062904,159.36663085016042,160.0017547607422,3954900
2024-09-09 00:00:00-04:00,162.24456167850008,165.11254546020135,161.66897821963153,164.09039306640625,3716000
2024-09-10 00:00:00-04:00,166.17438284359463,166.45224862558683,162.99876309043395,165.7079620361328,3473200
2024-09-11 00:00:00-04:00,164.97361628699332,165.45987385580383,160.9941541207188,165.08277893066406,4258000
2024-09-12 00:00:00-04:00,165.24152548091024,169.6675559737781,164.96365972539903,168.4072265625,5148500
2024-09-13 00:00:00-04:00,168.11943634669996,177.95394548932737,167.9209629774614,176.92185974121094,7360800
2024-09-16 00:00:00-04:00,177.35851992478118,180.13719267350936,174.91725343643935,180.05780029296875,6844600
2024-09-17 00:00:00-04:00,180.1272565771954,181.04024622648944,177.62646476751743,178.9562530517578,5936900
2024-09-18 00:00:00-04:00,179.8196294587194,184.35482282243328,179.05549101894277,182.1517333984375,5686500
2024-09-19 00:00:00-04:00,186.22050679680459,186.55792824050263,182.87618375370553,184.7418670654297,5021500
2024-09-20 00:00:00-04:00,183.59068555219022,186.40904703672564,182.9158730034489,186.00216674804688,9895700
2024-09-23 00:00:00-04:00,186.37926265868214,188.33425642751388,185.97238240084357,187.2327117919922,3972500
2024-09-24 00:00:00-04:00,187.23273096148523,188.35412759190945,185.57545465413975,188.21519470214844,3648900
2024-09-25 00:00:00-04:00,188.38388633741786,189.42589051825502,186.76629875057017,187.8876953125,3214800
2024-09-26 00:00:00-04:00,188.2355492525971,188.38463614090634,183.39549521203426,183.4551239013672,4781500
2024-09-27 00:00:00-04:00,183.037712614006,185.04529780799942,182.00411325406546,184.2402801513672,4452800
2024-09-30 00:00:00-04:00,183.9420966335323,187.5497835922994,181.9643260526838,187.4205780029297,5628400
2024-10-01 00:00:00-04:00,186.33728817460712,187.0627957764171,183.78308164970915,185.15460205078125,3794000
2024-10-02 00:00:00-04:00,184.42910066536624,187.042920797789,183.59425356071833,185.2937469482422,2879800
2024-10-03 00:00:00-04:00,185.3533840631992,185.56209964009614,182.57059563944267,182.75942993164062,3999500
2024-10-04 00:00:00-04:00,185.43288363555058,186.00931953967154,183.72345720677154,185.9298095703125,3978300
2024-10-07 00:00:00-04:00,184.7968301410038,186.0788924570761,183.66383954832003,184.81671142578125,2514200
2024-10-08 00:00:00-04:00,186.46648504622627,188.7126000027,185.4130044788427,186.31741333007812,3627200
2024-10-09 00:00:00-04:00,185.48257070589852,188.25541062137222,185.35336511602821,188.11627197265625,2312600
2024-10-10 00:00:00-04:00,186.99322376680854,188.5833928289854,186.23790180301137,186.96340942382812,2300900
2024-10-11 00:00:00-04:00,188.24550030933753,190.59099150323715,187.89764606302668,189.9847412109375,2983900
2024-10-14 00:00:00-04:00,190.79968114377195,192.73768929168318,190.48165642551342,191.44569396972656,3132900
2024-10-15 00:00:00-04:00,192.65819417914048,193.13523883825695,188.59332843976426,189.3983612060547,3824300
2024-10-16 00:00:00-04:00,189.3287948795637,191.0382214323569,188.75235893362395,190.9984588623047,2912800
2024-10-17 00:00:00-04:00,192.89672409866972,193.60236566586627,191.0183444928657,191.43576049804688,2633300
2024-10-18 00:00:00-04:00,191.9128046495794,192.25071065016337,189.96484828655053,191.42581176757812,3075900
2024-10-21 00:00:00-04:00,191.72396632355424,193.19486283301003,190.83943877303997,193.0358428955078,4728800
2024-10-22 00:00:00-04:00,183.36567843566752,183.86260439348777,174.66947417381337,175.57388305664062,15636200
2024-10-23 00:00:00-04:00,178.59519664222717,183.8427338502041,178.51568666453326,180.57296752929688,9788600
2024-10-24 00:00:00-04:00,180.78164190015696,181.08974870618823,178.52560916372676,178.6349334716797,4366800
2024-10-25 00:00:00-04:00,178.89333144082326,180.30459923572602,177.20378634354392,177.99887084960938,3974900
2024-10-28 00:00:00-04:00,178.8734510280913,179.4697682017856,174.13278864062679,174.2818603515625,5687400
2024-10-29 00:00:00-04:00,173.48679372679328,173.8246997497336,171.70780541133212,172.9799346923828,5219300
2024-10-30 00:00:00-04:00,171.91648649093375,175.444663544722,171.44937491441942,173.5662841796875,3694000
2024-10-31 00:00:00-04:00,170.9425255827662,172.55256079650908,169.3821708316883,170.723876953125,5177100
2024-11-01 00:00:00-04:00,171.69784396133005,174.19242186583816,170.53503909079237,170.6443634033203,3984900
2024-11-04 00:00:00-05:00,171.24068326265532,173.60604044290668,170.39590309222365,170.70399475097656,4197400
2024-11-05 00:00:00-05:00,171.30030038617977,174.3911801545013,170.713931451685,174.18246459960938,3607300
2024-11-06 00:00:00-05:00,180.38412225704138,180.9406769020718,177.40256651725556,179.64866638183594,5939500
2024-11-07 00:00:00-05:00,179.90706871293253,179.90706871293253,175.68319828986523,177.7504119873047,5084200
2024-11-08 00:00:00-05:00,178.5454728169222,185.27385386265502,178.34670548656305,183.6737518310547,4676500
2024-11-11 00:00:00-05:00,185.48257355454834,186.31740545966554,182.5705797806608,183.42529296875,3371900
2024-11-12 00:00:00-05:00,183.93218849652536,184.55830491566905,179.4797208216296,181.51712036132812,3158000
2024-11-13 00:00:00-05:00,181.82519202863023,185.15460177571612,181.63635775166452,182.4314422607422,3934800
2024-11-14 00:00:00-05:00,181.87490178864832,182.66998635951757,176.3987831559337,177.3031768798828,5085600
2024-11-15 00:00:00-05:00,175.663322800028,176.82612769975577,174.80860956198327,175.8422088623047,5302100
2024-11-18 00:00:00-05:00,175.911781646665,177.47213636757817,174.0532834956197,176.4285888671875,2833800
2024-11-19 00:00:00-05:00,175.41485744255266,176.7863778946126,174.61977290273563,176.4683380126953,3216000
2024-11-20 00:00:00-05:00,177.0050299868308,177.44231208556195,174.91793492458098,176.88575744628906,3225400
2024-11-21 00:00:00-05:00,177.31310800228434,179.82755191008627,176.2496792687602,177.601318359375,4532000
2024-11-22 00:00:00-05:00,178.1976531794006,180.62265430271395,177.68084593222474,180.03627014160156,3405200
2024-11-25 00:00:00-05:00,181.11956884856122,182.5705840751617,178.44610491252467,179.10205078125,9740700
2024-11-26 00:00:00-05:00,179.75796410739366,183.79299985194015,179.31073384557965,183.4650421142578,3918900
2024-11-27 00:00:00-05:00,183.50482504019698,183.5545206711254,179.33064984682468,179.4896697998047,2726200
2024-11-29 00:00:00-05:00,180.33442804353496,181.84508720974128,180.01640331458336,181.04006958007812,2054700
2024-12-02 00:00:00-05:00,179.68842999765323,180.52326197006272,178.31690949656846,179.3306427001953,2817700
2024-12-03 00:00:00-05:00,179.88719455614503,181.11957637603172,178.80389962078803,179.60891723632812,2882300
2024-12-04 00:00:00-05:00,179.3902781920026,181.7755168221934,176.9056483001466,181.5270538330078,3713400
2024-12-05 00:00:00-05:00,179.22131851180546,179.65861578290028,171.64817173595554,171.84693908691406,7547300
2024-12-06 00:00:00-05:00,172.2345376751303,174.74898177436498,171.37982443268453,174.50051879882812,6899600
2024-12-09 00:00:00-05:00,173.9240915356298,175.28566385657314,169.72010202641934,170.2667236328125,6500800
2024-12-10 00:00:00-05:00,169.9586145472349,172.0954053140432,169.561079837817,170.21702575683594,5100300
2024-12-11 00:00:00-05:00,172.10534338994816,172.10534338994816,166.8975536209237,167.6031951904297,7606400
2024-12-12 00:00:00-05:00,167.6031777908884,168.2392423774487,163.43893605302713,163.8166046142578,7808600
2024-12-13 00:00:00-05:00,164.63156207267141,166.8379145159802,164.5222377564723,164.98934936523438,4957100
2024-12-16 00:00:00-05:00,165.29744634826133,168.15972935329125,164.43278492983634,164.77069091796875,7436000
2024-12-17 00:00:00-05:00,164.78065490722656,165.48628129319104,162.52460675419036,164.78065490722656,4855100
2024-12-18 00:00:00-05:00,164.97942100168444,165.60555257273649,158.61877469170668,158.96661376953125,8059100
2024-12-19 00:00:00-05:00,162.0276669087015,164.75082645417515,161.1828867649119,163.7867889404297,6257600
2024-12-20 00:00:00-05:00,162.96188173099452,168.0404650627624,162.1568641950839,167.33482360839844,9281500
2024-12-23 00:00:00-05:00,167.08637442226618,168.2889418783605,165.52603484515922,167.98085021972656,4127700
2024-12-24 00:00:00-05:00,168.19948709657038,170.43565368652344,167.8118854942442,170.43565368652344,2235700
2024-12-26 00:00:00-05:00,169.96854101734985,171.60839044003018,169.08401351187817,171.09158325195312,3309700
2024-12-27 00:00:00-05:00,169.94680846701087,170.69341170880372,168.21468347776596,169.30970764160156,3188400
2024-12-30 00:00:00-05:00,166.44275105266243,168.46355600258306,165.25813811174024,167.33868408203125,4117500
2024-12-31 00:00:00-05:00,167.7368690837197,167.7866456733131,165.39750607997286,166.03460693359375,2806900
2025-01-02 00:00:00-05:00,167.1594828086623,169.92689087931055,166.46265617031227,167.82644653320312,4148000
2025-01-03 00:00:00-05:00,168.45360213929138,171.8481618606408,168.2345973063216,171.1811981201172,3975500
2025-01-06 00:00:00-05:00,172.36580251210458,172.8934009420448,170.40472337074854,171.66897583007812,4980300
2025-01-07 00:00:00-05:00,171.44002855896755,172.91332148660658,170.00654779059096,171.5296173095703,6496400
2025-01-08 00:00:00-05:00,171.22101079394508,172.79385678562804,169.93685989645053,172.1069793701172,4527700
2025-01-10 00:00:00-05:00,171.61919043855747,172.67440243399966,169.9667201601288,170.91241455078125,5131200
2025-01-13 00:00:00-05:00,168.7423007823654,171.7386785163548,168.23461598938172,170.79298400878906,5610800
2025-01-14 00:00:00-05:00,172.3259894010136,177.09428891777583,171.61919829121558,176.0590057373047,6432700
2025-01-15 00:00:00-05:00,178.2589891305567,180.06078910781096,178.06984722095655,179.47344970703125,7397000
2025-01-16 00:00:00-05:00,180.8571653506764,182.05174271141632,177.8110264980903,178.92596435546875,6144700
2025-01-17 00:00:00-05:00,179.96124881215522,182.36033760297082,179.14497047878194,182.02188110351562,5899100
2025-01-21 00:00:00-05:00,184.06258712074163,188.46258243427675,183.67435402715702,186.65081787109375,7508400
2025-01-22 00:00:00-05:00,187.22819681155073,188.38294687448737,185.76485315362027,187.50692749023438,7457800
2025-01-23 00:00:00-05:00,200.48785270798808,206.70954643886756,197.20281056982927,199.8905792236328,14403500
2025-01-24 00:00:00-05:00,201.58287542747877,202.08061092236142,194.6344921720277,195.85891723632812,7835700
2025-01-27 00:00:00-05:00,193.45983307617976,195.73947020282324,191.86708856873395,193.5792999267578,7674800
2025-01-28 00:00:00-05:00,194.41549333456112,195.65983211014114,190.92138033133568,193.54942321777344,4858800
2025-01-29 00:00:00-05:00,194.04716040572143,199.03447998276286,194.04716040572143,198.1982879638672,5595800
2025-01-30 00:00:00-05:00,198.9050544733453,204.99733202218925,198.57654722653956,204.63897705078125,6282100
2025-01-31 00:00:00-05:00,204.9077490273315,204.9376119424532,202.1503052665464,202.64804077148438,5507800
2025-02-03 00:00:00-05:00,199.09420610825524,203.8027798296044,198.0688721619723,203.1855926513672,4678300
2025-02-04 00:00:00-05:00,202.0109159691203,203.61362483299726,199.5222385525214,201.26431274414062,5413800
2025-02-05 00:00:00-05:00,202.95663098419536,204.35028429900777,200.87608506394278,203.65345764160156,3239400
2025-02-06 00:00:00-05:00,204.07155791601343,205.1665821075332,203.1358127322933,205.1267547607422,3113200
2025-02-07 00:00:00-05:00,205.5448582431072,206.8986994793019,203.57382981633407,204.3502960205078,3954400
2025-02-10 00:00:00-05:00,205.20638934971757,205.72403851782704,202.47879336778595,204.29055786132812,3787500
2025-02-11 00:00:00-05:00,204.07156095609076,208.2027596507923,203.51409961016964,207.874267578125,4110900
2025-02-12 00:00:00-05:00,205.76384937542193,210.46247363554593,205.20638805467533,208.69053649902344,4595200
2025-02-13 00:00:00-05:00,210.16384598427263,210.3430386742686,205.33582044197163,207.41635131835938,3763300
2025-02-14 00:00:00-05:00,207.71498479567754,208.21272030116532,204.0416943348287,207.32675170898438,4268500
2025-02-18 00:00:00-05:00,208.91948445506281,211.22898436159832,208.3719875815843,209.1285400390625,4396000
2025-02-19 00:00:00-05:00,208.09325177041646,210.8208477867484,207.93398795410494,209.54664611816406,2699100
2025-02-20 00:00:00-05:00,208.780123242643,209.3276353165907,206.21180630550057,207.79461669921875,2969100
2025-02-21 00:00:00-05:00,207.41633898236097,208.17289147704733,197.54126844633151,198.9249725341797,5419500
2025-02-24 00:00:00-05:00,201.71228771859984,202.32947485993452,196.53582651754755,197.81004333496094,4299100
2025-02-25 00:00:00-05:00,198.0788128419701,199.1738370041057,193.95756356125887,198.3675079345703,4121400
2025-02-26 00:00:00-05:00,200.84622925126055,203.67337851649134,199.08425646730458,200.69691467285156,3157400
2025-02-27 00:00:00-05:00,203.49417920073682,204.539426784582,200.18922339230747,200.51771545410156,3480200
2025-02-28 00:00:00-05:00,201.0353841573455,206.38107425478117,200.11955257471183,206.0426025390625,6117400
2025-03-03 00:00:00-05:00,206.15208986540367,207.53579397547625,199.9005330756112,201.0453338623047,5376400
2025-03-04 00:00:00-05:00,197.10324934589565,202.12041628214956,192.38471154478438,197.86976623535156,6164200
2025-03-05 00:00:00-05:00,197.96932100374022,203.54396490754536,197.7901435074615,201.5828857421875,6221200
2025-03-06 00:00:00-05:00,198.09873055127073,199.31320639595563,194.39557718709756,195.16209411621094,5621400
2025-03-07 00:00:00-05:00,194.1865216484767,194.8634345899774,186.82997689207937,192.9720458984375,7681300
2025-03-10 00:00:00-04:00,188.6935462340728,191.69549880297453,187.40700600307517,191.60572814941406,6195000
2025-03-11 00:00:00-04:00,189.42158534382136,193.161547289968,187.81590962416877,191.20680236816406,5356700
2025-03-12 00:00:00-04:00,194.39823966022485,196.72200458233172,191.9148993710677,194.47802734375,4735000
2025-03-13 00:00:00-04:00,194.0292257065306,195.09635358476672,191.15693010808502,191.90492248535156,3837200
2025-03-14 00:00:00-04:00,194.84701918179746,197.17078395026573,193.0817681610784,196.58236694335938,3263200
2025-03-17 00:00:00-04:00,196.4726625004777,203.05500144300115,195.80445780949734,201.48919677734375,3733000
2025-03-18 00:00:00-04:00,201.2598085314485,201.4393193883215,198.98591303673172,200.25250244140625,3983100
2025-03-19 00:00:00-04:00,200.78109123455548,206.26636821456088,200.78109123455548,205.01971435546875,3564000
2025-03-20 00:00:00-04:00,204.45123726912786,205.61810348007165,202.56629720253505,203.38409423828125,3970800
2025-03-21 00:00:00-04:00,202.0576692387835,203.76308324382939,200.28243531105673,203.5835723876953,7976300
2025-03-24 00:00:00-04:00,206.36609921892472,210.31550549020398,205.04964060712712,209.667236328125,4043900
2025-03-25 00:00:00-04:00,210.20578905534924,212.19045223772738,209.687176794643,211.56214904785156,4315200
2025-03-26 00:00:00-04:00,211.72172367525465,213.63659750471325,206.13672319615483,206.8148956298828,4791100
2025-03-27 00:00:00-04:00,205.80761406835092,207.1340557370188,202.25714594731824,205.3289031982422,3301900
2025-03-28 00:00:00-04:00,205.0496450612445,206.30626674770372,199.05572320972686,199.34495544433594,5178400
2025-03-31 00:00:00-04:00,197.0012303883473,201.0304242274983,193.92947341945225,199.6142120361328,6923100
2025-04-01 00:00:00-04:00,199.025818632741,203.95259775669814,197.93873997915622,203.24449157714844,3854000
2025-04-02 00:00:00-04:00,198.9460277595938,201.64878032863885,197.8988353555595,199.23526000976562,6026500
2025-04-03 00:00:00-04:00,189.33182221062063,193.63028253106583,186.2201788676975,187.12774658203125,12750500
2025-04-04 00:00:00-04:00,179.1990242557697,182.66971992901932,164.97720098283236,166.3634796142578,18167100
2025-04-07 00:00:00-04:00,162.77312717654831,174.87064731931062,158.9334267455772,167.2510986328125,18545500
2025-04-08 00:00:00-04:00,175.5288678243058,177.87258322618254,165.91467362719223,168.91661071777344,11903400
2025-04-09 00:00:00-04:00,165.36614615706642,188.60377818679672,165.25644000377892,186.76870727539062,12548600
2025-04-10 00:00:00-04:00,181.41307957531876,184.91369366156135,175.4889926946466,181.0241241455078,8150900
2025-04-11 00:00:00-04:00,178.53080221098935,183.7567807205236,174.58141126680516,181.18368530273438,6491100
2025-04-14 00:00:00-04:00,184.85385175322193,187.10779659148878,183.3379163057268,185.50210571289062,5319100
2025-04-15 00:00:00-04:00,183.38778713494773,187.9355782998665,181.80203174833122,185.17298889160156,4999300
2025-04-16 00:00:00-04:00,183.57728276644755,185.38243526494927,180.7947426067692,181.96160888671875,5128000
2025-04-17 00:00:00-04:00,182.89909842854064,183.74682922361768,181.10391365057666,181.30337524414062,4932000
2025-04-21 00:00:00-04:00,178.81006008515325,180.306044803607,175.5488243558434,177.87258911132812,8501600
2025-04-22 00:00:00-04:00,186.00076527855074,189.4913962623305,181.61254955754782,188.673583984375,13041000
2025-04-23 00:00:00-04:00,195.4155049097761,196.50258351580194,192.05453068724282,193.1615447998047,7235700
2025-04-24 00:00:00-04:00,193.80980423562113,197.17077828894784,193.53055497873635,196.88156127929688,5906300
2025-04-25 00:00:00-04:00,198.168115752121,199.45467119539003,196.731967916818,197.89883422851562,4390600
2025-04-28 00:00:00-04:00,198.96598173548935,200.94067744356897,198.06839692761986,200.3223419189453,3416900
2025-04-29 00:00:00-04:00,199.95331960068575,201.88811368776715,199.1155566067349,199.96328735351562,3444200
2025-04-30 00:00:00-04:00,198.06838622440364,201.4891973682835,196.3330384426268,201.00050354003906,4436300
2025-05-01 00:00:00-04:00,201.7086117994257,204.69061356604516,200.32233319725992,203.06497192382812,4687600
2025-05-02 00:00:00-04:00,205.76771687071295,208.16128631164068,205.00974154732924,207.14401245117188,3831700
2025-05-05 00:00:00-04:00,205.7577268982849,209.95646385685524,205.09948999814821,208.3806915283203,4466500
2025-05-06 00:00:00-04:00,205.4685152197749,209.26831390495468,205.3687768197354,208.04161071777344,3169600
2025-05-07 00:00:00-04:00,208.34080410858954,210.06618414946644,207.6626316576587,209.3580780029297,3968300
2025-05-08 00:00:00-04:00,210.4351845086978,216.2196618184024,209.94649068706627,213.9158477783203,5870300
2025-05-09 00:00:00-04:00,214.63391329714526,215.54146576202362,212.16054102629528,214.38458251953125,3778200
2025-05-12 00:00:00-04:00,218.7528622911978,219.39114851663632,210.58478302548286,218.36390686035156,5468000
2025-05-13 00:00:00-04:00,219.41108980242836,222.95158997691985,218.71296665119112,220.9868621826172,7188700
2025-05-14 00:00:00-04:00,222.3432255484499,222.75213169235306,219.85988542590297,222.64242553710938,4764700
2025-05-15 00:00:00-04:00,222.85185696138177,229.4740821321807,222.85185696138177,228.7659912109375,7207700
2025-05-16 00:00:00-04:00,228.45682391158445,231.6981241864902,226.98077467563095,231.15956115722656,4651700
2025-05-19 00:00:00-04:00,228.8856619324363,235.23860550064478,228.30721268179153,234.66015625,4734400
2025-05-20 00:00:00-04:00,233.53318745391383,235.4480460347434,233.17415051888682,234.63023376464844,4311000
2025-05-21 00:00:00-04:00,234.23131455488155,236.66478546471052,232.03720667842612,232.9148406982422,4631000
2025-05-22 00:00:00-04:00,230.57114571819102,231.82776743181128,228.8058794492448,229.6536102294922,6909400
2025-05-23 00:00:00-04:00,228.22741636686632,233.06443952751397,227.39963636112955,232.16683959960938,4234200
2025-05-27 00:00:00-04:00,234.7898212077393,241.6314588312073,234.4706857034725,241.13279724121094,7162400
2025-05-28 00:00:00-04:00,241.13279056362094,245.34149548407595,240.95327970080652,243.01773071289062,9570500
2025-05-29 00:00:00-04:00,243.8754286459441,244.2843347897403,240.84357296591537,243.5064239501953,5243700
2025-05-30 00:00:00-04:00,242.73848090258926,246.19919345099248,241.65140232124878,245.25173950195312,9143000
2025-06-02 00:00:00-04:00,245.1918938129955,247.43587082085838,243.85546927378712,246.81752014160156,5450800
2025-06-03 00:00:00-04:00,246.8374686019768,249.8294379183644,243.5263485872286,248.20379638671875,6456200
2025-06-04 00:00:00-04:00,249.31083509886577,252.38259220635533,249.05153656006974,250.20843505859375,5811500
2025-06-05 00:00:00-04:00,251.80414978563482,252.33272984847787,249.44049874167843,251.2456512451172,4188200
2025-06-06 00:00:00-04:00,252.32274460262803,256.7807800824103,251.39524142312814,254.94570922851562,5796700
2025-06-09 00:00:00-04:00,253.3400287797208,254.63655190784732,250.46773326115655,250.7370147705078,5771600
2025-06-10 00:00:00-04:00,250.10869944749462,250.57744254750654,239.1082262717003,241.35220336914062,11230900
2025-06-11 00:00:00-04:00,241.99049732237765,246.29894079193616,237.8715476930929,244.86279296875,6940800
2025-06-12 00:00:00-04:00,239.3575477087497,242.77835869014126,238.04107389173893,239.3475799560547,8946600
2025-06-13 00:00:00-04:00,234.37093644463,237.3629058460508,233.07441332709232,235.96665954589844,7420300
2025-06-16 00:00:00-04:00,236.96398991237038,239.29772246440288,235.4380866885073,235.9068145751953,4505600
2025-06-17 00:00:00-04:00,236.0962994046063,238.33030868575673,234.25126075189985,235.11892700195312,5720500
2025-06-18 00:00:00-04:00,235.3283801066483,238.87884813008498,231.61833672491375,235.25856018066406,7761100
2025-06-20 00:00:00-04:00,239.0783019708067,240.155412777494,235.876888027213,238.72923278808594,9142100
2025-06-23 00:00:00-04:00,238.59960057160853,247.79492141268068,237.98124985825976,247.1466522216797,8052000
2025-06-24 00:00:00-04:00,247.71513226207475,248.72242317892162,244.9126566070333,248.08413696289062,5255700
2025-06-25 00:00:00-04:00,249.4105746639449,250.31814238088023,247.81485154005736,249.23104858398438,5197400
2025-06-26 00:00:00-04:00,250.5076206029463,254.79611317596613,249.3307865948316,250.32810974121094,6790300
2025-06-27 00:00:00-04:00,251.17583686863586,259.8525298550637,251.1060169447866,253.82870483398438,26988000
2025-06-30 00:00:00-04:00,255.6238932447916,257.1996808603599,253.19042233245827,256.7010192871094,8135800
2025-07-01 00:00:00-04:00,255.0653891827553,255.0653891827553,246.44851799268903,248.35340881347656,7178300
2025-07-02 00:00:00-04:00,247.33613351075715,248.46311350496327,243.00775482662524,244.09483337402344,6228600
2025-07-03 00:00:00-04:00,244.89270509892683,248.03426696725458,244.34417431707524,246.21914672851562,3089500
2025-07-07 00:00:00-04:00,247.21793176955637,249.13558677979753,246.17919244723785,248.34654235839844,5336400
2025-07-08 00:00:00-04:00,247.69734221606285,249.15556714607297,243.0430255958144,246.74850463867188,5994500
2025-07-09 00:00:00-04:00,248.68612939687196,251.4127933423062,246.51877956945842,250.0244903564453,5589500
2025-07-10 00:00:00-04:00,250.30414985405588,252.37161564903667,246.44886008566235,252.2617645263672,5462500
2025-07-11 00:00:00-04:00,251.19306227506024,256.5665012474994,251.09317822182652,255.1082763671875,7867200
2025-07-14 00:00:00-04:00,255.87734798608142,262.13968510084516,255.68757742378546,262.01983642578125,7502200
2025-07-15 00:00:00-04:00,263.59793066601776,264.73652358280276,261.4205679298234,264.3470153808594,9392400
2025-07-16 00:00:00-04:00,263.6778009549441,266.5342958347295,261.7102040240594,265.8551330566406,11912900
2025-07-17 00:00:00-04:00,269.4707116975331,272.4670503619845,257.8449335292347,259.96234130859375,16260200
2025-07-18 00:00:00-04:00,265.0761054215923,269.3708760817825,262.2395749544768,262.9486999511719,8619800
2025-07-21 00:00:00-04:00,263.3681886869168,265.9250619616235,259.2631887820737,262.5391845703125,5208500
2025-07-22 00:00:00-04:00,260.4118292114039,261.1808785692605,254.3492294184353,258.6839294433594,4751300
2025-07-23 00:00:00-04:00,260.2120354494238,263.40814220778606,259.63275672064134,262.8587951660156,4689800
2025-07-24 00:00:00-04:00,263.2383410837533,269.5106755654023,262.8587999702236,267.68292236328125,5206700
2025-07-25 00:00:00-04:00,268.5019035024975,272.49702185854176,267.9326223018152,271.258544921875,4598400
2025-07-28 00:00:00-04:00,273.026367931622,273.1062873660059,267.11360996121704,270.27972412109375,5006400
2025-07-29 00:00:00-04:00,272.3971625045342,273.4658334770484,268.79155241492975,269.9801025390625,4125300
2025-07-30 00:00:00-04:00,270.5893911784849,273.29607544536753,269.1811082404236,273.2161560058594,4697000
2025-07-31 00:00:00-04:00,272.73673752796515,274.6044503993,269.5506283426294,270.7491455078125,4524000
2025-08-01 00:00:00-04:00,265.20593166500026,270.219794013659,261.39058648349925,269.0512390136719,4416300
2025-08-04 00:00:00-04:00,270.17986311289917,276.5121217387138,269.8902085118127,275.89288330078125,3744000
2025-08-05 00:00:00-04:00,275.9228650515776,276.6619522099114,268.29217419399987,271.78790283203125,4000600
2025-08-06 00:00:00-04:00,273.1662051333149,274.7143012335278,269.58059022997276,271.94769287109375,3576800
2025-08-07 00:00:00-04:00,271.61812739111576,272.53698756420613,268.40205582463,271.6880187988281,3050400
2025-08-08 00:00:00-04:00,273.24609950091417,276.8417120246588,272.2473199376703,274.67437744140625,4467300
2025-08-11 00:00:00-04:00,274.81420899008407,276.07268107709524,272.21737585704085,274.8641662597656,3360100
2025-08-12 00:00:00-04:00,275.7031420522519,280.19765045983746,275.363560630208,279.28875732421875,3630100
2025-08-13 00:00:00-04:00,280.65705895252717,281.1564487371402,263.7576952298752,268.5318603515625,7599600
2025-08-14 00:00:00-04:00,272.6568431848399,273.82542877076577,269.15114738773354,269.3708801269531,4481700
2025-08-15 00:00:00-04:00,268.5918338529177,269.3708807518972,264.8863394474664,267.52313232421875,5203300
2025-08-18 00:00:00-04:00,267.5730589167731,269.28096356321214,266.1847710697658,268.1224060058594,2697000
2025-08-19 00:00:00-04:00,265.9849793380125,268.63173904761436,263.4780329155408,265.6054382324219,3404900
2025-08-20 00:00:00-04:00,265.13602267077204,268.6117866331986,263.4880424356075,266.1148376464844,3854700
2025-08-21 00:00:00-04:00,266.81398880163323,271.5881539241797,265.81520923222735,268.3820495605469,3266400
2025-08-22 00:00:00-04:00,269.40081866225495,272.01761620317524,266.04490352861956,266.2047119140625,5229300
2025-08-25 00:00:00-04:00,266.67414559704844,271.5881545002959,266.234680147151,266.28460693359375,4301600
2025-08-26 00:00:00-04:00,267.65296457180875,274.36476461251823,267.09365044177747,273.6056823730469,4693500
2025-08-27 00:00:00-04:00,273.36599742423914,274.36477705607,271.89779014623434,273.01641845703125,2705700
2025-08-28 00:00:00-04:00,272.16744879017705,276.33237325273575,271.79790520445323,275.6631774902344,3388100
2025-08-29 00:00:00-04:00,275.66317777131644,275.94283484839275,271.3085132167943,274.8641662597656,5037100
2025-09-02 00:00:00-04:00,273.56572225217866,275.2436646398012,267.68292634594224,275.0539245605469,4081200
2025-09-03 00:00:00-04:00,275.57326658328844,276.9815493925545,273.26608828394455,275.5932312011719,4120400
2025-09-04 00:00:00-04:00,275.4933635322741,282.01539309811614,275.4933635322741,281.9255065917969,4591300
2025-09-05 00:00:00-04:00,281.92551988898015,284.06292296338756,271.52822010963934,278.8892517089844,4952600
2025-09-08 00:00:00-04:00,279.65829597265235,282.5747458991433,275.1537900945284,275.7131042480469,5008600
2025-09-09 00:00:00-04:00,275.0439267370912,276.74183374180393,272.9664481332458,275.9028625488281,3073600
2025-09-10 00:00:00-04:00,277.2112533876765,283.1440063847199,276.5520857038567,283.0641174316406,3206400
2025-09-11 00:00:00-04:00,283.3837346789306,286.5598463548927,279.248772682414,281.21636962890625,4016800
2025-09-12 00:00:00-04:00,281.21637570176154,283.18397269074393,280.3574398947576,281.3462219238281,3249700
2025-09-15 00:00:00-04:00,281.6458601957361,286.75960706235253,281.2763166067531,286.4300231933594,3716600
2025-09-16 00:00:00-04:00,289.5162344548327,294.38028617419593,288.48749269784423,292.6124572753906,5538400
2025-09-17 00:00:00-04:00,291.73353353838576,292.35277202166617,286.1503591586889,289.1466979980469,4149600
2025-09-18 00:00:00-04:00,290.35519849742076,297.28673110956515,289.8558087154526,296.7274169921875,3977500
2025-09-19 00:00:00-04:00,297.4265738316085,302.6601689744964,294.9995163347375,300.7724914550781,9652600
2025-09-22 00:00:00-04:00,299.7337582629497,300.78246463054705,295.9883348353396,300.6526184082031,4192800
2025-09-23 00:00:00-04:00,301.28186519670083,305.39683233949324,300.7824753884914,305.25701904296875,3637400
2025-09-24 00:00:00-04:00,306.52545366452813,306.8750326211887,298.4253657253317,299.9335021972656,5645500
2025-09-25 00:00:00-04:00,298.1357181982244,299.8735849928083,294.5101432809702,296.81732177734375,4504500
2025-09-26 00:00:00-04:00,299.56396650507054,301.63144765027175,292.3927360914472,294.6200256347656,3817600
2025-09-29 00:00:00-04:00,296.3599853515625,297.92999267578125,289.6600036621094,293.6300048828125,3860800
2025-09-30 00:00:00-04:00,294.7099914550781,301.4700012207031,293.9100036621094,300.82000732421875,4112400
2025-10-01 00:00:00-04:00,296.3800048828125,302.2300109863281,295.0299987792969,300.8800048828125,3633300
2025-10-02 00:00:00-04:00,302.30999755859375,303.44000244140625,296.79998779296875,299.45001220703125,2508200
2025-10-03 00:00:00-04:00,299.4599914550781,302.75,295.4599914550781,297.0,2817000
2025-10-06 00:00:00-04:00,295.79998779296875,299.2900085449219,294.75,298.2200012207031,2759800
2025-10-07 00:00:00-04:00,298.07000732421875,302.739990234375,297.8900146484375,301.739990234375,2578800
2025-10-08 00:00:00-04:00,303.3999938964844,304.6700134277344,299.5899963378906,302.55999755859375,2658600
2025-10-09 00:00:00-04:00,302.7099914550781,304.0,296.1000061035156,299.3500061035156,4292500
2025-10-10 00:00:00-04:00,299.0,300.0,291.489990234375,291.489990234375,3380000
2025-10-13 00:00:00-04:00,296.0,297.5799865722656,293.1199951171875,297.5299987792969,2604100
2025-10-14 00:00:00-04:00,294.8399963378906,302.2900085449219,292.010009765625,300.0799865722656,2516500
2025-10-15 00:00:00-04:00,301.5400085449219,304.95001220703125,295.7200012207031,300.1199951171875,2773000
2025-10-16 00:00:00-04:00,301.6700134277344,303.04998779296875,297.760009765625,299.8399963378906,2623100
2025-10-17 00:00:00-04:00,298.1700134277344,302.9599914550781,297.3399963378906,300.1400146484375,3949300
2025-10-20 00:00:00-04:00,303.8599853515625,305.42999267578125,301.6700134277344,302.67999267578125,5058700
2025-10-21 00:00:00-04:00,307.29998779296875,316.5299987792969,303.0299987792969,306.6300048828125,6726600
2025-10-22 00:00:00-04:00,307.6000061035156,309.0,294.79998779296875,297.8900146484375,5212200
2025-10-23 00:00:00-04:00,299.1499938964844,307.0899963378906,298.67999267578125,306.3900146484375,3091000
2025-10-24 00:00:00-04:00,309.19000244140625,310.29998779296875,303.57000732421875,303.8699951171875,3586800
2025-10-27 00:00:00-04:00,307.489990234375,313.3299865722656,304.5,312.8399963378906,4244400
2025-10-28 00:00:00-04:00,312.1000061035156,316.6700134277344,309.45001220703125,309.7900085449219,3058100
2025-10-29 00:00:00-04:00,310.0,315.1199951171875,309.0199890136719,314.2799987792969,3596800
2025-10-30 00:00:00-04:00,310.4100036621094,314.8399963378906,308.5,310.75,3782000
2025-10-31 00:00:00-04:00,311.739990234375,314.9200134277344,307.17999267578125,308.95001220703125,4023800
2025-11-03 00:00:00-05:00,309.1000061035156,311.69000244140625,306.2799987792969,308.6199951171875,3297600
2025-11-04 00:00:00-05:00,305.82000732421875,309.2300109863281,303.07000732421875,304.20001220703125,3938200
2025-11-05 00:00:00-05:00,303.45001220703125,308.5400085449219,302.5,305.1099853515625,4711100
2025-11-06 00:00:00-05:00,303.7300109863281,308.0299987792969,301.44000244140625,305.2699890136719,3467800
2025-11-07 00:00:00-05:00,304.0299987792969,308.9200134277344,297.70001220703125,307.2699890136719,4766500
2025-11-10 00:00:00-05:00,309.94000244140625,313.760009765625,308.9200134277344,311.94000244140625,3716400
2025-11-11 00:00:00-05:00,310.5,312.7200012207031,307.04998779296875,310.7200012207031,2682200
2025-11-12 00:00:00-05:00,310.7799987792969,312.45001220703125,302.0,309.0199890136719,3884500
2025-11-13 00:00:00-05:00,309.9800109863281,311.3800048828125,302.5799865722656,304.1700134277344,4153300
2025-11-14 00:00:00-05:00,300.9700012207031,306.79998779296875,296.25,304.82000732421875,2803300
2025-11-17 00:00:00-05:00,306.82000732421875,308.82000732421875,298.54998779296875,300.1300048828125,3076600
2025-11-18 00:00:00-05:00,295.8299865722656,301.0799865722656,293.75,296.010009765625,4053600
2025-11-19 00:00:00-05:00,295.8599853515625,301.6700134277344,295.5,300.82000732421875,2952600
2025-11-20 00:00:00-05:00,305.3999938964844,307.0799865722656,290.4800109863281,290.6199951171875,3733900
2025-11-21 00:00:00-05:00,290.6199951171875,291.7099914550781,284.0400085449219,287.44000244140625,5604100
2025-11-24 00:00:00-05:00,289.4800109863281,294.82000732421875,287.3699951171875,294.04998779296875,11909200
2025-11-25 00:00:00-05:00,294.489990234375,295.9800109863281,286.2099914550781,293.44000244140625,4693100
2025-11-26 00:00:00-05:00,295.2099914550781,298.6099853515625,293.4599914550781,296.6199951171875,4113700
2025-11-28 00:00:00-05:00,297.010009765625,298.67999267578125,295.260009765625,298.45001220703125,1376400
