date,open,high,low,close,volume
2015-11-30 00:00:00-05:00,38.32914037786306,38.48605904858586,37.79532366229333,37.88123321533203,33586000
2015-12-01 00:00:00-05:00,38.08433082399234,38.9811453329663,38.03517037405044,38.921058654785156,40398000
2015-12-02 00:00:00-05:00,38.99355932033892,39.3808872805973,38.555578216093544,38.626094818115234,46876000
2015-12-03 00:00:00-05:00,38.760663173283824,38.95531975022965,37.861367215202726,38.14689636230469,41950000
2015-12-04 00:00:00-05:00,38.22188158376048,38.85302658337062,38.01332095522766,38.693626403808594,49800000
2015-12-07 00:00:00-05:00,38.73583314405524,38.78251207942652,38.07340218474456,38.38475799560547,36626000
2015-12-08 00:00:00-05:00,37.96316256862307,38.665816746978145,37.86484167468144,38.491519927978516,31082000
2015-12-09 00:00:00-05:00,38.290902529171774,38.538693752678945,37.34293866444746,37.866329193115234,46550000
2015-12-10 00:00:00-05:00,37.91797741112696,38.041128577500004,37.49141883815251,37.74169158935547,32458000
2015-12-11 00:00:00-05:00,37.19346806448376,37.61257824125383,37.176086121062106,37.263980865478516,43184000
2015-12-14 00:00:00-05:00,37.30570119511173,37.945787235086335,36.56083853502291,37.86583709716797,53864000
2015-12-15 00:00:00-05:00,38.12653993871434,38.472155790061144,37.640394756102246,37.744178771972656,49386000
2015-12-16 00:00:00-05:00,38.06595089009348,38.80733931868054,37.59321352292232,38.56351852416992,53120000
2015-12-17 00:00:00-05:00,38.79046168066479,38.81181404763991,38.20152505918683,38.22784423828125,36510000
2015-12-18 00:00:00-05:00,38.09872838682591,38.44186269528773,37.570371034114835,37.583282470703125,67794000
2015-12-21 00:00:00-05:00,37.89115519100432,38.05502584880917,37.44920374800327,37.77942657470703,34848000
2015-12-22 00:00:00-05:00,37.951747019719875,38.2531654452746,37.79929885448739,38.09376525878906,36338000
2015-12-23 00:00:00-05:00,38.27054317989563,38.33062985288538,37.623008881405,38.162288665771484,30594000
2015-12-24 00:00:00-05:00,38.16278987323794,38.196557375456976,37.95770713677201,38.02970886230469,10412000
2015-12-28 00:00:00-05:00,38.23627832543449,38.87288637907647,38.12355709389795,38.844085693359375,31156000
2015-12-29 00:00:00-05:00,39.07995529509501,39.6609509335152,39.040728476013776,39.42607116699219,38430000
2015-12-30 00:00:00-05:00,39.42607647748753,39.550220246155554,39.090390484359155,39.244327545166016,28566000
2015-12-31 00:00:00-05:00,39.121174751408276,39.14650132181155,38.59977321786308,38.634037017822266,32752000
2016-01-04 00:00:00-05:00,37.84895401366024,37.84895401366024,37.12097323352485,37.71189880371094,67382000
2016-01-05 00:00:00-05:00,37.943306957926964,38.196557542828174,37.523700372920864,37.8156852722168,45216000
2016-01-06 00:00:00-05:00,37.26149927088656,38.02423622238353,37.14381123922994,37.70642852783203,48206000
2016-01-07 00:00:00-05:00,37.068836582182584,37.506813921717686,36.51217479028283,36.79621505737305,63132000
2016-01-08 00:00:00-05:00,37.13388281297863,37.24908934965582,36.196348846314635,36.295169830322266,47506000
2016-01-11 00:00:00-05:00,36.34681531773735,36.502245086314865,35.73155953951253,36.40243148803711,50896000
2016-01-12 00:00:00-05:00,36.78379480176829,37.16069659305226,36.5692747771626,37.011722564697266,46816000
2016-01-13 00:00:00-05:00,37.210354495301424,37.392103421709855,35.593507741433065,35.732051849365234,51728000
2016-01-14 00:00:00-05:00,35.973888314756806,36.74109597017114,35.00854615486923,36.319007873535156,55558000
2016-01-15 00:00:00-05:00,35.2563358062272,35.95998263217223,34.83524033348484,35.281166076660156,76676000
2016-01-19 00:00:00-05:00,35.76084872782938,36.01906985235769,35.249377078194414,35.70771408081055,48724000
2016-01-20 00:00:00-05:00,35.053229018548954,36.098521107844626,34.153436835705094,35.6818962097168,82440000
2016-01-21 00:00:00-05:00,35.76184686810186,36.63085326248508,35.311950722300196,36.08462142944336,51938000
2016-01-22 00:00:00-05:00,36.84587342149019,37.1716296189621,36.77139018225617,37.0176887512207,47146000
2016-01-25 00:00:00-05:00,36.93724221536653,37.36528969337714,36.37412473907267,36.42974090576172,45340000
2016-01-26 00:00:00-05:00,36.50869943427893,36.71974157666362,36.099519009790704,36.43818283081055,30940000
2016-01-27 00:00:00-05:00,36.54246174401157,36.54246174401157,35.42814942470338,35.633235931396484,42428000
2016-01-28 00:00:00-05:00,36.65667609852154,37.30073252505043,36.27977427771683,37.158714294433594,62104000
2016-01-29 00:00:00-05:00,37.19148790452058,37.99345557342639,36.955115415583435,37.80674362182617,75808000
2016-02-01 00:00:00-05:00,38.29885105366396,38.61318469966122,37.80823536801029,38.27452087402344,111522000
2016-02-02 00:00:00-05:00,39.75083603873114,40.239962787855916,38.76264891744155,38.778045654296875,135846000
2016-02-03 00:00:00-05:00,39.04470459326765,39.30044045652217,36.56083658730261,37.212345123291016,131114000
2016-02-04 00:00:00-05:00,36.97448258969782,37.00676118127015,35.88251526421454,36.251468658447266,104922000
2016-02-05 00:00:00-05:00,36.02652017430284,36.0870993581172,34.76720434436481,34.946964263916016,109556000
2016-02-08 00:00:00-05:00,34.148474167671374,34.984709455989055,33.86691542897637,34.96683120727539,89410000
2016-02-09 00:00:00-05:00,34.410169755219066,35.80107781699309,34.18919399297734,34.81090545654297,84300000
2016-02-10 00:00:00-05:00,35.345712519875725,35.91329662619882,35.02790482142751,35.10040283203125,60314000
2016-02-11 00:00:00-05:00,34.578508846103134,35.37203557487768,34.322772994882385,35.07607650756836,65004000
2016-02-12 00:00:00-05:00,35.36657087067208,35.55477171766775,34.838709851026636,35.102394104003906,46538000
2016-02-16 00:00:00-05:00,35.6863682642383,35.896421591127094,35.26576909670817,35.63621520996094,43444000
2016-02-17 00:00:00-05:00,36.10101018168569,36.43669620985508,35.58507168640673,36.347808837890625,49154000
2016-02-18 00:00:00-05:00,36.44662502439739,36.54792373030287,35.53242863985796,35.629756927490234,47276000
2016-02-19 00:00:00-05:00,35.54981057768238,35.95352790308859,35.41176275666596,35.858184814453125,34918000
2016-02-22 00:00:00-05:00,36.22564201931915,36.490815167800015,35.92471995553154,36.20280075073242,37516000
2016-02-23 00:00:00-05:00,36.05631256507559,36.29466645347346,35.538385182059145,35.61882781982422,41332000
2016-02-24 00:00:00-05:00,35.28712027913558,35.81398874252974,34.860565498067686,35.798095703125,37092000
2016-02-25 00:00:00-05:00,35.898898175305,36.22564311959017,35.417219791440246,36.20627975463867,36146000
2016-02-26 00:00:00-05:00,36.42874640410648,36.55586798175661,35.84973970707273,35.9947395324707,42474000
2016-02-29 00:00:00-05:00,35.80306099930034,36.279772601353756,35.596485592887156,35.6153564453125,45068000
2016-03-01 00:00:00-05:00,35.817957951255984,36.862257521878966,35.68586956028292,36.854312896728516,60112000
2016-03-02 00:00:00-05:00,36.88907484026499,36.90148618661288,36.41136681715808,36.720733642578125,36292000
2016-03-03 00:00:00-05:00,36.720728316182665,36.79620793078034,36.23160162229887,36.32892990112305,40534000
2016-03-04 00:00:00-05:00,36.48833769172729,36.49826752612542,36.03247835408734,36.26090621948242,48516000
2016-03-07 00:00:00-05:00,36.009140720248936,36.11143582064336,35.015494282859706,35.395870208740234,61690000
2016-03-08 00:00:00-05:00,35.17688549483586,35.86513944055684,34.95889130749874,35.432125091552734,52530000
2016-03-09 00:00:00-05:00,35.51355509580164,36.0632647680584,35.388915037719286,36.02204895019531,39544000
2016-03-10 00:00:00-05:00,36.14024064717656,36.57474388104896,35.91678335661206,36.35774230957031,44616000
2016-03-11 00:00:00-05:00,36.744074726402076,36.989876968445806,36.582685550865385,36.98838806152344,35380000
2016-03-14 00:00:00-04:00,36.99335537405235,37.45467405792952,36.9283018852225,37.25505065917969,32824000
2016-03-15 00:00:00-04:00,37.04549221692645,37.39260073816079,36.88758095002437,37.27143478393555,29832000
2016-03-16 00:00:00-04:00,37.195953740310536,37.690047281949795,37.06932846567449,37.60860824584961,29306000
2016-03-17 00:00:00-04:00,37.623010709333315,38.004875552434186,37.608610365378055,37.66422653198242,44564000
2016-03-18 00:00:00-04:00,37.82064646936707,37.84596925095724,37.333504951948306,37.511775970458984,56222000
2016-03-21 00:00:00-04:00,37.437289099520186,37.905559766692214,37.30619331634567,37.84696578979492,28774000
2016-03-22 00:00:00-04:00,37.66224115514564,37.98799352788817,37.634433071967216,37.7421875,22096000
2016-03-23 00:00:00-04:00,37.90605988306297,38.00736238570762,37.54256578768765,37.6185417175293,24678000
2016-03-24 00:00:00-04:00,37.30272218640822,37.61854094362551,37.267962081593396,37.48347473144531,31116000
2016-03-28 00:00:00-04:00,37.54951681330508,37.65528982263059,37.34443409039923,37.406009674072266,21676000
2016-03-29 00:00:00-04:00,37.42586613709167,38.09624547913695,37.15821524882239,38.03218460083008,40062000
2016-03-30 00:00:00-04:00,38.14739102268375,38.599276131139675,38.116108825590274,38.153846740722656,40396000
2016-03-31 00:00:00-04:00,38.15384897175002,38.19059428449691,37.65280338958673,37.88371276855469,32554000
2016-04-01 00:00:00-04:00,37.5986792763433,38.238265170955394,37.501347199465684,38.21989440917969,31674000
2016-04-04 00:00:00-04:00,38.211944028756974,38.35744394001368,37.82859031126362,37.99394989013672,26924000
2016-04-05 00:00:00-04:00,37.64684487742488,37.88222095902252,37.52120842336325,37.66869354248047,24478000
2016-04-06 00:00:00-04:00,37.632444282839394,38.157823840897734,37.55597205367474,38.14044189453125,25312000
2016-04-07 00:00:00-04:00,38.00388388543035,38.2044998897123,37.61556331422773,37.74566650390625,25498000
2016-04-08 00:00:00-04:00,38.031190433814466,38.09375861417832,37.52965238640744,37.713382720947266,23434000
2016-04-11 00:00:00-04:00,38.010337136662486,38.09823189233652,37.607616247292036,37.61754608154297,31774000
2016-04-12 00:00:00-04:00,37.6617424755988,37.98401692331817,37.321089689598274,37.9542236328125,27388000
2016-04-13 00:00:00-04:00,38.25167714382834,38.52181337230454,37.967636872625924,38.33113098144531,35426000
2016-04-14 00:00:00-04:00,38.50244404608362,38.71348616603375,38.39617474414302,38.50393295288086,26992000
2016-04-15 00:00:00-04:00,38.50939947697005,38.779039385261385,38.48109130248075,38.73285675048828,31712000
2016-04-18 00:00:00-04:00,38.742288484887496,39.15742829913434,38.61417430071955,39.11422348022461,33540000
2016-04-19 00:00:00-04:00,39.254259454714806,39.27660442284352,38.24968681923802,38.54663848876953,43952000
2016-04-20 00:00:00-04:00,38.69114425791046,38.71597452742897,38.29934579093973,38.480594635009766,34262000
2016-04-21 00:00:00-04:00,38.5992794464005,38.816281001325336,38.313250196187234,38.73285675048828,77628000
2016-04-22 00:00:00-04:00,36.94071093438197,37.437782245825765,36.268350220730284,36.63581466674805,140798000
2016-04-25 00:00:00-04:00,36.51565510436577,36.988888883770755,36.50323996802781,36.85630416870117,49442000
2016-04-26 00:00:00-04:00,36.966047991814186,37.024145678025185,35.76930006151917,36.02007293701172,55864000
2016-04-27 00:00:00-04:00,36.01757981195065,36.1084523778926,35.21114167057778,35.825904846191406,66262000
2016-04-28 00:00:00-04:00,35.91677564725775,36.21323099352427,34.91915510284516,35.01151657104492,62590000
2016-04-29 00:00:00-04:00,34.964849758649834,35.361611292059735,34.94796411273184,35.15156173706055,58278000
2016-05-02 00:00:00-04:00,35.35217117538381,35.525475380686316,35.07607557234023,35.4758186340332,33476000
2016-05-03 00:00:00-04:00,35.38097183938899,35.424172867979635,35.12424339061094,35.17936325073242,38620000
2016-05-04 00:00:00-04:00,35.096439342272674,35.50760119166312,34.96136933891436,35.32486343383789,34172000
2016-05-05 00:00:00-04:00,35.50511918587056,35.63174447083105,35.22951985743055,35.490718841552734,29668000
2016-05-06 00:00:00-04:00,35.36607881656755,36.05085478039048,35.353663681498574,36.0106315612793,39952000
2016-05-09 00:00:00-04:00,36.086106025212885,36.463007801381785,35.92720216933805,36.2067756652832,38074000
2016-05-10 00:00:00-04:00,36.496280073219076,36.74655280119019,36.32992789016604,36.71576690673828,32634000
2016-05-11 00:00:00-04:00,36.77237648625798,36.786280527008316,36.145698259382165,36.27729034423828,29834000
2016-05-12 00:00:00-04:00,36.349289516841196,36.516638084978666,35.96543951624009,36.154136657714844,27094000
2016-05-13 00:00:00-04:00,36.08213916276468,36.31403735737512,35.92770201188902,35.99325180053711,25244000
2016-05-16 00:00:00-04:00,35.96792941848325,36.38306549971597,35.753409356356144,36.2648811340332,22538000
2016-05-17 00:00:00-04:00,36.30262018611291,36.54047780712121,35.65409323511978,35.762840270996094,33404000
2016-05-18 00:00:00-04:00,35.67891879370633,36.029997739494426,35.506110877767355,35.841796875,32536000
2016-05-19 00:00:00-04:00,35.66898936623823,35.778236491419655,35.27222408399121,35.520511627197266,30598000
2016-05-20 00:00:00-04:00,35.577618992553184,36.13576585039935,35.505613486456255,35.83831787109375,34798000
2016-05-23 00:00:00-04:00,35.75241429637686,35.927207426848,35.60145504291971,35.61684799194336,24816000
2016-05-24 00:00:00-04:00,35.74596142302426,36.45854552994514,35.7360277987189,36.400447845458984,37884000
2016-05-25 00:00:00-04:00,36.49826555565478,36.74108996296233,36.37908860647587,36.65220260620117,32216000
2016-05-26 00:00:00-04:00,36.54792594634735,36.80118030360096,36.39895569216139,36.59410858154297,27202000
2016-05-27 00:00:00-04:00,36.62290917378285,37.13934772178487,36.598078903866806,37.12395477294922,34802000
2016-05-31 00:00:00-04:00,37.18155701736743,37.415940525830926,37.0231494387964,37.18602752685547,42484000
2016-06-01 00:00:00-04:00,37.16716042590979,37.311167674476685,36.96207388815304,37.166664123535156,20788000
2016-06-02 00:00:00-04:00,37.0494678507641,37.109058225581464,36.59758269934217,36.958595275878906,33916000
2016-06-03 00:00:00-04:00,36.82054719550278,36.82054719550278,36.444141672805074,36.54097366333008,24608000
2016-06-06 00:00:00-04:00,36.67207046947939,36.67207046947939,36.16506923085128,36.252960205078125,29992000
2016-06-07 00:00:00-04:00,36.41236218388721,36.58318109974757,36.28970732226151,36.304107666015625,24314000
2016-06-08 00:00:00-04:00,36.72172149718033,36.935745211219135,36.536502256302995,36.89204788208008,32314000
2016-06-09 00:00:00-04:00,36.601060145463464,36.94170916857754,36.5727557596359,36.8716926574707,19180000
2016-06-10 00:00:00-04:00,36.545441429274156,36.72867547091013,36.275305238417744,36.40838623046875,29050000
2016-06-13 00:00:00-04:00,36.24104291170698,36.6968984626614,36.24104291170698,36.34333801269531,23354000
2016-06-14 00:00:00-04:00,36.21571253135636,36.54792058205521,36.076175830188696,36.41136169433594,26584000
2016-06-15 00:00:00-04:00,36.49429282268609,36.605028849269,36.31502919513047,36.35873031616211,23234000
2016-06-16 00:00:00-04:00,36.14868132329461,36.26935098712566,35.53193662941622,35.964454650878906,45002000
2016-06-17 00:00:00-04:00,35.822430186220004,35.822430186220004,34.815872272277524,34.9713020324707,82262000
2016-06-20 00:00:00-04:00,35.272223321888106,35.54831894273367,35.02890259560226,35.06465530395508,45654000
2016-06-21 00:00:00-04:00,35.25931533455356,35.52399223985296,34.99166440373728,35.20121765136719,30318000
2016-06-22 00:00:00-04:00,35.457945178971656,35.46588980488186,35.05224264667771,35.28017044067383,29058000
2016-06-23 00:00:00-04:00,35.284141009535006,35.499157343542514,34.772669304345065,35.498661041259766,42500000
2016-06-24 00:00:00-04:00,34.27211674497731,35.008538336206236,34.01091780380185,34.02531814575195,95436000
2016-06-27 00:00:00-04:00,33.8907500862815,33.93246220767772,33.40261597463976,33.82371139526367,58146000
2016-06-28 00:00:00-04:00,34.33171128276161,34.399742582899776,34.00794412351967,34.32624816894531,38246000
2016-06-29 00:00:00-04:00,34.475221607588786,34.735424182834166,34.396760383475396,34.521400451660156,43124000
2016-06-30 00:00:00-04:00,34.643558202660245,34.94746189204198,34.50699930563516,34.935543060302734,42250000
2016-07-01 00:00:00-04:00,35.013505502389854,35.38245886081717,34.945474209829534,35.26924133300781,30984000
2016-07-05 00:00:00-04:00,35.00903406128525,35.16346740230993,34.71704923208297,35.003074645996094,28440000
2016-07-06 00:00:00-04:00,34.75231061829161,35.40580435643648,34.71059849385048,35.205684661865234,28902000
2016-07-07 00:00:00-04:00,35.2622952227795,35.26527303671914,34.793528207030256,35.12076950073242,21174000
2016-07-08 00:00:00-04:00,35.28463832446033,35.64912500450993,35.16297606748908,35.643165588378906,29946000
2016-07-11 00:00:00-04:00,35.72459991532595,36.196840960034564,35.6972881383257,36.11093521118164,28822000
2016-07-12 00:00:00-04:00,36.34532154203664,36.528059280380546,36.12583470426215,36.37461853027344,26468000
2016-07-13 00:00:00-04:00,36.52409253934395,36.52409253934395,36.20131796827182,36.224159240722656,20436000
2016-07-14 00:00:00-04:00,36.44562911873943,36.55487623978666,36.27927692571465,36.537994384765625,21408000
2016-07-15 00:00:00-04:00,36.79621074813857,36.79621074813857,36.48038822573442,36.5295524597168,32342000
2016-07-18 00:00:00-04:00,36.64277179792048,37.498370445980626,36.57325159001874,37.402034759521484,38698000
2016-07-19 00:00:00-04:00,37.236674626869686,37.57037161995348,37.1681470245661,37.4124641418457,30436000
2016-07-20 00:00:00-04:00,37.444244537708734,37.77148961752408,37.444244537708734,37.59470748901367,22502000
2016-07-21 00:00:00-04:00,37.59073054175283,37.647839401444166,37.318609136349515,37.462120056152344,19062000
2016-07-22 00:00:00-04:00,37.60662449944861,37.71239371689729,37.37521881846267,37.70395278930664,20920000
2016-07-25 00:00:00-04:00,37.62449507003056,37.730764367356976,37.44523145713951,37.61655044555664,21466000
2016-07-26 00:00:00-04:00,37.61655682388864,37.70296268039801,37.37969180197333,37.62301254272461,23792000
2016-07-27 00:00:00-04:00,37.688561787204335,37.960683213309025,37.537602533099786,37.83753204345703,32172000
2016-07-28 00:00:00-04:00,38.17868291394352,38.18513863298102,37.69451914040106,38.02970886230469,73464000
2016-07-29 00:00:00-04:00,39.61229358083815,39.92165662067228,39.229432335427255,39.29597473144531,101810000
2016-08-01 00:00:00-04:00,39.064068636968564,40.097938235438754,38.98312590515043,39.772682189941406,60594000
2016-08-02 00:00:00-04:00,39.59341620195136,39.84120740522497,39.454375805037635,39.73196029663086,39928000
2016-08-03 00:00:00-04:00,39.55071625762471,39.70316441041706,39.37939725195184,39.6723747253418,29206000
2016-08-04 00:00:00-04:00,39.63861128831362,39.73593958788748,39.42409122966158,39.58945083618164,21520000
2016-08-05 00:00:00-04:00,39.73146939965334,40.0845335531132,39.61725546461219,40.070133209228516,36146000
2016-08-08 00:00:00-04:00,40.02395581320805,40.10340965469011,39.80993204756793,39.985721588134766,24426000
2016-08-09 00:00:00-04:00,39.94896869957862,40.38794241850317,39.927616334129496,40.09744644165039,32154000
2016-08-10 00:00:00-04:00,40.07609284908084,40.26627892302067,40.04828476575975,40.14759826660156,18370000
2016-08-11 00:00:00-04:00,40.24591902423348,40.415252823666556,40.023950660733746,40.13319778442383,25646000
2016-08-12 00:00:00-04:00,39.97876347736312,40.08304378699987,39.906757970916026,40.07609176635742,17946000
2016-08-15 00:00:00-04:00,40.084036911151,40.29011602164023,39.926125643492185,40.02196502685547,18596000
2016-08-16 00:00:00-04:00,39.899801648794465,39.93754335025158,39.57702713172543,39.78509521484375,21158000
2016-08-17 00:00:00-04:00,39.726007907130196,40.00558144567187,39.54227375667548,39.99515151977539,21322000
2016-08-18 00:00:00-04:00,39.992174793956714,40.123270593308575,39.80695173149644,39.86256790161133,17292000
2016-08-19 00:00:00-04:00,39.71557781450306,39.78708702281025,39.571078068063606,39.70862579345703,22416000
2016-08-22 00:00:00-04:00,39.652011639598804,39.691242248951745,39.44444364102526,39.574546813964844,17056000
2016-08-23 00:00:00-04:00,39.749842644596015,39.77566552016777,39.52688166304178,39.55667495727539,18350000
2016-08-24 00:00:00-04:00,39.570081000883675,39.64953483352342,39.26716989393737,39.408199310302734,25672000
2016-08-25 00:00:00-04:00,39.32873974434616,39.463809724716405,39.09187476502584,39.29397964477539,24054000
2016-08-26 00:00:00-04:00,39.35307518058821,39.696209468981145,39.20013073675495,39.38932418823242,24978000
2016-08-29 00:00:00-04:00,39.38088873076619,39.6525138575443,39.24532242425674,39.51844024658203,15474000
2016-08-30 00:00:00-04:00,39.37244723844293,39.62669420301194,39.20311343331431,39.32477569580078,23348000
2016-08-31 00:00:00-04:00,39.20956591448725,39.30739050329158,39.09038896200603,39.221981048583984,21428000
2016-09-01 00:00:00-04:00,39.327758517173734,39.372948553972314,39.04719612824692,39.29895782470703,26070000
2016-09-02 00:00:00-04:00,39.49112567322942,39.58199824395058,39.39131208412663,39.57057571411133,26998000
2016-09-06 00:00:00-04:00,39.646051869420056,40.26677065057894,39.49906684407447,40.1242561340332,39790000
2016-09-07 00:00:00-04:00,40.1197906143706,40.252375313874886,39.910733684911634,40.122772216796875,22906000
2016-09-08 00:00:00-04:00,39.98522306302913,40.14412694859226,39.77616233267736,39.867034912109375,23554000
2016-09-09 00:00:00-04:00,39.664925135920484,39.81290656334033,39.132597373879136,39.15394973754883,37752000
2016-09-12 00:00:00-04:00,38.957313045683485,39.73445053233452,38.90665989813819,39.667415618896484,37274000
2016-09-13 00:00:00-04:00,39.42855855135834,39.51694961300708,38.947872720495155,39.165870666503906,36180000
2016-09-14 00:00:00-04:00,39.10678122180232,39.54376977012939,39.10678122180232,39.25227737426758,25842000
2016-09-15 00:00:00-04:00,39.22993217871135,39.90725987847842,39.16289347432624,39.78709030151367,31144000
2016-09-16 00:00:00-04:00,39.67734041220656,39.67734041220656,39.409189426828036,39.62519836425781,42612000
2016-09-19 00:00:00-04:00,39.781129658888375,39.92414429431419,39.40621680537959,39.49708938598633,22990000
2016-09-20 00:00:00-04:00,39.72600648905892,39.8625653940785,39.6396006367415,39.71508026123047,20984000
2016-09-21 00:00:00-04:00,39.78857603533837,40.01948542599686,39.528865955779565,39.97578430175781,26970000
2016-09-22 00:00:00-04:00,40.22258074469697,40.67247688000489,40.108866902276546,40.518043518066406,35186000
2016-09-23 00:00:00-04:00,40.477824559902665,40.57018604769411,40.35815128879407,40.46888732910156,28234000
2016-09-26 00:00:00-04:00,40.2136430977337,40.22655453438035,39.74835023043372,39.85759735107422,29454000
2016-09-27 00:00:00-04:00,39.81687950020193,40.39588623300173,39.81687950020193,40.25883102416992,27346000
2016-09-28 00:00:00-04:00,39.928607549375926,40.23499655549972,39.86405415295512,40.22555923461914,29406000
2016-09-29 00:00:00-04:00,40.08503305251939,40.41674486775979,39.768714186994856,39.85710525512695,27000000
2016-09-30 00:00:00-04:00,39.90477484709939,40.12773582160041,39.80049453201315,39.927616119384766,33204000
2016-10-03 00:00:00-04:00,39.85263128880451,39.90179173630348,39.538797750774926,39.744876861572266,29784000
2016-10-04 00:00:00-04:00,39.97428732270204,40.04877433008498,39.70961427337698,39.86454391479492,25174000
2016-10-05 00:00:00-04:00,40.02395533891753,40.148099123336365,39.76126742448124,39.78709030151367,24276000
2016-10-06 00:00:00-04:00,39.928604958661495,40.071123270123216,39.751330334015925,39.87894821166992,21998000
2016-10-07 00:00:00-04:00,40.020482421399315,40.02097872377499,39.56810091168822,39.761268615722656,23262000
2016-10-10 00:00:00-04:00,39.921155488969134,40.589049514230645,39.83723494490833,40.429649353027344,29922000
2016-10-11 00:00:00-04:00,40.429649341145954,40.7122006559496,40.09197816741125,40.20122528076172,34432000
2016-10-12 00:00:00-04:00,40.319907927647854,40.44603690109299,40.15057792439992,40.31047439575195,18158000
2016-10-13 00:00:00-04:00,40.02742892833399,40.05175910709314,39.65747912676877,39.92860794067383,27380000
2016-10-14 00:00:00-04:00,40.09594768332683,40.22704344629754,39.84120447891822,39.95442199707031,22238000
2016-10-17 00:00:00-04:00,40.023453957315446,40.39588526330794,39.91619583247868,40.0656623840332,21128000
2016-10-18 00:00:00-04:00,40.431635382351914,41.156634490293754,40.38793805153906,40.79314422607422,45786000
2016-10-19 00:00:00-04:00,40.862169404370945,41.20580001155952,40.862169404370945,41.05881118774414,30002000
2016-10-20 00:00:00-04:00,41.09456479844245,41.13975482702694,40.746467463065876,40.80009841918945,27878000
2016-10-21 00:00:00-04:00,40.71915632074788,40.932187453135704,40.63523576920026,40.9207649230957,32316000
2016-10-24 00:00:00-04:00,41.220200605983266,41.610010059133586,41.16805855756593,41.500762939453125,28952000
2016-10-25 00:00:00-04:00,41.63781608590435,41.63781608590435,40.982337188746065,41.14372634887695,37814000
2016-10-26 00:00:00-04:00,41.07271688084184,41.1020176594674,40.53790758243243,40.82343673706055,35898000
2016-10-27 00:00:00-04:00,40.868624982682114,41.04589961076661,40.4514999650139,40.587562561035156,59470000
2016-10-28 00:00:00-04:00,41.21274965300063,41.66264575097681,40.57017841245913,40.697303771972656,87098000
2016-10-31 00:00:00-04:00,40.83982482843395,40.8497584522161,40.1232703403862,40.21761703491211,44854000
2016-11-01 00:00:00-04:00,40.26578167359592,40.41922621912431,39.6395997227287,39.99812698364258,47118000
2016-11-02 00:00:00-04:00,40.06168889423119,40.06168889423119,38.98114037197095,39.150970458984375,47014000
2016-11-03 00:00:00-04:00,38.95630876055861,39.22942653668374,38.66482022432209,38.84160232543945,43504000
2016-11-04 00:00:00-04:00,38.30083416029947,39.15395129063853,38.28593751422433,38.787479400634766,39412000
2016-11-07 00:00:00-05:00,39.47523749526773,39.97429408863921,39.37343869423307,39.826812744140625,39852000
2016-11-08 00:00:00-05:00,39.82680644507341,40.52250472107699,39.707129414285156,40.32089614868164,35382000
2016-11-09 00:00:00-05:00,39.816877678891515,40.30749332674245,39.33073254019096,40.00358963012695,61970000
2016-11-10 00:00:00-05:00,40.22257819349695,40.225556007072605,38.14838328394189,38.74725341796875,118192000
2016-11-11 00:00:00-05:00,38.574446491987054,38.59828036689577,38.01480695395398,38.32318115234375,71852000
2016-11-14 00:00:00-05:00,38.323682605370514,38.324675210054245,36.92482982913432,37.40303039550781,73766000
2016-11-15 00:00:00-05:00,38.01132963750292,38.74477348593073,37.99891829186489,38.49251174926758,58878000
2016-11-16 00:00:00-05:00,38.257134732440576,38.9066542280183,38.054037235217436,38.73186111450195,35968000
2016-11-17 00:00:00-05:00,38.85699693411214,39.174804657069366,38.72540485141423,39.03874206542969,30674000
2016-11-18 00:00:00-05:00,39.088903202572915,39.29348962623484,38.50195183391917,38.532737731933594,36126000
2016-11-21 00:00:00-05:00,38.638506108542465,39.05811266107162,38.54912244179917,38.971214294433594,32616000
2016-11-22 00:00:00-05:00,39.17927843969757,39.41663975293739,38.918575763837715,38.981143951416016,27884000
2016-11-23 00:00:00-05:00,39.20559880839825,39.20559880839825,38.36787458860709,38.68320083618164,26260000
2016-11-25 00:00:00-05:00,38.86245847907381,38.876858821278766,38.64297165315897,38.7442741394043,12270000
2016-11-28 00:00:00-05:00,38.65092080281659,39.71309486603506,38.63850566813346,39.0203742980957,51508000
2016-11-29 00:00:00-05:00,39.148987467827865,39.54922688748863,38.99802820922536,39.20162582397461,31240000
2016-11-30 00:00:00-05:00,39.18474226883814,39.30441553225306,38.392704392127904,38.52826690673828,45582000
2016-12-01 00:00:00-05:00,38.66085158740446,38.66333309873201,37.409976661406304,37.95471954345703,57342000
2016-12-02 00:00:00-05:00,37.83405624316506,38.26111111150189,37.6900490165336,37.961177825927734,34376000
2016-12-05 00:00:00-05:00,38.23627859417653,38.73285364085415,38.0858156579369,38.64446258544922,33770000
2016-12-06 00:00:00-05:00,38.742290394776404,38.99504844813297,38.40114506723061,38.54316329956055,34682000
2016-12-07 00:00:00-05:00,38.73037825747245,39.32874840408296,38.41157408713589,39.302433013916016,40588000
2016-12-08 00:00:00-05:00,39.37591674452638,39.67634630960462,39.125644016382665,39.48615646362305,32250000
2016-12-09 00:00:00-05:00,39.691243357828135,40.220096991221645,39.629171477422965,40.19526672363281,38090000
2016-12-12 00:00:00-05:00,39.96535313274194,40.28961657034056,39.9509527901048,40.1182975769043,32572000
2016-12-13 00:00:00-05:00,40.34126226725993,40.932684129027486,40.318917297843406,40.48775100708008,42564000
2016-12-14 00:00:00-05:00,40.516559094809026,40.930702567936656,40.36063302016613,40.614383697509766,35994000
2016-12-15 00:00:00-05:00,40.58806028086958,40.868130107738374,40.32189449545643,40.50314712524414,35394000
2016-12-16 00:00:00-05:00,40.63523691915617,40.67943055653174,40.12922450691497,40.214637756347656,51978000
2016-12-19 00:00:00-05:00,40.18682518477659,40.5314483807741,39.9494601051975,40.34672164916992,25272000
2016-12-20 00:00:00-05:00,40.38992805182753,40.54486151424936,40.27223999517827,40.48080062866211,25438000
2016-12-21 00:00:00-05:00,40.50662219796291,40.50662219796291,39.979261214788224,40.33182907104492,29192000
2016-12-22 00:00:00-05:00,40.17789105444019,40.27571564691839,40.02543911217138,40.20669174194336,22632000
2016-12-23 00:00:00-05:00,40.123764581340396,40.270749624084985,39.979757352437005,40.11333465576172,15310000
2016-12-27 00:00:00-05:00,40.15702907119688,40.52052312746503,40.014018245869764,40.21910095214844,19520000
2016-12-28 00:00:00-05:00,40.38794525154146,40.38794525154146,39.84717647920306,39.952945709228516,24296000
2016-12-29 00:00:00-05:00,39.84170677543585,40.01153307821494,39.63364246627767,39.8690185546875,21148000
2016-12-30 00:00:00-05:00,39.88540628622591,39.88938049318949,39.21056018155266,39.35109329223633,34718000
2017-01-03 00:00:00-05:00,39.756795835457126,40.29409048353931,39.57157655714596,40.1237678527832,39180000
2017-01-04 00:00:00-05:00,40.21711219505845,40.39290168615117,39.93009417661679,40.111839294433594,30306000
2017-01-05 00:00:00-05:00,40.098436742240544,40.408299857458964,40.01997930599535,40.3725471496582,26810000
2017-01-06 00:00:00-05:00,40.470373439010096,41.16409041417834,40.29706921793786,40.977874755859375,40342000
2017-01-09 00:00:00-05:00,41.0354718233895,41.23708040934399,40.79959943866827,41.0756950378418,28178000
2017-01-10 00:00:00-05:00,41.070235551217955,41.18643469593019,40.875082665975484,41.01759719848633,23948000
2017-01-11 00:00:00-05:00,41.04788930291053,41.21076359050067,40.79215344747777,41.208778381347656,26508000
2017-01-12 00:00:00-05:00,41.135285394359244,41.234602683958975,40.76930980117467,41.1923942565918,26990000
2017-01-13 00:00:00-05:00,41.265390838898014,41.446639693054166,41.1919002079973,41.262413024902344,25804000
2017-01-17 00:00:00-05:00,41.21572857922101,41.22466580858141,40.87805739835459,41.089599609375,28818000
2017-01-18 00:00:00-05:00,41.205802793423906,41.20629909573897,40.92175874938212,41.16706848144531,20554000
2017-01-19 00:00:00-05:00,41.166070163115315,41.36470093002241,40.915797442638436,40.936153411865234,21410000
2017-01-20 00:00:00-05:00,41.17054139926091,41.177993510904514,40.947580432134615,41.12485885620117,26124000
2017-01-23 00:00:00-05:00,41.2956847908831,41.98741280644829,41.15118125019373,41.93229293823242,49148000
2017-01-24 00:00:00-05:00,42.05891399371897,42.284360255841996,41.825523106397696,42.185543060302734,33768000
2017-01-25 00:00:00-05:00,42.38516212176818,42.64536467185534,42.195964888926454,42.628482818603516,33108000
2017-01-26 00:00:00-05:00,42.65827616379228,42.755108140416105,42.23469925098464,42.555484771728516,69866000
2017-01-27 00:00:00-05:00,42.65580272895268,43.05306054401934,41.80665974503806,41.96208572387695,75050000
2017-01-30 00:00:00-05:00,41.5663115370493,41.57475246421263,40.770299523871365,40.90934371948242,70338000
2017-01-31 00:00:00-05:00,40.69432811565448,40.87160654858105,40.39141700018398,40.72859191894531,40404000
2017-02-01 00:00:00-05:00,40.917783730062666,40.917783730062666,40.33430654725108,40.482784271240234,45020000
2017-02-02 00:00:00-05:00,40.47086977395169,40.945596195754895,40.32438103187881,40.63275146484375,33784000
2017-02-03 00:00:00-05:00,40.87458668113146,41.023556933314836,40.68687832898687,40.72561264038086,30562000
2017-02-06 00:00:00-05:00,40.764842404902836,40.83783672826764,40.43561213061393,40.79960250854492,27018000
2017-02-07 00:00:00-05:00,40.992278582904895,41.31107896839442,40.882535145550776,41.17749786376953,33332000
2017-02-08 00:00:00-05:00,41.2420487935951,41.426775532625584,40.97290520436103,41.20977020263672,26044000
2017-02-09 00:00:00-05:00,41.30163598291664,41.31405111720374,41.041929710295285,41.21870803833008,23884000
2017-02-10 00:00:00-05:00,41.3622230028023,41.57078364037444,41.24106082750359,41.456573486328125,28302000
2017-02-13 00:00:00-05:00,41.59808782163405,41.79870758519174,41.52608611059402,41.66065979003906,25914000
2017-02-14 00:00:00-05:00,41.7008832715197,41.81161929976121,41.50523408850118,41.71379470825195,27266000
2017-02-15 00:00:00-05:00,41.65321437942685,41.800203215748176,41.524603883354885,41.579227447509766,27144000
2017-02-16 00:00:00-05:00,41.6378193098121,41.84588362990161,41.57624372769271,41.820064544677734,20102000
2017-02-17 00:00:00-05:00,41.777356948266714,42.05693047974495,41.70138102068094,42.03756332397461,29224000
2017-02-21 00:00:00-05:00,42.109065712937394,42.31812260838562,42.03755651771467,42.17262649536133,25206000
2017-02-22 00:00:00-05:00,42.109568279169615,42.39708264381707,42.04550739642059,42.27641677856445,24488000
2017-02-23 00:00:00-05:00,42.26251149935467,42.3389837260046,41.83644924475717,42.25853729248047,27734000
2017-02-24 00:00:00-05:00,42.09218354893961,42.127439952951306,41.85928897298742,42.100128173828125,26924000
2017-02-27 00:00:00-05:00,41.95811374944937,42.24215400488915,41.86177806039701,42.19249725341797,20206000
2017-02-28 00:00:00-05:00,42.07729234715246,42.15078676687121,41.783814759179215,41.95711898803711,27662000
2017-03-01 00:00:00-05:00,42.27741289923935,42.60614690233948,42.16022114036075,42.54407501220703,36374000
2017-03-02 00:00:00-05:00,42.52221681960602,42.5311578377307,42.145318808547685,42.20143127441406,25018000
2017-03-03 00:00:00-05:00,42.15624072866031,42.24959859557482,41.9461912109531,42.16319274902344,20100000
2017-03-06 00:00:00-05:00,42.05295490701999,42.156242612540275,41.770403570860985,42.07331466674805,20958000
2017-03-07 00:00:00-05:00,42.07281592077624,42.374238092276066,41.986413863949096,42.26598358154297,20774000
2017-03-08 00:00:00-05:00,42.36381030538583,42.55300755758393,42.270952525867315,42.38963317871094,20576000
2017-03-09 00:00:00-05:00,42.392115005889266,42.74070861295235,42.341461867967766,42.59819030761719,26954000
2017-03-10 00:00:00-05:00,42.8395316442865,42.91550757296608,42.58677737671605,42.775474548339844,26732000
2017-03-13 00:00:00-04:00,42.74667237742227,43.05951331155852,42.74617607512288,42.93288803100586,23332000
2017-03-14 00:00:00-04:00,42.891669976605456,43.08185982725354,42.711910050836046,42.998931884765625,21234000
2017-03-15 00:00:00-04:00,43.09974060000466,43.19607629512501,42.7700139908449,43.12208557128906,26658000
2017-03-16 00:00:00-04:00,43.2283531741591,43.33660769842675,43.0788828253829,43.20203399658203,22090000
2017-03-17 00:00:00-04:00,43.38476710213492,43.42151620176282,43.121086629454275,43.31971740722656,37366000
2017-03-20 00:00:00-04:00,43.17620866314828,43.21891339220518,42.93735844638178,43.09824752807617,30844000
2017-03-21 00:00:00-04:00,43.205003757150806,43.37433753312772,42.09416570035285,42.21582794189453,50760000
2017-03-22 00:00:00-04:00,42.183058681880595,42.47455104053938,42.05990751719952,42.198951721191406,27334000
2017-03-23 00:00:00-04:00,41.781329250157704,41.79622589589648,41.364704317490535,41.694923400878906,65754000
2017-03-24 00:00:00-04:00,41.811619164970004,41.91093645160289,41.1710406618816,41.470970153808594,42114000
2017-03-27 00:00:00-04:00,41.12088595198128,41.78083543285697,40.93268508277159,41.6383171081543,38692000
2017-03-28 00:00:00-04:00,41.69691237369095,41.98045631054637,41.3284514944679,41.74359130859375,30384000
2017-03-29 00:00:00-04:00,41.84886266393899,42.287832548610666,41.78083136754701,42.202423095703125,29146000
2017-03-30 00:00:00-04:00,42.307203464638356,42.30819606926271,42.04848978300424,42.18305969238281,18988000
2017-03-31 00:00:00-04:00,42.051460612234656,42.18702689228763,41.972506883472285,42.09962844848633,28820000
2017-04-03 00:00:00-04:00,42.146813399932356,42.65580365673193,42.08623041683251,42.54407501220703,39388000
2017-04-04 00:00:00-04:00,42.109566907434534,42.357854439227026,42.08523294111521,42.33650207519531,26970000
2017-04-05 00:00:00-04:00,42.442769094999306,42.73475396976128,42.08573073269953,42.154754638671875,37104000
2017-04-06 00:00:00-04:00,42.18405520579315,42.38715652249713,41.91094116113883,41.9655647277832,30672000
2017-04-07 00:00:00-04:00,41.96059276346349,42.004290095986434,41.57823163247008,41.816585540771484,22232000
2017-04-10 00:00:00-04:00,41.788777786912505,42.046998942929825,41.751536172374955,41.796722412109375,20924000
2017-04-11 00:00:00-04:00,41.7967208691919,41.9422169945127,41.44415303983873,41.70634460449219,19486000
2017-04-12 00:00:00-04:00,41.63583126994994,41.897030226759085,41.592630241513895,41.78480529785156,22716000
2017-04-13 00:00:00-04:00,41.76394954236912,41.89753063602346,41.605545755909446,41.72124481201172,21474000
2017-04-17 00:00:00-04:00,41.780836097580035,42.48895343437771,41.76345415052972,42.463626861572266,20982000
2017-04-18 00:00:00-04:00,42.33501124516025,42.57585046469635,42.27095415024258,42.40701675415039,18724000
2017-04-19 00:00:00-04:00,42.57584760017708,42.715384310857175,42.38416884206166,42.53215026855469,21606000
2017-04-20 00:00:00-04:00,42.692545050726125,42.90060937085515,42.58131271876473,42.70943069458008,23776000
2017-04-21 00:00:00-04:00,42.73624827059436,42.82662834132847,42.59274111518953,42.6533203125,23458000
2017-04-24 00:00:00-04:00,43.12456820859696,43.696622927271356,43.008865363414564,43.64547348022461,33930000
2017-04-25 00:00:00-04:00,43.810832103933805,44.30691088306126,43.6628544572537,44.13758087158203,40760000
2017-04-26 00:00:00-04:00,44.26420589937171,44.343659730457006,43.95434277755999,44.1524772644043,26466000
2017-04-27 00:00:00-04:00,44.19518007182641,44.363021168129436,44.055147057480504,44.266685485839844,46846000
2017-04-28 00:00:00-04:00,46.13182363432645,46.47445784803481,45.8448017960648,45.909358978271484,76918000
2017-05-01 00:00:00-04:00,45.89098893324588,46.470491991749974,45.724636727155065,46.32151794433594,46556000
2017-05-02 00:00:00-04:00,46.34386050652352,46.826531506237814,46.2311354870929,46.53355026245117,35026000
2017-05-03 00:00:00-04:00,46.48191184346924,47.1845622449048,46.440199718768184,47.09766387939453,36496000
2017-05-04 00:00:00-04:00,47.18903630011815,47.62850633797308,47.04403645737104,47.409019470214844,38752000
2017-05-05 00:00:00-04:00,47.50832672091332,47.593739963256404,47.08027927035257,47.188533782958984,32310000
2017-05-08 00:00:00-04:00,47.04800476312628,47.72036553610699,47.04551946317826,47.60615539550781,37534000
2017-05-09 00:00:00-04:00,47.73724820739161,47.78044923413404,47.39312132305455,47.50782775878906,33758000
2017-05-10 00:00:00-04:00,47.48350181427313,47.507831992161584,47.16668667946404,47.414974212646484,22920000
2017-05-11 00:00:00-04:00,47.23868941405582,47.57139759499371,47.10560841482097,47.46711349487305,20622000
2017-05-12 00:00:00-04:00,47.564448122077316,47.57090005232576,47.27692995502822,47.429874420166016,24298000
2017-05-15 00:00:00-04:00,47.43732010846387,47.80528090625584,47.314665246344155,47.63247299194336,26754000
2017-05-16 00:00:00-04:00,47.8474890369958,47.96418068442859,47.688585177761574,47.900123596191406,22030000
2017-05-17 00:00:00-04:00,47.65631149801639,47.720368592853056,46.68103578856393,46.78581619262695,48982000
2017-05-18 00:00:00-04:00,46.836965200492244,47.38220447048401,46.7411258082524,47.199466705322266,36010000
2017-05-19 00:00:00-04:00,47.314664081715186,47.649357462951514,47.273944562777324,47.40553665161133,27206000
2017-05-22 00:00:00-04:00,47.52223494888079,47.91055930897429,47.500386281238576,47.873313903808594,27748000
2017-05-23 00:00:00-04:00,48.16579425940525,48.39173302605479,47.89466167771871,48.195091247558594,30908000
2017-05-24 00:00:00-04:00,48.428981738170435,48.57099996822204,48.24872549937128,48.545677185058594,22660000
2017-05-25 00:00:00-04:00,48.614702568958215,49.447956275648764,48.55610479829733,49.2532958984375,39082000
2017-05-26 00:00:00-04:00,49.26024257879592,49.47824050703273,49.02983330538082,49.32331085205078,32728000
2017-05-30 00:00:00-04:00,49.285078035542476,49.53932499868886,49.22846926289896,49.46731948852539,30324000
2017-05-31 00:00:00-04:00,49.46930380182284,49.63764119686239,48.747778804399935,49.01642608642578,34482000
2017-06-01 00:00:00-04:00,49.208607808546816,49.316862335075385,48.728418249020095,49.07602310180664,26128000
2017-06-02 00:00:00-04:00,49.090915907520134,49.48271436903804,49.01543628397232,49.46483612060547,34710000
2017-06-05 00:00:00-04:00,49.55273357844312,50.02497471221807,49.431567616899976,49.850181579589844,27578000
2017-06-06 00:00:00-04:00,49.82187170550541,50.08505587439509,49.39928737075715,49.49264144897461,31042000
2017-06-07 00:00:00-04:00,49.61231758057516,49.85166788867017,49.452421103168035,49.73199462890625,27482000
2017-06-08 00:00:00-04:00,49.86755559356825,49.93558689212992,49.489664972917026,49.87004089355469,33758000
2017-06-09 00:00:00-04:00,49.93013160642568,49.930627908749706,47.3419793922619,48.173744201660156,72958000
2017-06-12 00:00:00-04:00,47.60764855940913,48.06847094692317,46.519155279048555,47.76108932495117,84042000
2017-06-13 00:00:00-04:00,48.26908392114349,48.56057248484658,47.77101615946489,48.19261169433594,40108000
2017-06-14 00:00:00-04:00,48.44090020920843,48.649460832001395,47.64687335856241,48.06499099731445,30110000
2017-06-15 00:00:00-04:00,47.07631205320229,47.704975533282926,46.69643241727006,47.680145263671875,48552000
2017-06-16 00:00:00-04:00,47.56742379984221,47.66872629847142,47.11007933194805,47.60268020629883,51184000
2017-06-19 00:00:00-04:00,48.15040241511228,48.62959935330474,48.07840069308716,48.426998138427734,29376000
2017-06-20 00:00:00-04:00,48.43146354794512,48.70358875444801,48.07839939128731,48.11763000488281,25946000
2017-06-21 00:00:00-04:00,48.20701332225746,48.642012819099556,48.140470928032336,48.59434127807617,23232000
2017-06-22 00:00:00-04:00,48.508932343330265,48.68919238652726,48.33215399369565,48.49652099609375,20190000
2017-06-23 00:00:00-04:00,48.4408981284628,48.99308934712927,48.38925238299885,48.96677017211914,31280000
2017-06-26 00:00:00-04:00,49.160934476631965,49.359068970315974,48.184169838842415,48.271568298339844,30358000
2017-06-27 00:00:00-04:00,47.75066393319106,48.02973738441028,47.0301314552027,47.07978820800781,48872000
2017-06-28 00:00:00-04:00,47.20740980473383,47.832099103725575,46.487373630361674,47.72136306762695,54912000
2017-06-29 00:00:00-04:00,47.24166960223247,47.257062550212794,46.16161732654267,46.569801330566406,64134000
2017-06-30 00:00:00-04:00,46.8761909965253,46.92634404803348,46.16211428898919,46.165592193603516,45754000
2017-07-03 00:00:00-04:00,46.34137954532232,46.392032689467364,45.4520133831645,45.6580924987793,33896000
2017-07-05 00:00:00-04:00,45.89346939571504,46.493828504046775,45.61687746165994,46.29370880126953,41882000
2017-07-06 00:00:00-04:00,45.933195157860354,46.48637901206384,45.67745929331007,46.0667724609375,40298000
2017-07-07 00:00:00-04:00,46.2306429416939,46.90946325905726,46.17105256814048,46.71828079223633,33266000
2017-07-10 00:00:00-04:00,46.774889103100755,47.33006194716031,46.774889103100755,47.22428894042969,29030000
2017-07-11 00:00:00-04:00,47.20045562653004,47.41745717929596,46.93230462783563,47.34992218017578,29224000
2017-07-12 00:00:00-04:00,47.71391492736129,48.149410749948935,47.524225146229135,48.05158615112305,32042000
2017-07-13 00:00:00-04:00,48.20751161942651,48.59980640307226,47.909567317126566,48.110679626464844,30492000
2017-07-14 00:00:00-04:00,48.36641032837009,48.54219604616145,48.17522787450457,48.51091384887695,21592000
2017-07-17 00:00:00-04:00,48.48161955090697,48.83070949451009,48.207509139919985,48.463741302490234,33210000
2017-07-18 00:00:00-04:00,48.33462962129776,49.203139679558696,48.26908362239714,49.00947570800781,28266000
2017-07-19 00:00:00-04:00,49.16143339828471,49.439017952019256,49.012459346203336,49.29848861694336,28242000
2017-07-20 00:00:00-04:00,49.50853405746359,49.59195830736441,48.89377462246562,49.269683837890625,28368000
2017-07-21 00:00:00-04:00,49.11127680277865,49.414684210878235,48.87143018740787,49.351619720458984,29266000
2017-07-24 00:00:00-04:00,49.36453618899896,49.96489534779673,49.17434630517022,49.57359313964844,79690000
2017-07-25 00:00:00-04:00,48.20254541397949,48.5019786270156,47.859907378312386,48.1196174621582,118672000
2017-07-26 00:00:00-04:00,48.30582932589759,48.363927002406854,47.68262898045306,47.93488693237305,44432000
2017-07-27 00:00:00-04:00,48.12706116157254,48.143946804852504,46.53206307366758,47.29927062988281,74358000
2017-07-28 00:00:00-04:00,47.07481901523198,47.76009120669446,46.94173423733242,47.58827590942383,36276000
2017-07-31 00:00:00-04:00,47.67120804579541,47.730302117429886,46.76396364008721,46.951175689697266,45670000
2017-08-01 00:00:00-04:00,47.065886588609295,47.3975984122474,46.92436464640087,47.003814697265625,28052000
2017-08-02 00:00:00-04:00,47.0936945406913,47.12994734382713,46.30662341532127,47.05744552612305,40788000
2017-08-03 00:00:00-04:00,47.12993966973773,47.17462960558878,46.650246475628165,46.69295120239258,22478000
2017-08-04 00:00:00-04:00,46.874199699906896,47.05247071690164,46.66812439019673,46.965572357177734,25092000
2017-08-07 00:00:00-04:00,47.051483477448954,47.12299268644815,46.8518600744621,46.96358871459961,28916000
2017-08-08 00:00:00-04:00,46.89109046901767,47.298281898839306,46.80121049729213,46.88612365722656,30102000
2017-08-09 00:00:00-04:00,46.60108698937216,46.86476746659148,46.37613703297374,46.682029724121094,28018000
2017-08-10 00:00:00-04:00,46.42976598008257,46.494319371037115,45.773294477973856,45.86317443847656,54148000
2017-08-11 00:00:00-04:00,45.869139889705636,46.348333045164,45.745492416391265,46.18595504760742,32334000
2017-08-14 00:00:00-04:00,46.63187572699155,46.729700322419774,46.40444424532348,46.62492370605469,23012000
2017-08-15 00:00:00-04:00,46.72920281903163,46.83050531660814,46.511208664031344,46.58271408081055,22130000
2017-08-16 00:00:00-04:00,46.74012811717888,47.16966448874513,46.680041443047074,46.89009475708008,26906000
2017-08-17 00:00:00-04:00,46.82454383898648,46.867248566254176,46.064288309751625,46.06528091430664,33914000
2017-08-18 00:00:00-04:00,46.03151387078173,46.23212986131741,45.85622445091685,45.99178695678711,26748000
2017-08-21 00:00:00-04:00,45.97142812936667,46.094575493390245,45.615382409521395,45.72810363769531,26024000
2017-08-22 00:00:00-04:00,46.030523955384496,46.775386587747875,45.99129334138037,46.69792175292969,35502000
2017-08-23 00:00:00-04:00,46.52908700919767,46.94770098510851,46.44169233440708,46.80617904663086,22690000
2017-08-24 00:00:00-04:00,46.862280547711634,46.991387320306266,46.21822043714589,46.523616790771484,25892000
2017-08-25 00:00:00-04:00,46.63882059621871,46.71430021032576,46.18644300237907,46.20630645751953,23746000
2017-08-28 00:00:00-04:00,46.2748386953657,46.422320034160585,45.98831315663476,46.088623046875,20988000
2017-08-29 00:00:00-04:00,45.68242101920254,46.58817262672167,45.65063873232404,46.46700668334961,23172000
2017-08-30 00:00:00-04:00,46.4630381436228,46.96904672291328,46.38259171295649,46.85831069946289,22406000
2017-08-31 00:00:00-04:00,46.99089684067953,47.53216562932232,46.98841532924905,47.434837341308594,33866000
2017-09-01 00:00:00-04:00,47.54557414399536,47.58827887269883,47.18853578897905,47.2734489440918,20858000
2017-09-05 00:00:00-04:00,47.01871102663277,47.24366101414896,46.45956770597205,46.751556396484375,29148000
2017-09-06 00:00:00-04:00,46.870223619346405,46.90150581272637,46.31455457453107,46.778358459472656,27830000
2017-09-07 00:00:00-04:00,46.88910433266215,47.19946376354139,46.555403538823356,47.16917037963867,22332000
2017-09-08 00:00:00-04:00,47.159735497248796,47.209392247054666,46.67855337043921,46.74807357788086,19998000
2017-09-11 00:00:00-04:00,47.035587108833965,47.3077084957266,46.72770922856847,46.841426849365234,26748000
2017-09-12 00:00:00-04:00,47.02168563167034,47.07978330657602,46.55391126449688,47.008277893066406,25696000
2017-09-13 00:00:00-04:00,46.95117766225836,47.3161606672784,46.91343595393963,47.19648361206055,21908000
2017-09-14 00:00:00-04:00,46.976001662904764,47.0768078586383,46.59661833328357,46.684513092041016,28548000
2017-09-15 00:00:00-04:00,46.682529619004086,46.76496126694241,46.24355589975979,46.44417190551758,39886000
2017-09-18 00:00:00-04:00,46.4302663602677,46.522131537880455,45.95305843499129,46.1690673828125,29474000
2017-09-19 00:00:00-04:00,46.35081384747561,46.57576001334915,46.015624170347266,46.52212905883789,24854000
2017-09-20 00:00:00-04:00,46.565333431582644,47.17462971420326,46.55391090217427,47.05247116088867,40080000
2017-09-21 00:00:00-04:00,47.08177154595079,47.31366972812891,46.64726838114692,47.0529670715332,27414000
2017-09-22 00:00:00-04:00,46.81561275163789,47.17463635086416,46.719773359566695,46.839942932128906,21496000
2017-09-25 00:00:00-04:00,46.65074856383266,46.66564521096392,45.90886371272935,46.394020080566406,37468000
2017-09-26 00:00:00-04:00,46.513688800646655,46.8806569830849,46.43572766771305,46.55043411254883,33454000
2017-09-27 00:00:00-04:00,46.814116202796164,47.940843570785724,46.77488559272787,47.666236877441406,46692000
2017-09-28 00:00:00-04:00,47.48499122703871,47.97808839406313,47.45023112356552,47.91006088256836,28018000
2017-09-29 00:00:00-04:00,47.96914723030144,48.45628872983816,47.96914723030144,48.35250473022461,40622000
2017-10-02 00:00:00-04:00,48.448347386915465,48.55213139355895,47.7680381845732,48.04214859008789,30782000
2017-10-03 00:00:00-04:00,48.04661871502034,48.28895063702189,47.805783277122195,48.27107238769531,21666000
2017-10-04 00:00:00-04:00,48.2551799079345,48.38627569519033,47.94978351424919,48.00788497924805,21156000
2017-10-05 00:00:00-04:00,48.30632892905481,48.9876307861304,48.18119254912472,48.922080993652344,35618000
2017-10-06 00:00:00-04:00,48.66435861686855,49.37247593490284,48.590367898277094,49.3416862487793,31060000
2017-10-09 00:00:00-04:00,49.40921969527939,49.680348502730084,49.235419177682786,49.27564239501953,25910000
2017-10-10 00:00:00-04:00,49.42412048339759,49.53187870762201,48.7194810332086,49.05168914794922,23268000
2017-10-11 00:00:00-04:00,49.113259482817845,50.033415283056776,49.058635923041315,49.938072204589844,36300000
2017-10-12 00:00:00-04:00,49.848192239813976,50.23055336968265,49.71212964265665,49.938072204589844,30614000
2017-10-13 00:00:00-04:00,50.10989254207066,50.390454903393035,50.008093735119985,50.048316955566406,26552000
2017-10-16 00:00:00-04:00,50.13570350922492,50.25339154893306,49.73298264478584,50.12179946899414,21420000
2017-10-17 00:00:00-04:00,50.026960834492414,50.38052128659426,49.957936929593906,50.203739166259766,20260000
2017-10-18 00:00:00-04:00,50.20622151333141,50.46741668296336,49.921681194296724,50.29014205932617,25596000
2017-10-19 00:00:00-04:00,49.8933781880161,50.02099985703391,49.52343219453957,49.74887466430664,34284000
2017-10-20 00:00:00-04:00,50.00759213185842,50.087042171094225,49.77022704157941,49.909271240234375,32120000
2017-10-23 00:00:00-04:00,49.914732663701706,49.945026046966035,48.81829479847159,48.93946075439453,32786000
2017-10-24 00:00:00-04:00,48.987131747138214,49.124186952329055,48.51935736122178,49.0859489440918,28902000
2017-10-25 00:00:00-04:00,48.97571550860137,49.38092176010091,48.55114588791465,49.23344039916992,30574000
2017-10-26 00:00:00-04:00,49.58152780834423,49.980774562640306,49.184266263090024,49.231441497802734,47396000
2017-10-27 00:00:00-04:00,51.196390596147644,52.816715226801826,50.990807798038226,51.329471588134766,103682000
2017-10-30 00:00:00-04:00,51.10552381722183,51.635370122384096,50.766363686437316,51.30266571044922,46804000
2017-10-31 00:00:00-04:00,51.296205861398875,51.69346364127679,50.963497687685155,51.29819107055664,30326000
2017-11-01 00:00:00-04:00,51.46106657874977,52.03411384323455,51.34586004770845,51.77291488647461,43262000
2017-11-02 00:00:00-04:00,51.64331263518044,51.9179193548002,51.080691456460855,51.791290283203125,26694000
2017-11-03 00:00:00-04:00,51.78036130217102,52.17315232737553,51.52710697953897,52.1398811340332,27770000
2017-11-06 00:00:00-05:00,52.095690107089816,52.26899431391488,51.743118489051284,51.776885986328125,18294000
2017-11-07 00:00:00-05:00,52.122997314400834,52.30971304544339,51.79277824636393,52.25905990600586,26104000
2017-11-08 00:00:00-05:00,52.14285972892978,52.77053053735575,51.993889492876555,52.552040100097656,24276000
2017-11-09 00:00:00-05:00,52.041064684760954,52.18407550508539,51.437724052962494,52.02716064453125,35892000
2017-11-10 00:00:00-05:00,51.83597999249184,51.97303519052219,51.70438790800527,51.849884033203125,19442000
2017-11-13 00:00:00-05:00,51.683532386772704,52.07781234208004,51.60706016206189,51.70339584350586,18814000
2017-11-14 00:00:00-05:00,51.53059365056782,51.75802514081245,51.113964892389525,51.725250244140625,21012000
2017-11-15 00:00:00-05:00,51.39551770397778,51.62543067929891,51.184968094455456,51.46553421020508,18106000
2017-11-16 00:00:00-05:00,51.5817363114122,52.22778173159434,51.54449469592831,52.06440734863281,23768000
2017-11-17 00:00:00-05:00,52.130451647993425,52.190038230718805,51.33245440236815,51.43971252441406,26712000
2017-11-20 00:00:00-05:00,51.44517782730402,51.579255221275744,51.28031453608973,51.378639221191406,17526000
2017-11-21 00:00:00-05:00,51.64579831734025,52.15975539130192,51.60110837450926,52.1552848815918,22206000
2017-11-22 00:00:00-05:00,52.19798369716838,52.41002222182036,52.003823420762416,52.23572540283203,14538000
2017-11-24 00:00:00-05:00,52.358380258212144,52.64043529180731,52.2357253976681,52.464149475097656,16492000
2017-11-27 00:00:00-05:00,52.56594724604327,53.28449066074243,52.377246298566796,53.233341217041016,35430000
2017-11-28 00:00:00-05:00,53.331662429108434,53.63010299025849,52.36582415179876,52.80032730102539,36424000
2017-11-29 00:00:00-05:00,52.44726601324541,52.57588029522122,51.12985235916925,51.51370620727539,55866000
2017-11-30 00:00:00-05:00,51.64083296774188,51.8493936020272,51.15071358288769,51.45362091064453,45092000
2017-12-01 00:00:00-05:00,51.167589420837984,51.50674950996511,50.49671756517733,50.90242004394531,37762000
2017-12-04 00:00:00-05:00,51.03798198828044,51.213771492129005,50.11534471562424,50.2469367980957,38778000
2017-12-05 00:00:00-05:00,50.20323956996874,51.47894097114681,49.77271061590405,50.63079071044922,38998000
2017-12-06 00:00:00-05:00,50.4778498689434,51.62295187367375,50.41776319360288,51.28230285644531,28710000
2017-12-07 00:00:00-05:00,51.44865474324005,52.08675174240578,51.4133983373536,51.87074279785156,30866000
2017-12-08 00:00:00-05:00,52.23025829132577,52.4591786535492,51.93479554127478,52.10959243774414,31170000
2017-12-11 00:00:00-05:00,52.19550022906284,52.438324641040815,51.84839551097673,52.23820495605469,23254000
2017-12-12 00:00:00-05:00,52.14038302140525,52.76110186689817,51.88563976474666,52.07930374145508,33882000
2017-12-13 00:00:00-05:00,52.24366779127839,52.41250148924903,51.97054999918829,52.20940399169922,27680000
2017-12-14 00:00:00-05:00,52.41300494015288,52.98853376095746,52.319150764855394,52.51132583618164,30962000
2017-12-15 00:00:00-05:00,52.824661301183696,53.39423447521856,52.64142725460796,53.232845306396484,63760000
2017-12-18 00:00:00-05:00,53.45382204233541,53.95238611286542,53.15190733801383,53.88286590576172,30292000
2017-12-19 00:00:00-05:00,53.78006780674288,53.87689978233719,53.24624739682206,53.61917495727539,26350000
2017-12-20 00:00:00-05:00,53.675793457342955,53.69118640544104,53.064011854629115,53.3103141784668,28728000
2017-12-21 00:00:00-05:00,53.401185545240914,53.5069547589542,53.08387411553404,53.17573928833008,25640000
2017-12-22 00:00:00-05:00,53.133535958712216,53.21894542151822,53.01634420423306,53.076927185058594,17788000
2017-12-26 00:00:00-05:00,53.06600001983415,53.07692624793845,52.56942492618375,52.92745590209961,18376000
2017-12-27 00:00:00-05:00,52.96470027211699,53.04762822021024,52.55651246164311,52.646888732910156,22324000
2017-12-28 00:00:00-05:00,52.74868918487407,52.87730346921588,52.30822655638744,52.435848236083984,19884000
2017-12-29 00:00:00-05:00,52.41300716325511,52.54012875254606,52.27445925479799,52.30921936035156,23606000
2018-01-02 00:00:00-05:00,52.290346969646514,53.43048210425983,52.290346969646514,53.292930603027344,31766000
2018-01-03 00:00:00-05:00,53.328690544544145,54.42959900603521,53.30386406177599,54.20216751098633,31318000
2018-01-04 00:00:00-05:00,54.478754373376354,54.82585910593442,54.33822505255014,54.4127082824707,26052000
2018-01-05 00:00:00-05:00,54.79457516859321,55.29760594286388,54.71263982971305,55.13423156738281,30250000
2018-01-08 00:00:00-05:00,55.16948777135291,55.57469395519942,55.11983102363961,55.328887939453125,24644000
2018-01-09 00:00:00-05:00,55.5389432030721,55.5389432030721,55.030449299116086,55.25837707519531,26808000
2018-01-10 00:00:00-05:00,54.97085921984269,55.25788106765144,54.82089636607006,55.12678527832031,20734000
2018-01-11 00:00:00-05:00,55.2345491640263,55.360678154762375,54.945045775011,55.22163772583008,22424000
2018-01-12 00:00:00-05:00,55.12480171204202,56.177538476446756,55.021017700252045,56.145263671875,38586000
2018-01-16 00:00:00-05:00,56.62495114176238,57.05051709977311,55.94712722945501,56.147743225097656,36462000
2018-01-17 00:00:00-05:00,56.428806325203404,56.575791366189605,55.78971292715813,56.56486892700195,27830000
2018-01-18 00:00:00-05:00,56.57727636394682,56.638851942112325,55.83787691226107,56.4094352722168,27498000
2018-01-19 00:00:00-05:00,56.511738210626326,56.79726738481455,56.237131476386935,56.783363342285156,30552000
2018-01-22 00:00:00-05:00,56.79925220323572,57.94435420687602,56.699934914928505,57.80928421020508,29550000
2018-01-23 00:00:00-05:00,58.13006704560148,58.52186548948102,57.96272225306838,58.40566635131836,39138000
2018-01-24 00:00:00-05:00,58.843154444192656,58.94594584957529,57.970173846179485,58.1633415222168,37128000
2018-01-25 00:00:00-05:00,58.631116433581106,58.84414756935424,58.1906538179645,58.702125549316406,29984000
2018-01-26 00:00:00-05:00,58.96977879330763,58.97126770019531,58.00145891691538,58.97126770019531,42170000
2018-01-29 00:00:00-05:00,58.99311648986224,59.489691531734586,58.79746352899024,58.91763687133789,31494000
2018-01-30 00:00:00-05:00,58.48263768236405,58.9896388627529,58.32323372892625,58.46525573730469,37338000
2018-01-31 00:00:00-05:00,58.785050386223745,58.90969424174536,58.20356217452964,58.70609664916992,36022000
2018-02-01 00:00:00-05:00,58.396731488528694,58.96580837065409,58.067501215152404,58.67481231689453,73514000
2018-02-02 00:00:00-05:00,55.98486707044241,56.17753844741779,55.17793255092181,55.576683044433594,117842000
2018-02-05 00:00:00-05:00,54.653551296692484,55.36762805754289,52.47507957838458,52.75564193725586,83550000
2018-02-06 00:00:00-05:00,51.344873376973354,53.99658258646535,51.147731486675085,53.850093841552734,76630000
2018-02-07 00:00:00-05:00,53.876907493264575,53.95437232711355,52.36980030079335,52.40903091430664,51942000
2018-02-08 00:00:00-05:00,52.63050455543954,52.83211316584392,49.89090059433726,50.04037094116211,66792000
2018-02-09 00:00:00-05:00,50.942644699709525,52.22579456653236,49.508535579311385,51.955162048339844,98360000
2018-02-12 00:00:00-05:00,52.4715940792392,52.91354555685594,51.91642506980103,52.366817474365234,56240000
2018-02-13 00:00:00-05:00,52.140383528081415,52.69754158754058,51.987439069853544,52.34596633911133,31586000
2018-02-14 00:00:00-05:00,52.35490489317309,53.405160155714356,52.130455011766124,53.267608642578125,41304000
2018-02-15 00:00:00-05:00,53.80142283222073,54.330276457416836,52.99597730623739,54.1942138671875,37396000
2018-02-16 00:00:00-05:00,54.29452264580204,55.03591111993563,54.20365007659564,54.39979934692383,39948000
2018-02-20 00:00:00-05:00,54.263738036919925,55.43217760494987,54.12668283215146,54.80152893066406,33754000
2018-02-21 00:00:00-05:00,55.07514375402131,56.42086176161694,54.996186225280724,55.30604934692383,41486000
2018-02-22 00:00:00-05:00,55.575194242246795,55.88753888266873,54.87899575408689,55.1148681640625,28010000
2018-02-23 00:00:00-05:00,55.549868177460375,56.06332891636732,55.04237064349879,56.01813888549805,25292000
2018-02-26 00:00:00-05:00,56.205345258280325,56.81811948001176,56.080208884256166,56.79329299926758,30912000
2018-02-27 00:00:00-05:00,56.793295337972665,56.82060711991297,55.45701080931754,55.49276351928711,42964000
2018-02-28 00:00:00-05:00,55.71572009515559,55.996286215785624,54.77223051406531,54.81791305541992,49292000
2018-03-01 00:00:00-05:00,55.096986960543916,55.18289271299136,52.9989544317525,53.20354461669922,55338000
2018-03-02 00:00:00-05:00,52.53665044904334,53.972252268930404,52.14584836283531,53.835693359375,50162000
2018-03-05 00:00:00-05:00,53.53725079941223,54.68185272053652,53.24625474168803,54.36305236816406,28648000
2018-03-06 00:00:00-05:00,54.727540051020135,54.90283326979053,54.350141922947074,54.66794967651367,23382000
2018-03-07 00:00:00-05:00,54.26671587268303,55.42771090675819,54.122212344863556,55.3701057434082,30748000
2018-03-08 00:00:00-05:00,55.47736948722941,56.18449041281136,55.47736948722941,56.08219909667969,33862000
2018-03-09 00:00:00-05:00,56.58472808384261,57.652365249089435,56.32601441041463,57.6444206237793,42662000
2018-03-12 00:00:00-04:00,57.85347752786079,58.50448975214629,57.56298156472419,57.897178649902344,44306000
2018-03-13 00:00:00-04:00,58.19015556516624,58.49654456453966,56.33991789106401,56.60508728027344,43140000
2018-03-14 00:00:00-04:00,56.89757318742485,57.590790054628386,56.72625417982306,57.0510139465332,41870000
2018-03-15 00:00:00-04:00,57.08478305770545,57.72685428619265,56.3940476824959,57.13642501831055,33382000
2018-03-16 00:00:00-04:00,57.37179494662961,57.44429295751928,56.18051048069262,56.332462310791016,58656000
2018-03-19 00:00:00-04:00,55.50517559322201,55.58512193678122,54.07305175559994,54.62673568725586,63656000
2018-03-20 00:00:00-04:00,54.54380252699816,54.898855663358916,53.750275796840675,54.414695739746094,54598000
2018-03-21 00:00:00-04:00,54.254308264032936,55.05528339518891,53.98814246134083,54.3253173828125,44898000
2018-03-22 00:00:00-04:00,53.63060944181142,53.824769738518896,52.122509524366066,52.296810150146484,69312000
2018-03-23 00:00:00-04:00,52.20841446588547,52.9736368425676,50.892489752103316,50.975914001464844,49880000
2018-03-26 00:00:00-04:00,52.17017874638506,52.60071153990974,50.18288574353953,52.343482971191406,65984000
2018-03-27 00:00:00-04:00,52.83062371439159,52.862406005385694,49.53932482421722,50.002132415771484,60816000
2018-03-28 00:00:00-04:00,49.752352090618935,50.89844664652213,48.86298598855993,49.914730072021484,77698000
2018-03-29 00:00:00-04:00,50.21416875830112,52.04355037711645,49.85812300851257,51.50178527832031,69338000
2018-04-02 00:00:00-04:00,51.029041812658775,51.62046359052171,49.37197200058031,50.28467559814453,65068000
2018-04-03 00:00:00-04:00,50.45947703045491,50.89894704869862,49.52095040747162,50.58510971069336,51322000
2018-04-04 00:00:00-04:00,49.56961195881301,51.28329451593086,49.484202502071994,51.13283157348633,50724000
2018-04-05 00:00:00-04:00,51.96111479690375,51.977004046219875,50.84928408712724,51.278324127197266,35836000
2018-04-06 00:00:00-04:00,50.80459351607529,51.445175802388,49.96786574672013,50.1515998840332,40134000
2018-04-09 00:00:00-04:00,50.652643178930234,51.8717359050067,50.610931054218156,50.655128479003906,33220000
2018-04-10 00:00:00-04:00,51.16014572107723,51.70389605094467,50.422731409142926,51.470008850097656,36620000
2018-04-11 00:00:00-04:00,51.24654736424903,51.43872243779296,50.610931860284275,50.90192413330078,34060000
2018-04-12 00:00:00-04:00,51.22022831284015,51.87471083487985,50.95108472637966,51.50923156738281,32896000
2018-04-13 00:00:00-04:00,51.985953777394286,52.28836481017805,51.15468524543255,51.447166442871094,25410000
2018-04-16 00:00:00-04:00,51.919412154671186,52.21139705413696,51.341894286241654,51.94672393798828,29776000
2018-04-17 00:00:00-04:00,52.69655011878857,53.878397473681886,52.49245621027263,53.59832763671875,54584000
2018-04-18 00:00:00-04:00,53.58094400447407,53.72941794142682,53.159352279439574,53.40118408203125,31126000
2018-04-19 00:00:00-04:00,53.08486657852938,54.499608420937356,53.08486657852938,54.099369049072266,39884000
2018-04-20 00:00:00-04:00,53.84214404516664,54.3625529712264,53.237810783368175,53.49702453613281,42434000
2018-04-23 00:00:00-04:00,53.778086462294134,54.02737039628368,52.96867044312873,53.32272720336914,69590000
2018-04-24 00:00:00-04:00,52.59723508996105,52.85992299149523,50.29610846998701,50.78175735473633,128220000
2018-04-25 00:00:00-04:00,51.134819331692285,51.44865666890862,50.50218163410897,50.799137115478516,57860000
2018-04-26 00:00:00-04:00,51.307128555365445,52.240692109281554,50.67300198042338,51.80817413330078,50926000
2018-04-27 00:00:00-04:00,51.91891083882618,52.22479975158579,51.027559488063176,51.219234466552734,40746000
2018-04-30 00:00:00-04:00,51.366717682828565,51.56286316325893,50.566238933882744,50.580142974853516,34492000
2018-05-01 00:00:00-04:00,50.46691971661562,51.729709673760496,50.184368398935504,51.68104553222656,35326000
2018-05-02 00:00:00-04:00,51.345864232563656,51.84144670991521,50.80757702556829,50.951087951660156,34698000
2018-05-03 00:00:00-04:00,50.91732212926173,51.181498929842796,50.04930831184697,50.9635009765625,39282000
2018-05-04 00:00:00-04:00,50.631295130247516,52.23374552928585,50.553830290402765,52.19004440307617,36892000
2018-05-07 00:00:00-04:00,52.33355362980037,52.885248600912796,52.153793684536005,52.610145568847656,34400000
2018-05-08 00:00:00-04:00,52.86637733177295,52.896670716342385,52.221824579123734,52.56694412231445,26030000
2018-05-09 00:00:00-04:00,52.84055365296142,54.32531201312875,52.74173267066569,54.07453918457031,47160000
2018-05-10 00:00:00-04:00,54.37496956441081,55.09053517194181,54.31935339965341,54.89488220214844,36414000
2018-05-11 00:00:00-04:00,54.6436182053472,55.07067307445984,54.485210634621545,54.791099548339844,30504000
2018-05-14 00:00:00-04:00,54.89985076782042,55.524543825293904,54.86161654761153,54.95100021362305,39338000
2018-05-15 00:00:00-04:00,54.46932189052054,54.579561619207226,53.56952581236141,53.87194061279297,35738000
2018-05-16 00:00:00-04:00,53.882862897419564,54.34418153859491,53.711047598436735,53.83320236206055,25628000
2018-05-17 00:00:00-04:00,53.702610167334704,54.17634018462257,53.452333630874534,53.69267654418945,25738000
2018-05-18 00:00:00-04:00,52.93490525680794,53.31875911494589,52.8693592526069,53.115657806396484,35482000
2018-05-21 00:00:00-04:00,53.58045123762888,54.29055374492948,53.53079448794665,53.8292350769043,25180000
2018-05-22 00:00:00-04:00,54.11675667074671,54.21607017643148,53.24576123813693,53.397216796875,22226000
2018-05-23 00:00:00-04:00,53.13353319664084,54.02736984995512,52.982573949033664,53.92606735229492,23740000
2018-05-24 00:00:00-04:00,53.97274708591757,53.98366952524101,53.24774791799139,53.90074157714844,20604000
2018-05-25 00:00:00-04:00,53.95536130676729,54.10532794133793,53.75921582951319,53.832706451416016,22224000
2018-05-29 00:00:00-04:00,53.431472846847164,53.69664600602487,52.78989799449124,53.037689208984375,36076000
2018-05-30 00:00:00-04:00,53.30634015738228,53.57995426234568,52.96221324144176,53.50447463989258,28686000
2018-05-31 00:00:00-04:00,53.72942005855889,55.11983174410734,53.53079306510944,54.62325668334961,79368000
2018-06-01 00:00:00-04:00,55.2623552789487,56.51819339282308,55.2196467585276,56.36127471923828,63202000
2018-06-04 00:00:00-04:00,56.53507019815633,57.496441824139715,56.46058318094902,57.2570915222168,44754000
2018-06-05 00:00:00-04:00,57.337540388872256,57.657333349012276,56.98000572195679,57.15678405761719,32964000
2018-06-06 00:00:00-04:00,57.24368080257956,57.340016481076134,56.42681653296805,56.954673767089844,34934000
2018-06-07 00:00:00-04:00,56.836981939353244,56.90103902380781,55.920304147920646,56.332462310791016,36108000
2018-06-08 00:00:00-04:00,56.17306776325444,56.54897316961846,55.77679880926231,56.247554779052734,27284000
2018-06-11 00:00:00-04:00,56.25897850275323,56.99391131458546,56.18250627107361,56.65425109863281,24796000
2018-06-12 00:00:00-04:00,56.66020866698051,57.044062508388954,56.66020866698051,57.01625442504883,26092000
2018-06-13 00:00:00-04:00,57.219349858790785,57.38620214134105,56.777398355223234,56.81960678100586,34302000
2018-06-14 00:00:00-04:00,57.215878595883865,57.90015824939189,57.13592846091329,57.60817337036133,35422000
2018-06-15 00:00:00-04:00,57.59873445939219,57.79686894469169,57.28937143086144,57.56645965576172,44438000
2018-06-18 00:00:00-04:00,57.23970943987872,58.80094382951914,57.15578889086182,58.77363204956055,33038000
2018-06-19 00:00:00-04:00,58.104741457258854,58.73539007658674,57.68265344067876,58.53080368041992,47282000
2018-06-20 00:00:00-04:00,58.75972796994395,59.66299812855992,58.69666348265127,58.7979621887207,51686000
2018-06-21 00:00:00-04:00,58.86947712071811,59.10882365663729,57.77552069834672,58.07147979736328,44966000
2018-06-22 00:00:00-04:00,58.173276820648,58.34757364846075,57.58532905930685,58.064029693603516,34220000
2018-06-25 00:00:00-04:00,57.35442209620706,57.40358254449578,55.611442493783244,56.57380676269531,57682000
2018-06-26 00:00:00-04:00,56.81513477139679,56.950697265854835,56.063320225319536,56.243080139160156,34688000
2018-06-27 00:00:00-04:00,56.41092583250312,56.91793081555456,55.452535818996374,55.464454650878906,34538000
2018-06-28 00:00:00-04:00,55.23851383683477,56.311614116865826,54.92468029968545,55.953086853027344,29726000
2018-06-29 00:00:00-04:00,56.22769499324829,56.67709484019678,55.96500710597914,56.07276153564453,31562000
2018-07-02 00:00:00-04:00,55.38550773693624,56.758041336058135,54.951004507648385,56.71434020996094,23216000
2018-07-03 00:00:00-04:00,57.07733389803412,57.10166407675513,55.33981740859035,55.43168258666992,16448000
2018-07-05 00:00:00-04:00,55.84483135495214,56.815140213989515,55.77133694206549,56.673614501953125,28594000
2018-07-06 00:00:00-04:00,56.69745634084254,57.41401460640656,56.47250636502538,57.3583984375,21820000
2018-07-09 00:00:00-04:00,57.60270924298741,57.99649291747193,57.46515773375603,57.96421432495117,21584000
2018-07-10 00:00:00-04:00,58.098789666765065,58.273086494182,57.72983246266879,57.9572639465332,21334000
2018-07-11 00:00:00-04:00,57.38520495065229,58.617705362930295,57.37279360508707,58.171783447265625,33252000
2018-07-12 00:00:00-04:00,58.340619105128695,59.687826006335456,58.25322064955825,59.65157699584961,44148000
2018-07-13 00:00:00-04:00,59.72804813448699,60.10743145334592,59.355120533932975,59.808494567871094,32612000
2018-07-16 00:00:00-04:00,59.77820049099454,60.02152499747001,59.26126567315518,59.41570281982422,26784000
2018-07-17 00:00:00-04:00,58.73192582748196,60.52058807764801,58.69517672327645,60.23853302001953,40162000
2018-07-18 00:00:00-04:00,60.012581839774434,60.661108721933324,59.815443761067,60.23008346557617,38948000
2018-07-19 00:00:00-04:00,59.91923197114627,60.407366119256885,59.47628785220785,59.54431915283203,38338000
2018-07-20 00:00:00-04:00,59.551269126863524,60.1238201089191,59.41967325082829,59.483734130859375,37938000
2018-07-23 00:00:00-04:00,59.3734979736454,60.33884006696403,59.19224533856686,60.1352424621582,65446000
2018-07-24 00:00:00-04:00,63.11469000607134,63.313320789791945,61.78089086655135,62.476593017578125,107600000
2018-07-25 00:00:00-04:00,62.201987178843154,63.4742107553043,62.02470875673829,63.36000061035156,51104000
2018-07-26 00:00:00-04:00,62.92499856764167,63.92907489845586,62.717430559685354,63.83472442626953,54686000
2018-07-27 00:00:00-04:00,64.0144811191149,64.12968385816586,61.798264259198845,62.215389251708984,48362000
2018-07-30 00:00:00-04:00,61.8260779035689,62.215394850853166,60.78923042739737,61.080718994140625,43896000
2018-07-31 00:00:00-04:00,61.1636500627155,61.63539867779118,60.392968331216366,60.94068908691406,39382000
2018-08-01 00:00:00-04:00,61.531118530823136,61.86828965820945,60.82747170769052,61.22721481323242,36994000
2018-08-02 00:00:00-04:00,60.50767052807498,61.79429821059289,60.485821861833074,61.63142013549805,34704000
2018-08-03 00:00:00-04:00,61.832533764473176,61.89907615777278,61.04993323831139,61.48394012451172,21264000
2018-08-06 00:00:00-04:00,61.655259143661176,61.69746757021017,61.105053114502475,61.4596061706543,22114000
2018-08-07 00:00:00-04:00,62.17169520757029,62.870378986521,62.16126907056883,62.36188507080078,42506000
2018-08-08 00:00:00-04:00,62.405578251592914,63.15044082686508,62.17715418313749,62.63450241088867,34344000
2018-08-09 00:00:00-04:00,62.70402648957323,63.162363561626734,62.573427000836936,62.78993225097656,27326000
2018-08-10 00:00:00-04:00,62.52773339381172,62.628043276062456,61.93085227703722,62.19651794433594,26602000
2018-08-13 00:00:00-04:00,62.13147412471391,62.8649141998655,61.92440241144142,62.00434875488281,27500000
2018-08-14 00:00:00-04:00,62.19602728338948,62.597755573942706,61.55246717712484,62.476097106933594,28080000
2018-08-15 00:00:00-04:00,61.787842635597315,62.170203767134936,60.89202079763251,61.18897247314453,37052000
2018-08-16 00:00:00-04:00,61.67413031579115,61.75904726540794,60.56378834903647,60.78377151489258,32176000
2018-08-17 00:00:00-04:00,60.683461164968854,60.927278191280145,59.78763931247009,60.37607955932617,33092000
2018-08-20 00:00:00-04:00,60.6149323186566,60.87563498332218,60.02102897018602,60.67898941040039,22218000
2018-08-21 00:00:00-04:00,60.732121703770495,61.21578530932155,60.335356457353775,60.45354080200195,23082000
2018-08-22 00:00:00-04:00,60.29513576126031,60.90642105715929,60.24547901274251,60.66905975341797,22296000
2018-08-23 00:00:00-04:00,60.57619827398301,61.33546121196604,60.54987909854594,60.6397590637207,24666000
2018-08-24 00:00:00-04:00,60.880100899686546,61.44619615850523,60.652669433890715,61.41392135620117,24454000
2018-08-27 00:00:00-04:00,61.78089542078315,62.46269358086583,61.609080102227516,62.38323974609375,28580000
2018-08-28 00:00:00-04:00,62.36485893643208,62.39763382941516,61.72278775816347,61.86629867553711,27330000
2018-08-29 00:00:00-04:00,62.320176646746326,62.924509983431676,62.210929515776456,62.79936981201172,36926000
2018-08-30 00:00:00-04:00,62.737291529043084,63.03970631773306,61.93333865538568,62.292362213134766,30104000
2018-08-31 00:00:00-04:00,62.18163130494511,62.19851316116859,60.867691733611835,61.168121337890625,42308000
2018-09-04 00:00:00-04:00,60.7072926749918,60.972962146163965,59.914758559083175,60.150630950927734,41458000
2018-09-05 00:00:00-04:00,60.0468498561786,60.327415986324205,58.36445325703717,59.54431915283203,53988000
2018-09-06 00:00:00-04:00,59.517997611478144,59.53885367290561,57.781970124505285,58.79399108886719,46854000
2018-09-07 00:00:00-04:00,58.19860032917103,59.02043530382708,58.06303781188098,58.47618865966797,32658000
2018-09-10 00:00:00-04:00,58.804421970461505,58.92658053520857,58.129575839004474,58.35055160522461,27670000
2018-09-11 00:00:00-04:00,58.15390772614469,59.13911325741079,57.89817186389085,59.09193801879883,29254000
2018-09-12 00:00:00-04:00,58.695168536192114,59.12669388499225,57.908593850346506,58.178733825683594,35716000
2018-09-13 00:00:00-04:00,58.580963380489074,58.986169589392084,58.06055063045631,58.702125549316406,40068000
2018-09-14 00:00:00-04:00,58.99311586327826,58.99311586327826,58.274072391590494,58.49554443359375,24176000
2018-09-17 00:00:00-04:00,58.485119989073816,58.686232278541894,57.526233686904234,57.59426498413086,34096000
2018-09-18 00:00:00-04:00,57.73479664478969,58.66190448481452,57.67371736548634,57.955772399902344,32314000
2018-09-19 00:00:00-04:00,58.04764077738549,58.41063475634106,57.53418006773367,58.31132125854492,25962000
2018-09-20 00:00:00-04:00,58.629133665512555,59.29106837226901,58.409646802027595,59.1703987121582,29244000
2018-09-21 00:00:00-04:00,59.33674605336531,59.41917769599644,58.201577697745954,58.20455551147461,91222000
2018-09-24 00:00:00-04:00,57.57340674028717,58.8535748393731,57.180615708017456,58.574005126953125,31150000
2018-09-25 00:00:00-04:00,58.80690195128173,59.43308009027321,58.30237848657922,59.28559875488281,33152000
2018-09-26 00:00:00-04:00,59.27566991833735,59.948527002410216,58.864008011949615,59.29404067993164,37650000
2018-09-27 00:00:00-04:00,59.58900377874174,60.42622779671487,59.49217179914396,59.95448303222656,36274000
2018-09-28 00:00:00-04:00,59.7921045446384,60.0086135736764,59.4812488306747,59.940582275390625,35612000
2018-10-01 00:00:00-04:00,60.23455683155307,60.79071847903882,59.74741529914835,60.0125846862793,33164000
2018-10-02 00:00:00-04:00,59.92022357629471,60.80661189025297,59.572126242197164,59.96839141845703,40180000
2018-10-03 00:00:00-04:00,60.1849014485084,60.29315597355086,59.69577466506429,60.161563873291016,26246000
2018-10-04 00:00:00-04:00,59.838789802667804,59.88199083715756,57.793895374010134,58.45036697387695,46576000
2018-10-05 00:00:00-04:00,58.39723007441471,58.69517437196721,57.320655638422835,57.99152755737305,31852000
2018-10-08 00:00:00-04:00,57.6027057183166,58.390273019094934,56.38113155167689,57.40010452270508,46190000
2018-10-09 00:00:00-04:00,57.1711873757834,57.679681319118615,56.816634292836056,56.86629104614258,33690000
2018-10-10 00:00:00-04:00,56.43079002409225,56.46157970876179,54.20166534767651,54.233943939208984,58980000
2018-10-11 00:00:00-04:00,53.58243732347526,55.4207600049258,53.42601496027823,54.163429260253906,67696000
2018-10-12 00:00:00-04:00,55.598529082892036,55.90591068506979,54.37645857421164,55.64322280883789,49370000
2018-10-15 00:00:00-04:00,55.517093589822906,55.70579074998411,54.53486590213734,54.744422912597656,30074000
2018-10-16 00:00:00-04:00,55.29263594716309,56.429296912458945,55.206730194996325,56.26592254638672,38378000
2018-10-17 00:00:00-04:00,56.609557342349035,56.9571583720068,55.31846293260537,55.993309020996094,35652000
2018-10-18 00:00:00-04:00,56.11298325717906,56.229678702436445,53.94493782172068,54.519474029541016,46152000
2018-10-19 00:00:00-04:00,54.807491207818124,55.66358619144851,54.47577940620576,54.88048553466797,41286000
2018-10-22 00:00:00-04:00,55.24447498309177,55.70033055133498,54.62325981919756,55.1878662109375,27116000
2018-10-23 00:00:00-04:00,54.19074117141181,55.517095825368735,53.58094854519631,55.363651275634766,37686000
2018-10-24 00:00:00-04:00,55.36811973657687,55.448566170049546,52.39164716089309,52.49394226074219,49286000
2018-10-25 00:00:00-04:00,53.64500440628176,55.508153530326545,53.40913200486425,54.80152893066406,72956000
2018-10-26 00:00:00-04:00,52.057449858534426,55.467428960109665,51.75453878919951,53.81631851196289,106438000
2018-10-29 00:00:00-04:00,54.45144089789732,55.06173358192343,50.0150402838446,51.382110595703125,81290000
2018-10-30 00:00:00-04:00,50.65114829851178,52.18506698823219,50.351218835511304,52.11604309082031,59768000
2018-10-31 00:00:00-04:00,53.04415249231558,55.02052307449358,53.04415249231558,54.155487060546875,70916000
2018-11-01 00:00:00-04:00,54.19620277026839,54.61829082153748,53.52185297739613,53.927059173583984,40132000
2018-11-02 00:00:00-04:00,54.077026023028715,54.523944344918306,53.01733348728428,53.207523345947266,43438000
2018-11-05 00:00:00-05:00,53.25916152587014,53.29988104253075,51.345859487915234,52.4249153137207,45358000
2018-11-06 00:00:00-05:00,52.38966118438446,53.621168994273006,52.319644677121005,53.112178802490234,28660000
2018-11-07 00:00:00-05:00,53.80341005489625,55.116353103820906,53.65940283457077,55.032432556152344,43388000
2018-11-08 00:00:00-05:00,54.98576533931927,55.0314478868205,53.84661884880092,54.35660171508789,33694000
2018-11-09 00:00:00-05:00,53.8297368443385,54.044753206403705,52.848505429069704,53.48213577270508,34860000
2018-11-12 00:00:00-05:00,53.28896671456189,53.33713456100917,51.66119355918507,52.108604431152344,34002000
2018-11-13 00:00:00-05:00,52.379233850086486,52.9681703698477,51.663668268842876,52.039573669433594,25750000
2018-11-14 00:00:00-05:00,52.63695670370338,52.92447484735371,51.69892643954687,52.36781311035156,34666000
2018-11-15 00:00:00-05:00,52.21288615720008,53.573997142583444,51.70786635175515,53.18567657470703,41584000
2018-11-16 00:00:00-05:00,52.896663446589216,53.254694378119986,52.383699074374555,53.04762268066406,35366000
2018-11-19 00:00:00-05:00,52.805296077851644,53.034220251724,50.79317666508989,51.01911544799805,45684000
2018-11-20 00:00:00-05:00,50.01950971969448,51.512216572083716,49.767251759578734,51.169578552246094,54458000
2018-11-21 00:00:00-05:00,51.90749059270372,52.374272396289506,51.61699461554681,51.81413650512695,29698000
2018-11-23 00:00:00-05:00,51.321032496032565,51.79278108355172,51.073737566730806,51.152198791503906,14178000
2018-11-26 00:00:00-05:00,51.842441530993646,52.487986892003256,51.63238820136263,52.43535232543945,31558000
2018-11-27 00:00:00-05:00,52.206925926200434,52.97264461056947,51.91692626059895,52.25360107421875,33048000
2018-11-28 00:00:00-05:00,52.51083073428073,54.26870701340177,51.79029827591175,54.215572357177734,46042000
2018-11-29 00:00:00-05:00,53.80539363262839,54.63070262052612,53.7294177122673,54.35411071777344,31004000
2018-11-30 00:00:00-05:00,54.406256646407606,55.10245132446289,53.788019314758785,55.10245132446289,59668000
2018-12-03 00:00:00-05:00,56.220247052195056,56.361272680390314,55.20574071908322,55.4356575012207,57532000
2018-12-04 00:00:00-05:00,55.268315292677876,55.3303871818059,52.675696294184895,52.75961685180664,45630000
2018-12-06 00:00:00-05:00,51.892097404146035,53.60130954715465,51.766961025816045,53.534767150878906,47436000
2018-12-07 00:00:00-05:00,53.2442667619824,53.87988222444343,51.6125195900565,51.970550537109375,42682000
2018-12-10 00:00:00-05:00,51.78980016082642,52.617094416433666,51.29620668889493,52.29829406738281,33652000
2018-12-11 00:00:00-05:00,52.98158284808099,53.15339816285614,52.145351334911595,52.718894958496094,33852000
2018-12-12 00:00:00-05:00,53.48510829910612,54.21258896587803,53.23135764761644,53.318756103515625,28960000
2018-12-13 00:00:00-05:00,53.415091548646906,54.048225524488295,52.884748976627556,53.30931854248047,24986000
2018-12-14 00:00:00-05:00,52.63794669939201,53.21893858533403,52.10909307090876,52.22529220581055,36358000
2018-12-17 00:00:00-05:00,51.99190620437998,52.7551433832478,50.48331388401322,50.93122482299805,49932000
2018-12-18 00:00:00-05:00,51.34585901027855,52.62156038732353,51.17106211390615,51.81313705444336,43640000
2018-12-19 00:00:00-05:00,52.00580545395999,53.41707314047551,50.6223496369844,51.418357849121094,58264000
2018-12-20 00:00:00-05:00,50.94860355609423,52.013262945096464,50.04781864487211,50.828433990478516,53674000
2018-12-21 00:00:00-05:00,51.24853426247188,51.52810399378867,48.72345050801858,49.22300338745117,104656000
2018-12-24 00:00:00-05:00,48.87888117507476,50.25935938435076,48.548161967652455,48.896263122558594,36360000
2018-12-26 00:00:00-05:00,49.55769204069396,52.063408401062034,49.29251888962667,52.03361511230469,46318000
2018-12-27 00:00:00-05:00,50.95853497021103,52.30623816241729,50.005107957942045,52.28438949584961,45996000
2018-12-28 00:00:00-05:00,52.612133061880265,52.847012884218515,51.743126591750126,51.97552490234375,34398000
2018-12-31 00:00:00-05:00,52.52919962040073,52.78543557125046,51.29819186096392,51.89011001586914,33110000
2019-01-02 00:00:00-05:00,51.00819474412112,52.676191076499855,50.91285165838382,52.37278366088867,31868000
2019-01-03 00:00:00-05:00,52.17365449331464,52.94781410192929,50.76834611045528,50.92228317260742,41960000
2019-01-04 00:00:00-05:00,51.77092813408494,53.63010680671193,51.48788049970331,53.53426742553711,46022000
2019-01-07 00:00:00-05:00,53.67827070297829,53.7641764549808,52.768048588430865,53.4275016784668,47446000
2019-01-08 00:00:00-05:00,53.928048859604345,54.293031818939504,53.05159421264766,53.896766662597656,35414000
2019-01-09 00:00:00-05:00,54.02687369520953,54.20812253786624,53.35053489292868,53.71204376220703,26998000
2019-01-10 00:00:00-05:00,53.378846168737596,53.62067800328866,52.869359624207775,53.57201385498047,26598000
2019-01-11 00:00:00-05:00,53.12856859452699,53.300880213891595,52.45968187790726,52.85892868041992,30864000
2019-01-14 00:00:00-05:00,52.30623893575367,52.55998958791349,52.068381322887504,52.21536636352539,28490000
2019-01-15 00:00:00-05:00,52.53813862139533,54.040775222324044,52.36086020539616,53.95337677001953,37518000
2019-01-16 00:00:00-05:00,54.12667847770637,54.74044524745018,54.027861289007085,54.10234451293945,38280000
2019-01-17 00:00:00-05:00,54.02687557511327,54.6580205814156,53.79199197865768,54.57956314086914,24896000
2019-01-18 00:00:00-05:00,55.04981682869067,55.517094913944106,54.58750555498726,54.98575973510742,44892000
2019-01-22 00:00:00-05:00,54.42462722769224,54.57211235808889,53.17772643171997,53.562076568603516,39632000
2019-01-23 00:00:00-05:00,53.97076049657529,54.27317531205304,53.0128704811543,53.84910202026367,25194000
2019-01-24 00:00:00-05:00,53.754744639757874,54.027366126227356,53.134522139050084,53.8287353515625,29114000
2019-01-25 00:00:00-05:00,54.3367295268186,54.790103543964456,54.216063669778805,54.698238372802734,23260000
2019-01-28 00:00:00-05:00,54.13016251506108,54.29402941484541,53.36245482221904,53.6231575012207,29334000
2019-01-29 00:00:00-05:00,53.68175585005444,53.864993709157766,52.9359005524968,53.13651657104492,19704000
2019-01-30 00:00:00-05:00,53.499009054129765,54.59942105062795,53.46325634800232,54.52344512939453,29452000
2019-01-31 00:00:00-05:00,55.231069619991345,55.99728465199397,54.88396486030973,55.90889358520508,40232000
2019-02-01 00:00:00-05:00,55.73011970324705,56.331475152825305,55.33087672539167,55.54787826538086,33116000
2019-02-04 00:00:00-05:00,55.56724934699765,56.7257591169716,55.49276232616493,56.68007278442383,78408000
2019-02-05 00:00:00-05:00,56.09460741599528,57.24368359376726,55.795174229865374,57.19898986816406,82296000
2019-02-06 00:00:00-05:00,57.06988738141958,57.30476719112292,55.53497205289645,55.75992202758789,48256000
2019-02-07 00:00:00-05:00,55.21020654993754,55.218647477108,54.30495120800824,54.91673278808594,38298000
2019-02-08 00:00:00-05:00,54.3690085320218,54.87650980891239,54.33723003228638,54.74143981933594,21766000
2019-02-11 00:00:00-05:00,54.809473620778824,55.29015944262703,54.6232579686131,54.72853088378906,18498000
2019-02-12 00:00:00-05:00,55.1699855860319,56.25500468557506,55.1699855860319,55.99281311035156,35036000
2019-02-13 00:00:00-05:00,56.26394294106998,56.7510844857334,55.9143529048766,56.044952392578125,28042000
2019-02-14 00:00:00-05:00,55.86469682074773,56.41738437271586,55.471905748361294,56.07325744628906,21106000
2019-02-15 00:00:00-05:00,56.574802384750335,56.574802384750335,55.453534180990715,55.59803771972656,27826000
2019-02-19 00:00:00-05:00,55.449555063652724,56.09510033168187,55.449555063652724,55.939674377441406,21980000
2019-02-20 00:00:00-05:00,56.057364258869114,56.15916305296114,55.20673247463734,55.64570236206055,24090000
2019-02-21 00:00:00-05:00,55.55582376397569,55.574198314160704,54.52294672955471,54.832313537597656,33272000
2019-02-22 00:00:00-05:00,55.10493434162295,55.4798471434617,54.64808620125647,55.44558334350586,29436000
2019-02-25 00:00:00-05:00,55.71224594121499,55.884557547159126,55.32392539713024,55.483821868896484,26208000
2019-02-26 00:00:00-05:00,55.33683751065087,55.93620401842698,54.955965258623436,55.71622085571289,35026000
2019-02-27 00:00:00-05:00,55.31896309713979,55.9009476584474,55.048330577399355,55.75992202758789,22092000
2019-02-28 00:00:00-05:00,55.56675661288699,56.311122989568275,55.53745962041013,55.94166946411133,27422000
2019-03-01 00:00:00-05:00,56.16264333054523,57.10613678293325,56.16264333054523,57.03264236450195,34086000
2019-03-04 00:00:00-05:00,57.33257541770027,57.87682206103234,56.52265927719081,57.27596664428711,35490000
2019-03-05 00:00:00-05:00,57.40407651386332,58.421560605955044,57.25609887270483,58.059059143066406,40094000
2019-03-06 00:00:00-05:00,58.18668245468202,58.33466010001463,57.754164471585874,57.848018646240234,23602000
2019-03-07 00:00:00-05:00,57.627539050675985,57.780483507204465,56.69447178597159,57.14834213256836,30086000
2019-03-08 00:00:00-05:00,56.306643746259674,57.27744886326306,56.12290961671496,57.10464096069336,23694000
2019-03-11 00:00:00-04:00,57.20544615914636,58.591387351932774,57.18409379498416,58.559112548828125,30032000
2019-03-12 00:00:00-04:00,58.71006872280054,59.87254880166894,58.71006872280054,59.45244598388672,42220000
2019-03-13 00:00:00-04:00,59.883480812101666,59.94257109573969,59.48522662116568,59.54233169555664,25888000
2019-03-14 00:00:00-04:00,59.54034542644887,59.822400465767835,59.15351377270387,59.21806716918945,27302000
2019-03-15 00:00:00-04:00,59.48969908937818,59.67442205818567,58.94395974539873,59.10733413696289,51886000
2019-03-18 00:00:00-04:00,59.077036470067185,59.338235424528825,58.66934878891122,59.02042770385742,24442000
2019-03-19 00:00:00-04:00,59.17784221588789,59.75834161920121,59.06561728164164,59.71116638183594,29788000
2019-03-20 00:00:00-04:00,59.65852834902629,61.07823704388622,59.568648382978665,60.90145492553711,41508000
2019-03-21 00:00:00-04:00,60.58216163567386,61.39852969827657,60.41233152855452,61.38313674926758,28150000
2019-03-22 00:00:00-04:00,61.02163171082466,61.258993030583326,59.8869557983602,59.96889114379883,34422000
2019-03-25 00:00:00-04:00,59.56715495996956,60.05777057456881,59.0924285946126,59.458900451660156,27576000
2019-03-26 00:00:00-04:00,59.84673253115645,59.96889109573803,58.683259719421955,59.08449172973633,30752000
2019-03-27 00:00:00-04:00,59.18777898618902,59.18777898618902,57.81276016314124,58.49704360961914,29428000
2019-03-28 00:00:00-04:00,58.37240601001888,58.459304381596006,57.77303948532131,58.21200942993164,22402000
2019-03-29 00:00:00-04:00,58.6047959161706,58.79300056652951,57.91952367846969,58.44142532348633,30890000
2019-04-01 00:00:00-04:00,58.97027252816405,59.598935967004515,58.91167855126254,59.53835678100586,27706000
2019-04-02 00:00:00-04:00,59.59148754848322,59.87751677782474,59.15400656582166,59.86410903930664,18288000
2019-04-03 00:00:00-04:00,60.21965910376805,60.611953876932304,59.84127216098311,60.12580871582031,22180000
2019-04-04 00:00:00-04:00,60.149641514192155,60.6094712789344,60.037912879388585,60.554847717285156,21022000
2019-04-05 00:00:00-04:00,60.547398392219186,60.601525650671675,60.08707233279374,60.15758514404297,20012000
2019-04-08 00:00:00-04:00,60.14070479981026,60.28173042585157,59.822400748039556,60.00017547607422,21750000
2019-04-09 00:00:00-04:00,59.682860645745926,59.944055820499464,59.508560043728515,59.72258377075195,19668000
2019-04-10 00:00:00-04:00,59.841770544210824,60.03294923149093,59.62178737911789,59.9093017578125,15510000
2019-04-11 00:00:00-04:00,60.03095989279288,60.221646053196345,59.81445464745042,60.065223693847656,16998000
2019-04-12 00:00:00-04:00,60.3646597087807,60.733616912387355,60.24896065201805,60.71772766113281,24312000
2019-04-15 00:00:00-04:00,60.78525570830979,61.04397316716175,60.31202200298891,60.90642166137695,23796000
2019-04-16 00:00:00-04:00,61.07873720086424,61.37568889802249,60.83243486055661,61.173583984375,22622000
2019-04-17 00:00:00-04:00,61.426334076177916,61.82856245538817,61.22274026941342,61.58226013183594,30366000
2019-04-18 00:00:00-04:00,61.82359722682789,61.870276163119435,61.54601269771949,61.64830780029297,24750000
2019-04-22 00:00:00-04:00,61.40994791638979,62.28739519966087,61.24607723716746,62.25859451293945,19084000
2019-04-23 00:00:00-04:00,62.40160928978347,63.285015991280005,62.16970731143525,63.094329833984375,31868000
2019-04-24 00:00:00-04:00,63.09433633308455,63.26367014386888,62.559030695113094,62.570945739746094,23396000
2019-04-25 00:00:00-04:00,63.07993028957787,63.20407405659304,62.46914507746081,62.932945251464844,31344000
2019-04-26 00:00:00-04:00,63.232870956389945,63.507477649676154,62.81674234723786,63.43348693847656,27228000
2019-04-29 00:00:00-04:00,63.5869319411135,64.40430014627246,63.1499472420338,64.36605834960938,72368000
2019-04-30 00:00:00-04:00,59.12372163397037,59.63767488150388,58.744834598246015,59.53736877441406,133178000
2019-05-01 00:00:00-04:00,59.46486302046825,59.55176517078927,58.18270586078378,58.26414489746094,74340000
2019-05-02 00:00:00-04:00,58.22839441108475,58.56507300935367,57.51978080850767,57.92597961425781,45098000
2019-05-03 00:00:00-04:00,58.46724306452287,59.16195260702625,58.275568091060066,59.07008743286133,41588000
2019-05-06 00:00:00-04:00,58.19859595861239,59.36207248475379,58.15688383510678,59.26424789428711,31774000
2019-05-07 00:00:00-04:00,58.884368941861375,59.329298264303915,57.8509955859456,58.539249420166016,36604000
2019-05-08 00:00:00-04:00,58.4612828042614,58.807895011362966,57.98159339239588,58.13801574707031,25520000
2019-05-09 00:00:00-04:00,57.73181583733012,58.30138520186433,57.33653949466912,57.99847412109375,29556000
2019-05-10 00:00:00-04:00,58.041684185752864,58.41113390101427,56.92587913956529,57.982093811035156,31650000
2019-05-13 00:00:00-04:00,56.86976769716593,57.20396101137546,55.88952893618015,56.44022750854492,45626000
2019-05-14 00:00:00-04:00,56.724763456680954,56.851388733278405,55.79169622014317,55.85774230957031,40392000
2019-05-15 00:00:00-04:00,55.74303434449022,58.511442693744634,55.68592927098354,58.13901138305664,59302000
2019-05-16 00:00:00-04:00,58.190649613030295,59.299006244015615,58.02231221712401,58.819313049316406,35308000
2019-05-17 00:00:00-04:00,58.38878643670616,58.908202776914415,57.921508357152064,58.038700103759766,25362000
2019-05-20 00:00:00-04:00,57.2551125517545,57.2551125517545,56.517201896988176,56.84096908569336,30602000
2019-05-21 00:00:00-04:00,57.3285995891205,57.503396504785506,56.773926824116245,57.32661437988281,20562000
2019-05-22 00:00:00-04:00,57.168201455126244,57.79040916164507,57.15578632141826,57.39662551879883,18826000
2019-05-23 00:00:00-04:00,56.91097813930794,57.10861252481973,56.2698995649493,56.874725341796875,25214000
2019-05-24 00:00:00-04:00,57.20544745669446,57.32263920538338,56.446184496005266,56.54053497314453,18554000
2019-05-28 00:00:00-04:00,56.68305059673662,57.42840948040141,56.5435100968706,56.58770751953125,20948000
2019-05-29 00:00:00-04:00,56.247056508848104,56.36127044191138,55.21666475408142,55.61343002319336,36230000
2019-05-30 00:00:00-04:00,55.62385987984428,55.954082778088384,55.412813945564984,55.68642807006836,18088000
2019-05-31 00:00:00-04:00,54.903324936483905,55.288663869008694,54.78960731106813,54.94602966308594,31582000
2019-06-03 00:00:00-04:00,52.98107908300283,52.98455319871045,50.99974581100483,51.581233978271484,96890000
2019-06-04 00:00:00-04:00,51.86676722491095,52.55949155555069,51.446664390549536,52.36334228515625,60512000
2019-06-05 00:00:00-04:00,52.388671319401666,52.47855128829843,51.29620765091686,51.87421798706055,46988000
2019-06-06 00:00:00-04:00,51.952187193072035,52.140388074156064,51.42085196138286,52.02915573120117,29020000
2019-06-07 00:00:00-04:00,52.35291684459517,53.30385855223438,52.19748709077707,53.052589416503906,43828000
2019-06-10 00:00:00-04:00,53.481136879065936,54.367028950817286,53.39572741647698,53.76716613769531,28510000
2019-06-11 00:00:00-04:00,54.47378911960716,54.82238655758594,53.60875692609776,53.6817512512207,33508000
2019-06-12 00:00:00-04:00,53.627627128343704,53.7552450144655,53.11367010203279,53.585418701171875,23670000
2019-06-13 00:00:00-04:00,53.86399697799452,54.453926154869045,53.7577314543571,54.17683792114258,20814000
2019-06-14 00:00:00-04:00,54.1137700872315,54.36305022172289,53.70360087599848,53.94294738769531,24582000
2019-06-17 00:00:00-04:00,54.08198951121467,54.686815274057274,54.02736595364215,54.319847106933594,19770000
2019-06-18 00:00:00-04:00,55.19432053850123,55.55582561833145,54.66248905562126,54.88346481323242,34526000
2019-06-19 00:00:00-04:00,54.98278004861608,55.09153087280455,54.42611827890142,54.84721374511719,26714000
2019-06-20 00:00:00-04:00,55.7008164746197,55.75146960958644,54.970850623247145,55.27872848510742,24018000
2019-06-21 00:00:00-04:00,55.112878933867414,55.942654666471014,55.10592691342495,55.8830680847168,50774000
2019-06-24 00:00:00-04:00,55.61641204606741,55.79369048088021,55.284203935593,55.45254135131836,24236000
2019-06-25 00:00:00-04:00,55.37209700696238,55.40288290479443,53.85853406442117,54.00651550292969,31644000
2019-06-26 00:00:00-04:00,54.17633865543506,54.38092885450008,53.31676961512421,53.64599609375,34698000
2019-06-27 00:00:00-04:00,53.96529924467173,54.05021240275102,53.42403042828709,53.462764739990234,24078000
2019-06-28 00:00:00-04:00,53.49255405592567,53.76914596557617,53.322227661551615,53.76914596557617,33672000
2019-07-01 00:00:00-04:00,54.674898640847694,55.04981523640269,54.39135470547454,54.62325668334961,29196000
2019-07-02 00:00:00-04:00,54.86310428744832,55.26334367248826,54.606872127283935,55.24894332885742,20630000
2019-07-03 00:00:00-04:00,55.54192019888391,56.01317248094592,55.36067136116541,55.76488494873047,20154000
2019-07-05 00:00:00-04:00,55.585129112556274,56.34389585800019,55.49227132023345,56.245574951171875,29794000
2019-07-08 00:00:00-04:00,55.90789710652554,55.97443950031505,55.2072319168068,55.457008361816406,29888000
2019-07-09 00:00:00-04:00,55.13572409561386,56.006719498634595,54.97830912571155,55.82944107055664,29472000
2019-07-10 00:00:00-04:00,56.22819602776164,56.72576376057585,56.14576437464385,56.654754638671875,30710000
2019-07-11 00:00:00-04:00,56.91544819980678,57.26702344838608,56.58622170920299,56.81216049194336,26004000
2019-07-12 00:00:00-04:00,56.755052087770366,56.9819872503697,56.53805054781437,56.874725341796875,21878000
2019-07-15 00:00:00-04:00,56.87472603736857,57.139899209823874,56.6095566534803,57.1314582824707,21164000
2019-07-16 00:00:00-04:00,56.94375319251821,57.53219724651398,56.94375319251821,57.277950286865234,25352000
2019-07-17 00:00:00-04:00,57.151820032082576,57.5252439434234,56.93829259800713,56.944252014160156,19538000
2019-07-18 00:00:00-04:00,56.70887169579786,57.01526069737615,56.25500514124155,56.969078063964844,25450000
2019-07-19 00:00:00-04:00,57.07236698404478,57.184591922191956,56.17505620403855,56.1899528503418,23184000
2019-07-22 00:00:00-04:00,56.38460840854743,56.6105509762166,55.87512568683337,56.57032775878906,28914000
2019-07-23 00:00:00-04:00,56.780879957103714,57.04952726588533,56.25451156769626,57.00930404663086,20648000
2019-07-24 00:00:00-04:00,56.24308151128295,56.880682151937535,56.03898762840574,56.59614562988281,27192000
2019-07-25 00:00:00-04:00,56.55741791036515,56.78783099374206,55.80064023527246,56.40795135498047,54762000
2019-07-26 00:00:00-04:00,60.97942368080201,62.985087444769476,60.97942368080201,61.83452606201172,121216000
2019-07-29 00:00:00-04:00,61.69945427748095,62.021732537959856,61.08866525629566,61.66667938232422,41382000
2019-07-30 00:00:00-04:00,60.929762982317236,61.421871359209966,60.84633872959247,60.97942352294922,28616000
2019-07-31 00:00:00-04:00,60.8239904446225,61.32255072451649,59.995207288072685,60.492774963378906,39960000
2019-08-01 00:00:00-04:00,60.46447287095014,61.391576956781414,59.93661179286672,60.17397689819336,35426000
2019-08-02 00:00:00-04:00,59.737980847722156,60.06075160378452,59.09243175846339,59.40626907348633,34910000
2019-08-05 00:00:00-04:00,58.24676965813163,58.44093374029777,56.74612187702084,57.342010498046875,47840000
2019-08-06 00:00:00-04:00,57.87681653173217,58.66537644272788,57.67868205514766,58.15291213989258,36014000
2019-08-07 00:00:00-04:00,57.493457711958904,58.58939919250458,57.147841907314685,58.392757415771484,30686000
2019-08-08 00:00:00-04:00,58.91515767971558,59.90085954311422,58.29791671780245,59.896392822265625,30116000
2019-08-09 00:00:00-04:00,59.588513621875066,59.810481986746275,58.83868418619697,59.037811279296875,20418000
2019-08-12 00:00:00-04:00,58.59585644291829,58.87443356343119,58.03572059965884,58.32273864746094,22064000
2019-08-13 00:00:00-04:00,58.31528985018725,59.85864595596713,58.247758643856116,59.4266242980957,28434000
2019-08-14 00:00:00-04:00,58.400706384233374,58.73440338220796,57.65584376641108,57.81375503540039,35430000
2019-08-15 00:00:00-04:00,58.02131997692861,58.418081443279874,57.7516800872818,58.065513610839844,28506000
2019-08-16 00:00:00-04:00,58.635090408088814,58.786545959947794,58.24825875182244,58.5566291809082,24916000
2019-08-19 00:00:00-04:00,59.18330773838435,60.05529574028158,59.11229862258572,59.61085891723633,24450000
2019-08-20 00:00:00-04:00,59.35810767169881,59.489699772939304,58.74731861861278,58.77115249633789,20206000
2019-08-21 00:00:00-04:00,59.38144808267943,59.6168242114371,58.989153271894104,59.1708984375,14152000
2019-08-22 00:00:00-04:00,59.28113288873037,59.528427829139154,58.541733367637406,59.16791534423828,17352000
2019-08-23 00:00:00-04:00,58.852587822155336,59.37399317082415,57.10613411697356,57.28390884399414,36254000
2019-08-26 00:00:00-04:00,57.575394252625415,58.19164255858214,57.34697018333334,58.157875061035156,21166000
2019-08-27 00:00:00-04:00,58.74483665086009,58.844150156794804,57.829151274957766,58.14000701904297,23460000
2019-08-28 00:00:00-04:00,57.84453687675425,58.52136814611601,57.615120206731675,58.28549575805664,16810000
2019-08-29 00:00:00-04:00,58.91466178250152,59.54878839323823,58.85805300949159,59.30298614501953,19636000
2019-08-30 00:00:00-04:00,59.60638935795189,59.60638935795189,58.87989752697535,59.118751525878906,18064000
2019-09-03 00:00:00-04:00,58.687727702759915,59.04675129231456,57.786942763733165,58.076942443847656,25908000
2019-09-04 00:00:00-04:00,58.568546997835206,58.8381868995286,58.17525962984092,58.708580017089844,21312000
2019-09-05 00:00:00-04:00,59.27418009507138,60.284215906396916,59.226012251345395,60.1943359375,26394000
2019-09-06 00:00:00-04:00,60.04288031171701,60.23207378167409,59.75089164731191,59.90284729003906,18972000
2019-09-09 00:00:00-04:00,59.94058416033059,60.6094708460387,59.24984880783227,59.850704193115234,31854000
2019-09-10 00:00:00-04:00,59.39484714669391,60.08558248184198,59.39087293984681,59.87205505371094,27922000
2019-09-11 00:00:00-04:00,59.782178449808505,60.70481581520623,59.702228314623035,60.58216094970703,23522000
2019-09-12 00:00:00-04:00,60.75447270829562,61.695480838602215,60.70928267774459,61.32553482055664,31644000
2019-09-13 00:00:00-04:00,61.18351391181864,61.627454445543314,60.93373745487727,61.57680130004883,23676000
2019-09-16 00:00:00-04:00,61.10058533988811,61.526647619947845,60.839882657354316,61.1596794128418,28218000
2019-09-17 00:00:00-04:00,61.1596789508108,61.32702375634473,60.74851332053332,61.072776794433594,20806000
2019-09-18 00:00:00-04:00,61.09065388731217,61.38859817864683,60.40687054530047,61.2103271484375,17440000
2019-09-19 00:00:00-04:00,61.193944144758845,61.79082535690578,61.19344784243326,61.513240814208984,16554000
2019-09-20 00:00:00-04:00,61.259486500962936,61.714349449559,60.75993361432121,61.0707893371582,37692000
2019-09-23 00:00:00-04:00,60.9084092480147,61.559421490024434,60.76986513224121,61.31163024902344,20798000
2019-09-24 00:00:00-04:00,61.57530361368147,61.92836773199703,60.117360813237006,60.49922561645508,35804000
2019-09-25 00:00:00-04:00,60.38402253362503,61.97356129296847,60.04585504071815,61.87027359008789,26798000
2019-09-26 00:00:00-04:00,61.68157755553633,61.80721402531924,61.169113207135915,61.68902587890625,23166000
2019-09-27 00:00:00-04:00,61.715841243252015,61.82310316128631,60.34380401027815,60.87762451171875,34122000
2019-09-30 00:00:00-04:00,60.61195557737233,60.95012309970523,60.25541729192277,60.638771057128906,24470000
2019-10-01 00:00:00-04:00,60.7058086173861,61.22075826009301,59.86461029137507,59.88695526123047,24504000
2019-10-02 00:00:00-04:00,59.415210148296524,59.527435087904614,58.2298848957733,58.49257278442383,33030000
2019-10-03 00:00:00-04:00,58.76171787776058,59.142093829639,57.75863783972223,59.06413269042969,28368000
2019-10-04 00:00:00-04:00,59.30546445419043,60.20774202308976,59.14060116726233,60.13325500488281,24282000
2019-10-07 00:00:00-04:00,59.936608232240225,60.52803006832077,59.80551244669636,59.998680114746094,17040000
2019-10-08 00:00:00-04:00,59.52793230733842,59.930156923227834,59.066613618294724,59.09889221191406,20086000
2019-10-09 00:00:00-04:00,59.655056236377945,60.009112998690334,59.495652269995624,59.708187103271484,15948000
2019-10-10 00:00:00-04:00,59.51949280865146,60.36466158234852,59.4827474932721,60.059268951416016,12842000
2019-10-11 00:00:00-04:00,60.78228385576991,61.01666737111061,60.26634158290344,60.36913299560547,22330000
2019-10-14 00:00:00-04:00,60.27875272808499,60.87414501003201,60.17894292459229,60.4714241027832,13296000
2019-10-15 00:00:00-04:00,60.65664703340885,61.92936693809996,60.62784634543622,61.68654251098633,27584000
2019-10-16 00:00:00-04:00,61.66518724238966,62.279946649807165,61.50230916832844,61.724281311035156,22986000
2019-10-17 00:00:00-04:00,62.14140584707874,62.75467638027002,62.0654299196746,62.2109260559082,20958000
2019-10-18 00:00:00-04:00,62.30477919774274,62.47460550996362,61.582261551652444,61.7943000793457,31624000
2019-10-21 00:00:00-04:00,62.007328638527795,62.24617884621241,61.574810673421815,61.787841796875,18094000
2019-10-22 00:00:00-04:00,61.79777342883717,62.008819349312326,61.56786044406074,61.6348991394043,22862000
2019-10-23 00:00:00-04:00,61.58574292028846,62.471134907632106,61.58574292028846,62.450775146484375,21282000
2019-10-24 00:00:00-04:00,62.524269104003906,62.71246997622444,62.18858309299053,62.524269104003906,20224000
2019-10-25 00:00:00-04:00,62.17119723364935,62.965720376312326,62.02967530878822,62.781986236572266,27104000
2019-10-28 00:00:00-04:00,63.31331321051692,64.51700902366191,63.179735928210384,64.00752258300781,65428000
2019-10-29 00:00:00-04:00,63.36298276603598,63.60134048387867,62.350465397526605,62.60123825073242,52654000
2019-10-30 00:00:00-04:00,62.32761876693943,62.9667121463643,62.10416150388153,62.60321807861328,29204000
2019-10-31 00:00:00-04:00,62.568459544116386,62.89222670566317,62.0460615945574,62.50886917114258,31904000
2019-11-01 00:00:00-04:00,62.856472378558465,63.214007030059406,62.55405758935447,63.176761627197266,28812000
2019-11-04 00:00:00-05:00,63.36845030657615,64.18233693182867,63.36845030657615,64.03882598876953,30632000
2019-11-05 00:00:00-05:00,64.11777324497734,64.41770653931235,64.02740076110675,64.12969207763672,25148000
2019-11-06 00:00:00-05:00,64.06266248369901,64.206665937918,63.67434188252728,64.10834503173828,24626000
2019-11-07 00:00:00-05:00,64.27071628172959,65.6795025702987,64.2444008939936,64.89938354492188,45140000
2019-11-08 00:00:00-05:00,64.63024732705452,65.40441085863252,64.63024732705452,65.0016860961914,30392000
2019-11-11 00:00:00-05:00,64.75338152710377,64.79807903887122,64.34967184292513,64.46934509277344,17234000
2019-11-12 00:00:00-05:00,64.48374898972376,65.01905839317027,64.26873264189224,64.41621398925781,28852000
2019-11-13 00:00:00-05:00,64.21609248961553,64.67989646108992,64.16494683266741,64.36506652832031,20538000
2019-11-14 00:00:00-05:00,64.30647433547658,65.33538101631511,64.2538359815961,65.00912475585938,28948000
2019-11-15 00:00:00-05:00,65.30210903092815,66.22027587890625,65.14518657580811,66.22027587890625,39286000
2019-11-18 00:00:00-05:00,66.16068162445066,66.23914285190187,65.35722501650825,65.53996276855469,27984000
2019-11-19 00:00:00-05:00,65.87714187018383,65.87714187018383,65.1392350055665,65.1799545288086,21864000
2019-11-20 00:00:00-05:00,65.11886236655039,65.21072753256453,64.01895051988701,64.6471176147461,28892000
2019-11-21 00:00:00-05:00,64.51751674880599,65.10694959227335,64.09542491326984,64.56171417236328,25546000
2019-11-22 00:00:00-05:00,64.70373663785156,64.89740062254626,64.02640899374012,64.24043273925781,27776000
2019-11-25 00:00:00-05:00,64.36904202295224,65.07169239650739,64.33676343182131,64.83482360839844,23590000
2019-11-26 00:00:00-05:00,65.04687281558401,65.25047044145086,64.75538799721888,65.2003173828125,21910000
2019-11-27 00:00:00-05:00,65.32048266358889,65.43072239161592,65.02501988575632,65.1571044921875,18808000
2019-11-29 00:00:00-05:00,64.88249449386252,65.04884288380903,64.71514592228748,64.75785064697266,12802000
2019-12-02 00:00:00-05:00,64.68187703817355,64.82489543902715,63.58047244322369,64.00157165527344,26538000
2019-12-03 00:00:00-05:00,63.49506270080051,64.41720745962368,63.41511636223022,64.2935562133789,25270000
2019-12-04 00:00:00-05:00,64.85766909362378,65.7599466472687,64.7062097597378,65.49526977539062,35506000
2019-12-05 00:00:00-05:00,65.89551700869198,65.94418494693365,65.2658646655588,65.8935317993164,24408000
2019-12-06 00:00:00-05:00,66.18103850636753,66.66370952833653,66.10556267318071,66.5107650756836,32968000
2019-12-09 00:00:00-05:00,66.4844467154343,67.4125471035579,66.34589882384711,66.68952941894531,30842000
2019-12-10 00:00:00-05:00,66.53808918871917,66.9383286197557,66.24311889583322,66.68457794189453,17606000
2019-12-11 00:00:00-05:00,66.95322566369387,67.03217941205793,66.59569096404834,66.75211334228516,20480000
2019-12-12 00:00:00-05:00,66.7004625257417,67.26506513217194,66.45168246592846,66.96265411376953,29114000
2019-12-13 00:00:00-05:00,66.93334780265604,67.10466680145325,66.62348848656524,66.8822021484375,33170000
2019-12-16 00:00:00-05:00,67.28592591251075,67.70950289590121,67.06793174750514,67.56897735595703,28128000
2019-12-17 00:00:00-05:00,67.6538881088724,67.74923119661247,67.07587395444467,67.28046417236328,32948000
2019-12-18 00:00:00-05:00,67.38522719034431,67.50589303837444,67.06047125649367,67.1324691772461,23330000
2019-12-19 00:00:00-05:00,67.13247953584978,67.41156055314431,66.97556465783197,67.35742950439453,28922000
2019-12-20 00:00:00-05:00,67.68813843649262,67.73282836890421,67.07387539126661,67.09820556640625,50090000
2019-12-23 00:00:00-05:00,67.47115624077068,67.6260859304543,66.9383320720148,67.06893157958984,19936000
2019-12-24 00:00:00-05:00,67.04805392122806,67.13744136505153,66.74812824615266,66.76103210449219,13468000
2019-12-26 00:00:00-05:00,66.86633028749424,67.69313220577077,66.81468452900369,67.65687561035156,23662000
2019-12-27 00:00:00-05:00,67.73284016432277,67.88429950893813,67.18661210419084,67.26805114746094,23212000
2019-12-30 00:00:00-05:00,67.37580383183013,67.3852373642307,66.43379932170576,66.52665710449219,19994000
2019-12-31 00:00:00-05:00,66.3319977498753,66.57382956314609,66.15025261034924,66.5107650756836,19514000
2020-01-02 00:00:00-05:00,66.9586787875548,67.9652328491211,66.86333571006601,67.9652328491211,27278000
2020-01-03 00:00:00-05:00,66.93832337803212,68.21700271420914,66.90455208946976,67.60968780517578,23408000
2020-01-06 00:00:00-05:00,67.11857657252054,69.43708883609668,67.08729816087028,69.4117660522461,46768000
2020-01-07 00:00:00-05:00,69.54336421886433,69.69432348477986,69.10141265017208,69.27769470214844,34330000
2020-01-08 00:00:00-05:00,69.26328117365361,70.10894997178289,69.15453414305767,69.77078247070312,35314000
2020-01-09 00:00:00-05:00,70.60950423644984,70.94469396543823,70.02751963749105,70.50324249267578,33200000
2020-01-10 00:00:00-05:00,70.98392563781249,71.25555076930975,70.49380624465894,70.9585952758789,26258000
2020-01-13 00:00:00-05:00,71.27092429925027,71.58029107177933,70.78031249992908,71.50829315185547,30730000
2020-01-14 00:00:00-05:00,71.50680981258097,71.63740929797085,70.89949492783481,71.03953552246094,26076000
2020-01-15 00:00:00-05:00,71.1602052622877,71.54554802109986,71.09267026131843,71.46708679199219,21550000
2020-01-16 00:00:00-05:00,71.77743868365702,72.03814512752133,71.50680619446874,72.0113296508789,26080000
2020-01-17 00:00:00-05:00,72.626085344564,73.52041445228143,72.32863737834732,73.46926879882812,52424000
2020-01-21 00:00:00-05:00,73.44345017940596,73.9837301623698,73.00696178186003,73.60484313964844,48930000
2020-01-22 00:00:00-05:00,73.97628733938622,74.51506708981928,73.62520837338383,73.68528747558594,28458000
2020-01-23 00:00:00-05:00,73.86803136699017,74.16349415742818,73.50900399356541,73.72600555419922,26650000
2020-01-24 00:00:00-05:00,74.12971996265826,74.19824756618672,72.65786918227317,72.80635070800781,29786000
2020-01-27 00:00:00-05:00,71.0867120976033,71.3369848455489,70.48883073371002,71.09614562988281,34132000
2020-01-28 00:00:00-05:00,71.59321781876741,72.24174479037791,71.02811510182957,72.0282211303711,29724000
2020-01-29 00:00:00-05:00,72.42348475495831,72.70554357944198,71.77446531610946,72.33609008789062,21566000
2020-01-30 00:00:00-05:00,71.41245274451937,72.2640770892506,71.25851569994795,72.21442413330078,27110000
2020-01-31 00:00:00-05:00,72.89026812670592,72.98014809578615,70.8642408722417,71.14828491210938,43822000
2020-02-03 00:00:00-05:00,72.58188991973289,73.80595319465691,72.33161718194921,73.6222152709961,71636000
2020-02-04 00:00:00-05:00,72.2263518292056,72.86444505255666,70.61446801787635,71.77545928955078,95880000
2020-02-05 00:00:00-05:00,72.67922762415539,72.72739547157424,70.9943531463202,71.80724334716797,36376000
2020-02-06 00:00:00-05:00,72.1016994935962,73.57057229670284,72.02721627071665,73.29298400878906,37822000
2020-02-07 00:00:00-05:00,72.86693661087277,73.75381754289155,72.7686157058186,73.44892120361328,28360000
2020-02-10 00:00:00-05:00,73.3555672789149,74.92722414087224,73.25476107852305,74.91629791259766,38302000
2020-02-11 00:00:00-05:00,75.14521713630961,75.97003370117069,74.7568965647971,74.9858169555664,34852000
2020-02-12 00:00:00-05:00,75.27383690022886,75.49431637909942,74.91680229151416,75.41139221191406,31042000
2020-02-13 00:00:00-05:00,74.98284287407141,75.77488079404449,74.68489477219461,75.15118408203125,22914000
2020-02-14 00:00:00-05:00,75.20778307563144,75.48189347519363,74.76185358549893,75.41634368896484,23198000
2020-02-18 00:00:00-05:00,75.19835617848237,76.00379801654766,75.03299279148968,75.45160675048828,25642000
2020-02-19 00:00:00-05:00,75.83694001450749,76.01272951679007,75.52807331271677,75.72123718261719,22746000
2020-02-20 00:00:00-05:00,75.43025453422534,75.83049394244608,74.69780323296706,75.32994842529297,25962000
2020-02-21 00:00:00-05:00,74.71368322798507,75.03000583040279,73.41812216900625,73.6649169921875,42520000
2020-02-24 00:00:00-05:00,70.66511381109099,71.32705227867518,69.8576867844857,70.50670623779297,49560000
2020-02-25 00:00:00-05:00,71.05990050137443,71.3503926943792,68.5482242890156,68.84120178222656,51580000
2020-02-26 00:00:00-05:00,69.2712367377249,70.19933727503818,68.35604763848735,69.04727935791016,49776000
2020-02-27 00:00:00-05:00,67.49150271843352,68.00098920954161,65.26187799484646,65.29713439941406,62290000
2020-02-28 00:00:00-05:00,63.279054704787185,66.66271477222554,62.97614362297551,66.50381469726562,80198000
2020-03-02 00:00:00-05:00,67.10666682093301,68.89830306989113,65.80613498528312,68.84120178222656,55430000
2020-03-03 00:00:00-05:00,69.40531433941996,69.9272122468793,66.00674953592942,66.42784881591797,56602000
2020-03-04 00:00:00-05:00,67.48256934329274,68.66541313679936,66.39209082387919,68.60681915283203,47598000
2020-03-05 00:00:00-05:00,66.81664873105584,67.21788826087625,64.63619216465172,65.2876968383789,54380000
2020-03-06 00:00:00-05:00,63.06254774883927,64.69130946412695,62.42991012561368,64.34321594238281,64640000
2020-03-09 00:00:00-04:00,59.83530940093405,62.20744866995912,59.491678793315025,60.37310028076172,69252000
2020-03-10 00:00:00-04:00,62.289885180152496,63.355533400320745,60.30954041673716,63.3217658996582,54872000
2020-03-11 00:00:00-04:00,61.98597644813612,62.41600911448038,59.149040628206436,60.130271911621094,54732000
2020-03-12 00:00:00-04:00,55.74650994520569,59.030360304346644,55.04385578012002,55.196800231933594,94326000
2020-03-13 00:00:00-04:00,58.347075086419736,60.304078399115795,55.23354724050497,60.29762268066406,79400000
2020-03-16 00:00:00-04:00,54.107313960757686,56.88118149675051,52.988531177685545,53.28250503540039,96520000
2020-03-17 00:00:00-04:00,54.15846568225022,55.914352911664636,52.095693145816455,55.52007293701172,83194000
2020-03-18 00:00:00-04:00,52.63398239554666,54.871051840564625,51.49483597251045,54.1857795715332,93044000
2020-03-19 00:00:00-04:00,54.038293418612895,57.23574188881747,52.415983458077136,55.202762603759766,74064000
2020-03-20 00:00:00-04:00,56.157671020440276,56.53407651760465,52.741236013893825,53.04464340209961,82878000
2020-03-23 00:00:00-04:00,52.456698939752336,52.98008946545137,50.097967458203165,52.34546661376953,83672000
2020-03-24 00:00:00-04:00,54.820900000657495,56.278346728286216,53.94940826263607,56.11348342895508,72468000
2020-03-25 00:00:00-04:00,55.84383613305106,56.915939950853826,53.779574836331406,54.70370101928711,90324000
2020-03-26 00:00:00-04:00,55.35421936182012,58.17278085954438,54.22749185912014,57.747711181640625,76562000
2020-03-27 00:00:00-04:00,55.987349858557536,57.15827471437064,54.8218881164996,55.13274383544922,62794000
2020-03-30 00:00:00-04:00,56.24407702996615,57.155788104039814,54.548272761585835,56.92289352416992,58736000
2020-03-31 00:00:00-04:00,57.04307142091862,58.26811981594767,56.4466827315915,57.69954299926758,65228000
2020-04-01 00:00:00-04:00,55.81503969905446,56.08418330124457,54.29998788869952,54.7275390625,51970000
2020-04-02 00:00:00-04:00,54.62326044918919,55.753962152647176,54.282115116824485,55.468929290771484,56410000
2020-04-03 00:00:00-04:00,55.35371730864713,55.55631850299663,53.385791673504606,54.2607536315918,51374000
2020-04-06 00:00:00-04:00,56.26195964457938,59.12967778050272,55.86469805410107,58.754268646240234,63320000
2020-04-07 00:00:00-04:00,60.43368148304381,60.620893529545036,58.459300013090534,58.72298049926758,61620000
2020-04-08 00:00:00-04:00,59.74294719569394,60.3289059468666,58.79200545437825,59.93661117553711,40334000
2020-04-09 00:00:00-04:00,60.49177784537061,60.680971296537216,59.212598558278735,59.915252685546875,54028000
2020-04-13 00:00:00-04:00,59.663497758297,60.31003949466843,58.71156340269645,60.1059455871582,38702000
2020-04-14 00:00:00-04:00,61.573821626847455,63.350564947040326,61.00623363759853,62.82817077636719,63358000
2020-04-15 00:00:00-04:00,61.898581507399236,63.318786555927836,61.27736634781612,62.43438720703125,42236000
2020-04-16 00:00:00-04:00,62.92301259197122,63.23188310736483,61.4859257171919,62.44083786010742,57896000
2020-04-17 00:00:00-04:00,63.64602886960057,64.05818710675288,62.86640612379751,63.51195526123047,51050000
2020-04-20 00:00:00-04:00,63.05957146388508,63.403698385158826,62.39167738128082,62.62556457519531,35292000
2020-04-21 00:00:00-04:00,61.709881356272376,62.07188272751854,59.83729494932787,60.19284439086914,49648000
2020-04-22 00:00:00-04:00,61.63042545805806,63.555646362524044,61.4362651912693,62.489501953125,46296000
2020-04-23 00:00:00-04:00,62.85349090231504,63.96631807562833,62.594777233741134,63.123130798339844,34202000
2020-04-24 00:00:00-04:00,62.32016874850442,63.447892535395646,61.77393695145005,63.39277267456055,37402000
2020-04-27 00:00:00-04:00,64.15749740277272,64.2617815012073,62.81972404558168,63.10773849487305,44186000
2020-04-28 00:00:00-04:00,63.72051660190071,63.79797764528471,61.09760444603932,61.20734786987305,80700000
2020-04-29 00:00:00-04:00,66.78934790045282,67.54165883951754,65.88210729515733,66.6493148803711,108358000
2020-04-30 00:00:00-04:00,66.1120120324137,67.03762707301479,65.62238524839778,66.8737564086914,55842000
2020-05-01 00:00:00-04:00,65.75100773678034,67.10864836304023,65.03445329453278,65.41482543945312,48872000
2020-05-04 00:00:00-04:00,64.95847353570845,65.76987849801317,64.35662178892676,65.69190979003906,30806000
2020-05-05 00:00:00-04:00,66.41692454374463,68.08094679658947,66.29427345519807,66.98897552490234,39666000
2020-05-06 00:00:00-04:00,67.43490390739927,67.96574284054078,66.79581044461385,66.81070709228516,31732000
2020-05-07 00:00:00-04:00,67.59926435808376,68.32873785890114,67.16376853413021,67.99503326416016,30652000
2020-05-08 00:00:00-04:00,68.61773777696003,69.35365934273877,68.13059625287245,68.74287414550781,33326000
2020-05-11 00:00:00-04:00,68.36795870966984,70.29168699319136,68.30390161747533,69.69877624511719,32718000
2020-05-12 00:00:00-04:00,69.92870182776481,70.23210545562377,68.25474607445942,68.28801727294922,33918000
2020-05-13 00:00:00-04:00,68.33666731406043,68.79203030967484,65.94565735609089,66.95469665527344,40368000
2020-05-14 00:00:00-04:00,66.21927472185273,67.4036034198164,65.71177347406983,67.37828063964844,36660000
2020-05-15 00:00:00-04:00,66.95123515491863,68.25821509516415,66.49140158987903,68.1827392578125,41544000
2020-05-18 00:00:00-04:00,67.61266664813711,69.16098574344744,67.2461909953617,68.78458404541016,47094000
2020-05-19 00:00:00-04:00,68.79948120448985,69.14757473329719,68.21749670817653,68.24927520751953,31586000
2020-05-20 00:00:00-04:00,68.9822221805776,70.11789063162281,68.89582011929386,69.97537231445312,38262000
2020-05-21 00:00:00-04:00,70.06625110794857,70.33787623887854,69.24193460510683,69.85570526123047,30894000
2020-05-22 00:00:00-04:00,69.71417454610717,70.36468668266832,69.31939827034222,70.177978515625,28544000
2020-05-26 00:00:00-04:00,71.60413885227362,71.76056121271995,70.4838671234599,70.5816879272461,44590000
2020-05-27 00:00:00-04:00,70.51366096089717,70.77933044570575,69.25236359877518,70.5275650024414,31684000
2020-05-28 00:00:00-04:00,69.52050647162248,71.72827870282323,69.47482393143548,70.42626190185547,35170000
2020-05-29 00:00:00-04:00,70.53500849563842,71.34442824071525,70.31403654153002,71.18502807617188,37044000
2020-06-01 00:00:00-04:00,70.79671210149603,71.5852720478794,70.6268782127255,71.25206756591797,25162000
2020-06-02 00:00:00-04:00,71.25851563155427,71.65577716443912,70.5935994345022,71.62151336669922,23442000
2020-06-03 00:00:00-04:00,71.64088534545384,71.9542225686685,71.09067933557526,71.46956634521484,27732000
2020-06-04 00:00:00-04:00,71.34691509398992,71.572365163048,69.81895555154722,70.2306137084961,26982000
2020-06-05 00:00:00-04:00,70.29714555481402,71.8196493316685,69.89889140911707,71.50779724121094,42642000
2020-06-08 00:00:00-04:00,70.82551442260042,71.9537270182775,70.73612696690151,71.90605926513672,33878000
2020-06-09 00:00:00-04:00,71.76702155043542,72.88729335135558,71.62400313135672,72.10667419433594,33624000
2020-06-10 00:00:00-04:00,72.57493747641008,73.13407689716648,72.21988814953893,72.73334503173828,31762000
2020-06-11 00:00:00-04:00,71.55795600242254,72.0828392479217,69.44155631952972,69.61486053466797,47144000
2020-06-12 00:00:00-04:00,70.80465018402187,71.23419033508823,68.81537214700396,70.1620864868164,36676000
2020-06-15 00:00:00-04:00,68.99860289022061,70.76193818640867,68.88488527437143,70.55039978027344,30468000
2020-06-16 00:00:00-04:00,71.95372336605863,72.35942585801052,70.9600807295404,71.82809448242188,30648000
2020-06-17 00:00:00-04:00,72.14936858524743,72.60919447265292,71.26496563270537,72.12950134277344,30610000
2020-06-18 00:00:00-04:00,71.99594785549428,72.15087754317152,70.82353011675572,71.21483612060547,34862000
2020-06-19 00:00:00-04:00,71.50681672541624,71.73027401225617,70.46400595064995,70.74407958984375,52784000
2020-06-22 00:00:00-04:00,70.76243952624318,72.05055220185577,70.47343250463604,72.03614807128906,29442000
2020-06-23 00:00:00-04:00,72.10269773253596,73.25475551732394,71.75509670337894,72.69759368896484,37752000
2020-06-24 00:00:00-04:00,72.66283584354171,73.284047173786,71.01023261158954,71.1443099975586,31592000
2020-06-25 00:00:00-04:00,71.07082003141078,71.62201870743554,70.49082066575002,71.56143951416016,23958000
2020-06-26 00:00:00-04:00,71.14082737699543,71.35882150746251,67.28591525186846,67.66033172607422,97640000
2020-06-29 00:00:00-04:00,67.5510965388041,69.42120160808253,67.11957113332669,69.3799819946289,45074000
2020-06-30 00:00:00-04:00,69.36558782541128,70.71229477578841,68.871490423538,70.41683197021484,40286000
2020-07-01 00:00:00-04:00,70.47245669422166,71.92791828464271,70.2246616420495,71.60613250732422,42182000
2020-07-02 00:00:00-04:00,72.0947576791324,73.91619466883608,72.05651588265908,72.99305725097656,57218000
2020-07-06 00:00:00-04:00,73.89781382038609,74.98282904152641,73.34313733327504,74.4688720703125,44712000
2020-07-07 00:00:00-04:00,74.29408433333198,75.54495545817291,73.97478391717789,73.98571014404297,42364000
2020-07-08 00:00:00-04:00,74.52599101296335,75.04094065837363,74.10389915223111,74.66503143310547,31766000
2020-07-09 00:00:00-04:00,74.979346538334,75.93326971277456,74.26726272176008,75.41285705566406,41836000
2020-07-10 00:00:00-04:00,75.14422148908551,76.53910371968176,74.52201752882867,76.42340087890625,35918000
2020-07-13 00:00:00-04:00,76.9661571516268,78.2781076228488,74.81201579568408,75.09357452392578,42954000
2020-07-14 00:00:00-04:00,74.12823553437825,75.6184533024254,73.78758272277796,75.5221176147461,38108000
2020-07-15 00:00:00-04:00,75.63980057926288,76.29031268421016,74.37850328273365,75.32447814941406,31026000
2020-07-16 00:00:00-04:00,74.56074103049501,75.27631040859266,73.90377320654089,75.2271499633789,26484000
2020-07-17 00:00:00-04:00,75.3259758610201,75.64974684936665,74.39191966990278,75.322998046875,34264000
2020-07-20 00:00:00-04:00,75.23112104931103,77.91312341403196,74.62033585149831,77.6563949584961,30166000
2020-07-21 00:00:00-04:00,78.70864268855435,78.80894879349559,77.09923661453773,77.26310729980469,27486000
2020-07-22 00:00:00-04:00,77.25268025403719,77.81231981573042,76.6329540174062,77.70655059814453,24482000
2020-07-23 00:00:00-04:00,77.76017158432137,77.97965840522332,74.91280611651942,75.3180160522461,33910000
2020-07-24 00:00:00-04:00,74.44604426009818,75.25247869252917,73.87001533571343,74.89395141601562,29902000
2020-07-27 00:00:00-04:00,75.14472111823234,76.35139490251304,75.09853848495182,75.94767761230469,27124000
2020-07-28 00:00:00-04:00,75.72770374031859,75.77785679558413,74.51208884949479,74.66751861572266,30910000
2020-07-29 00:00:00-04:00,74.73454996381882,76.14134347579515,74.63572897642125,75.6537094116211,22676000
2020-07-30 00:00:00-04:00,74.38545685591691,76.51676082705961,74.24641643772134,76.3916244506836,36042000
2020-07-31 00:00:00-04:00,74.33977117600368,74.73554004885563,72.20201157644132,73.88788604736328,91468000
2020-08-03 00:00:00-04:00,74.03933782932242,74.373527298544,73.08193671393812,73.63015747070312,45482000
2020-08-04 00:00:00-04:00,73.82630150713035,74.14410919145605,72.70006678459183,73.16039276123047,37212000
2020-08-05 00:00:00-04:00,73.33521191937828,73.98969454773389,73.05712348111673,73.44792938232422,29134000
2020-08-06 00:00:00-04:00,73.30193223362062,74.79761308231619,73.09088631186657,74.73206329345703,33306000
2020-08-07 00:00:00-04:00,74.9351731474192,75.48388651719301,73.80446763189295,74.40532684326172,27718000
2020-08-10 00:00:00-04:00,74.02941320093893,74.84131072200945,73.3684673500793,74.32835388183594,20546000
2020-08-11 00:00:00-04:00,74.18831458702142,75.00469020881044,73.40323253058286,73.51992797851562,31098000
2020-08-12 00:00:00-04:00,73.8466811916168,75.06577400656946,73.74140447899178,74.84578704833984,22512000
2020-08-13 00:00:00-04:00,74.89394289666885,76.32209621249444,74.89394289666885,75.31304931640625,22388000
2020-08-14 00:00:00-04:00,75.16210085388852,75.46898996737282,74.43660535149617,74.71617889404297,21942000
2020-08-17 00:00:00-04:00,75.27929014145775,75.66711817659517,74.73454723488275,75.29269409179688,19990000
2020-08-18 00:00:00-04:00,75.78331358124228,77.33511065944776,75.56234161741558,77.25615692138672,28378000
2020-08-19 00:00:00-04:00,77.09278306490951,77.90568079562073,76.47256428980408,76.70148468017578,30472000
2020-08-20 00:00:00-04:00,76.4710667502079,78.46730061837314,76.19745643732924,78.27264404296875,26382000
2020-08-21 00:00:00-04:00,78.05166813375689,79.04879629821302,77.58042340984966,78.23888397216797,34838000
2020-08-24 00:00:00-04:00,79.07808224126646,79.8880020701012,78.21255382768275,78.71459197998047,25638000
2020-08-25 00:00:00-04:00,78.46382111596415,79.89296708362019,78.35358139397559,79.74250793457031,25150000
2020-08-26 00:00:00-04:00,79.76485618715283,82.07343472584033,79.50067940074841,81.64339447021484,52188000
2020-08-27 00:00:00-04:00,81.76654758378608,81.83507518777941,80.38606945778591,80.86824798583984,31350000
2020-08-28 00:00:00-04:00,80.91542137625561,81.50534674275372,80.72374261037626,81.41000366210938,22418000
2020-08-31 00:00:00-04:00,81.61559094306867,81.66177357903628,80.7098429930012,80.91840362548828,26422000
2020-09-01 00:00:00-04:00,81.04899528023,82.39272421712538,80.91839579925374,82.18714141845703,22652000
2020-09-02 00:00:00-04:00,82.82920659258205,85.71381370586046,82.44088608228809,85.28129577636719,49522000
2020-09-03 00:00:00-04:00,84.39392209014869,84.41775975388319,79.83486660961577,80.91740417480469,63726000
2020-09-04 00:00:00-04:00,79.89892171480436,81.1895197719061,76.37175074598551,78.5189437866211,55850000
2020-09-08 00:00:00-04:00,75.72770044561553,77.24473369292774,75.30560859260585,75.6581802368164,54032000
2020-09-09 00:00:00-04:00,76.91451290297617,77.40214695845613,75.73613970690933,76.83158874511719,39242000
2020-09-10 00:00:00-04:00,76.97807127825975,78.14402545722122,75.47940515868171,75.77983093261719,33024000
2020-09-11 00:00:00-04:00,75.8841155465487,76.40799857393957,74.13964719783384,75.26885986328125,30706000
2020-09-14 00:00:00-04:00,76.05791920997855,77.31673886317127,74.74001306241624,74.92473602294922,42660000
2020-09-15 00:00:00-04:00,75.87121244803245,77.01829969804521,75.58369807634028,76.23023223876953,23042000
2020-09-16 00:00:00-04:00,76.59570881971476,77.18613425042128,75.06178624819889,75.08661651611328,22128000
2020-09-17 00:00:00-04:00,73.78161786394368,74.41971865207923,72.62211931019694,73.84269714355469,40008000
2020-09-18 00:00:00-04:00,73.90527037843776,74.24790839742937,71.09068317678832,72.05751037597656,63056000
2020-09-21 00:00:00-04:00,71.0906872863727,71.50979377027438,69.6536003098888,71.01719665527344,56908000
2020-09-22 00:00:00-04:00,72.01928297479436,72.6971107538117,70.98541319226422,72.49102783203125,33950000
2020-09-23 00:00:00-04:00,72.10716338954937,72.15632383261017,69.6535890139561,69.98678588867188,37726000
2020-09-24 00:00:00-04:00,69.65359421940595,71.40699611483514,69.62727125517097,70.65567779541016,34552000
2020-09-25 00:00:00-04:00,70.76443424115384,71.80177424957328,69.90188356916153,71.46013641357422,30326000
2020-09-28 00:00:00-04:00,73.09534902669603,73.14500198249189,71.8186550726428,72.43341064453125,30784000
2020-09-29 00:00:00-04:00,72.69412780151184,73.0958523244427,72.20201563977825,72.79890441894531,31816000
2020-09-30 00:00:00-04:00,72.54663235461291,73.80098141428527,72.28941138901646,72.77803802490234,40924000
2020-10-01 00:00:00-04:00,73.67485304245847,74.24144839111797,73.33420025236212,73.8853988647461,32884000
2020-10-02 00:00:00-04:00,72.48157565860559,73.44493237369235,71.87178313291146,72.28145599365234,31222000
2020-10-05 00:00:00-04:00,72.6315529369491,73.7265018849997,72.5044313545936,73.6336441040039,21602000
2020-10-06 00:00:00-04:00,73.26965381491353,73.71756095605366,71.7555984119484,72.05403900146484,26096000
2020-10-07 00:00:00-04:00,72.46570105992748,72.94539430554703,71.1706323457871,72.45726013183594,36108000
2020-10-08 00:00:00-04:00,72.77059285124541,73.891857179053,72.77059285124541,73.66343688964844,26076000
2020-10-09 00:00:00-04:00,74.13170347927738,75.07470056543451,73.84071121636063,75.00518035888672,32966000
2020-10-12 00:00:00-04:00,76.3732501983166,78.87697791738763,75.94122471846515,77.69364166259766,55344000
2020-10-13 00:00:00-04:00,78.31039264019142,78.71510256314015,77.39768887008755,77.8167953491211,39072000
2020-10-14 00:00:00-04:00,78.19071202382867,78.65003789110749,76.76553645387474,77.63652801513672,33174000
2020-10-15 00:00:00-04:00,76.69602546749853,78.03181374739641,76.52868444146476,77.24076843261719,31210000
2020-10-16 00:00:00-04:00,77.55658351214443,78.34514345056063,77.34951558739077,77.84807586669922,34194000
2020-10-19 00:00:00-04:00,78.25675894228921,78.654020527849,75.62441694848839,75.97350311279297,29734000
2020-10-20 00:00:00-04:00,75.63384710979612,78.1529714473702,75.50424022967013,77.02276611328125,41670000
2020-10-21 00:00:00-04:00,77.95484568131718,80.2038378597319,77.82027576325886,78.75631713867188,60322000
2020-10-22 00:00:00-04:00,78.70714832278779,80.11841230278098,78.33372441699296,79.78273010253906,30512000
2020-10-23 00:00:00-04:00,80.19936290074068,81.14633045232473,80.04343304769533,81.0897216796875,30548000
2020-10-26 00:00:00-04:00,80.19686405973417,80.92086672617417,77.85203680351297,78.67188262939453,35826000
2020-10-27 00:00:00-04:00,78.90230306606628,79.5513224818934,78.30939232777347,79.39639282226562,25902000
2020-10-28 00:00:00-04:00,76.96963351424793,77.15832688244774,74.90735737417214,75.0225601196289,45174000
2020-10-29 00:00:00-04:00,75.33143128379692,78.8928663291568,75.30809370967367,77.31078338623047,55406000
2020-10-30 00:00:00-04:00,82.80091654542893,83.49016299701641,79.52997371419903,80.25199127197266,99878000
2020-11-02 00:00:00-05:00,80.6209489181996,82.34406497588512,80.1591301740816,80.65968322753906,44228000
2020-11-03 00:00:00-05:00,80.97947599539556,82.38179892514135,80.05336078632573,81.71936798095703,31432000
2020-11-04 00:00:00-05:00,84.69485294507058,87.89528301491228,84.56673875495531,86.69456481933594,71342000
2020-11-05 00:00:00-05:00,87.91613860412481,88.97732390790966,86.45521397761841,87.5213623046875,39758000
2020-11-06 00:00:00-05:00,86.96718320704757,87.81930775936743,86.23920242731536,87.3838119506836,28622000
2020-11-09 00:00:00-05:00,89.183895577736,90.22222819928155,87.27555637680663,87.46772766113281,53440000
2020-11-10 00:00:00-05:00,85.89607908705958,87.3664373254004,85.21825130415988,86.29085540771484,43022000
2020-11-11 00:00:00-05:00,86.82118593096598,87.54121828786089,86.55601653319594,86.76309204101562,31838000
2020-11-12 00:00:00-05:00,86.503363128067,87.64449453434428,86.30324346450881,86.54408264160156,26474000
2020-11-13 00:00:00-05:00,86.80132339394905,88.24784377851638,86.20444222324774,88.00601196289062,29744000
2020-11-16 00:00:00-05:00,87.60280583046328,89.10246484670235,87.46326530912344,88.09391784667969,25468000
2020-11-17 00:00:00-05:00,87.7875265532104,88.2483527483011,87.37189796826333,87.47965240478516,21314000
2020-11-18 00:00:00-05:00,87.23036759862198,87.64550364770136,86.33305301374617,86.43584442138672,20108000
2020-11-19 00:00:00-05:00,86.06788281961194,87.57051951755538,85.90848264103154,87.32620239257812,20106000
2020-11-20 00:00:00-05:00,87.49652779946634,87.81235033915841,86.15577659553901,86.22430419921875,27694000
2020-11-23 00:00:00-05:00,86.4149908162109,86.70151257860655,84.92328035546011,85.78632354736328,22530000
2020-11-24 00:00:00-05:00,85.78334829165836,87.71899554089296,85.44716597999957,87.59088134765625,27984000
2020-11-25 00:00:00-05:00,87.78504024540288,87.91265434022236,86.81919809848146,87.602294921875,19600000
2020-11-27 00:00:00-05:00,87.62265137734866,89.23503517364202,87.62265137734866,88.73895263671875,14790000
2020-11-30 00:00:00-05:00,88.17434731574909,88.40723809758074,86.79336923358123,87.11912536621094,32418000
2020-12-01 00:00:00-05:00,87.72794605613673,90.46208720860193,87.5476860024922,89.15311431884766,37350000
2020-12-02 00:00:00-05:00,89.15309328101881,91.00929403600527,88.64708471431886,90.62345123291016,29424000
2020-12-03 00:00:00-05:00,90.40348327891171,91.56000407514988,90.22769375454459,90.4680404663086,24728000
2020-12-04 00:00:00-05:00,90.38758786798329,90.84840643586647,90.05835381182969,90.5633773803711,20544000
2020-12-07 00:00:00-05:00,90.15568880495259,90.83798705491886,89.53447741508414,90.22918701171875,22288000
2020-12-08 00:00:00-05:00,89.80660353736675,90.17654956657847,88.95050853973332,89.94613647460938,19936000
2020-12-09 00:00:00-05:00,89.8979570205451,90.79229370200468,87.49652084591008,88.28408813476562,31728000
2020-12-10 00:00:00-05:00,87.526311537251,88.14156720772428,86.08276908538737,87.77708435058594,28688000
2020-12-11 00:00:00-05:00,87.39721213285257,88.25678497137464,87.03669966329481,88.13214111328125,18628000
2020-12-14 00:00:00-05:00,87.92953716084993,88.87699710887111,86.85742578686872,87.01285552978516,33050000
2020-12-15 00:00:00-05:00,87.39024942111818,87.59583221082491,86.48698689796659,87.45083618164062,21352000
2020-12-16 00:00:00-05:00,87.84959334388638,87.84959334388638,86.8539654427043,87.25767517089844,24676000
2020-12-17 00:00:00-05:00,87.59237404777944,87.73042186459409,85.96460093493897,86.42938995361328,34880000
2020-12-18 00:00:00-05:00,86.71045239928884,86.81919943152793,85.16262570212646,85.71977996826172,85256000
2020-12-21 00:00:00-05:00,84.87112877315111,86.25508471112633,84.11981047967087,86.13391876220703,33974000
2020-12-22 00:00:00-05:00,85.87421449147438,86.03709256654695,84.70478234258736,85.42183685302734,20370000
2020-12-23 00:00:00-05:00,85.60607168641371,86.60815530253585,85.47050159575537,85.81959533691406,22974000
2020-12-24 00:00:00-05:00,85.85781590186735,86.52372468525729,85.62691034152616,86.11405181884766,9312000
2020-12-28 00:00:00-05:00,86.64787370341108,88.73795785846364,86.49443674465653,88.09042358398438,27650000
2020-12-29 00:00:00-05:00,88.749390051316,88.81096184437173,87.15438813378992,87.28598022460938,19726000
2020-12-30 00:00:00-05:00,87.6455031107277,87.78255832007542,85.80817679890423,86.21784973144531,21026000
2020-12-31 00:00:00-05:00,86.2685011129459,87.27307001104465,86.20989955570158,87.03173828125,21070000
2021-01-04 00:00:00-05:00,87.39721327969764,87.52085695769506,84.77231967368576,85.71531677246094,37324000
2021-01-05 00:00:00-05:00,85.66367014998892,86.74322235263449,85.25697504611246,86.40654754638672,20360000
2021-01-06 00:00:00-05:00,84.43067500335674,86.60120576827877,84.22409958830787,85.55392456054688,46588000
2021-01-07 00:00:00-05:00,85.74659668999963,88.28211046401697,85.74659668999963,88.10930633544922,41936000
2021-01-08 00:00:00-05:00,88.24933551484223,89.3517327598918,87.4577901976101,89.2757568359375,35484000
2021-01-11 00:00:00-05:00,88.24238133150995,88.60786440316203,87.00690685691502,87.21298217773438,34796000
2021-01-12 00:00:00-05:00,86.67022716182484,87.78950631707407,85.23115504466647,86.27644348144531,29528000
2021-01-13 00:00:00-05:00,85.77440403010542,87.21795421271686,85.77440403010542,86.76408386230469,23432000
2021-01-14 00:00:00-05:00,86.84452983792997,87.77213786116161,85.71233916919952,85.95317840576172,29212000
2021-01-15 00:00:00-05:00,85.85881921797849,86.78244915170757,84.9992539543371,85.78929901123047,31444000
2021-01-19 00:00:00-05:00,86.5530367998629,89.5741993642567,86.04802079890773,88.61233520507812,41660000
2021-01-20 00:00:00-05:00,90.69297541443379,94.33535679156603,90.3523301990079,93.35958862304688,64152000
2021-01-21 00:00:00-05:00,94.03394723441394,95.94227893241104,93.32681871001536,93.56219482421875,58634000
2021-01-22 00:00:00-05:00,93.9251814346911,94.56725260357804,93.18230407695297,93.97980499267578,32744000
2021-01-25 00:00:00-05:00,94.98189773441027,95.43279024667792,92.32124775133792,94.06521606445312,50586000
2021-01-26 00:00:00-05:00,93.65356299193041,95.13136939895124,93.16394372149756,94.7440414428711,31462000
2021-01-27 00:00:00-05:00,93.1033509899852,93.37944659543606,89.24843864993461,90.32402038574219,82512000
2021-01-28 00:00:00-05:00,90.92290176921253,93.75287816841522,90.92290176921253,92.02529907226562,55278000
2021-01-29 00:00:00-05:00,91.0728532576244,91.74422520694112,89.46097713995385,90.74213409423828,44530000
2021-02-01 00:00:00-05:00,91.59774264388165,95.12094344819168,91.59774264388165,94.00514221191406,40252000
2021-02-02 00:00:00-05:00,95.00126570965045,96.80085020179051,94.66557593964733,95.29871368408203,66332000
2021-02-03 00:00:00-05:00,102.57305055467793,104.60950398983356,99.9878761837272,102.23885345458984,97882000
2021-02-04 00:00:00-05:00,102.32524270155008,102.75626795110452,101.05798224734457,101.97814178466797,48596000
2021-02-05 00:00:00-05:00,102.27261325937808,104.0791536293732,101.79789063853698,103.72608947753906,29866000
2021-02-08 00:00:00-05:00,104.28076232458417,105.02562491261692,102.46081806842983,103.5120620727539,28828000
2021-02-09 00:00:00-05:00,103.02939215435124,104.2067727221709,102.79103824523523,103.0586929321289,21892000
2021-02-10 00:00:00-05:00,103.44354198838178,104.22515373346634,101.90912676405608,103.6093978881836,25102000
2021-02-11 00:00:00-05:00,103.83384698116288,103.98281343588366,102.73442756709264,103.72211456298828,20480000
2021-02-12 00:00:00-05:00,103.2761920503462,104.2559306269806,102.96831036572891,104.03396606445312,18990000
2021-02-16 00:00:00-05:00,103.87109895663937,106.52231568131008,103.87109895663937,104.8121109008789,31004000
2021-02-17 00:00:00-05:00,103.9818201312588,105.39507684955167,103.70225419655007,105.20538330078125,20294000
2021-02-18 00:00:00-05:00,104.52904784605579,105.37273140047849,103.94954106605648,104.56926727294922,22546000
2021-02-19 00:00:00-05:00,104.66760224999184,105.203404154816,103.45794305157632,103.72509765625,37938000
2021-02-22 00:00:00-05:00,101.97665882533313,103.30400607637003,101.69857799261982,102.00942993164062,29466000
2021-02-23 00:00:00-05:00,100.0097261156716,102.91518589418928,98.82986020333311,102.30042266845703,34658000
2021-02-24 00:00:00-05:00,100.80672307051088,103.70076399456218,100.68208679095231,103.476806640625,22608000
2021-02-25 00:00:00-05:00,102.09235563455893,103.43658466161583,99.63728846063752,100.10704803466797,41548000
2021-02-26 00:00:00-05:00,100.80225428942666,102.12165310365899,99.3651674256296,100.40300750732422,40042000
2021-03-01 00:00:00-05:00,101.69858046026536,103.1004109765312,101.02423063600573,102.77416229248047,26060000
2021-03-02 00:00:00-05:00,102.53480408624813,104.01956628120942,102.1291091622479,102.51692962646484,25564000
2021-03-03 00:00:00-05:00,101.89471498400185,103.0884772115046,99.0170560718897,99.88159942626953,33892000
2021-03-04 00:00:00-05:00,100.05341822065624,103.01896452029507,99.58465124583257,100.99989318847656,49216000
2021-03-05 00:00:00-05:00,102.35156636872838,104.58863175555176,100.69449268365985,104.13526153564453,53100000
2021-03-08 00:00:00-05:00,103.48923620939775,104.96306472364233,99.57274397800457,99.68745422363281,36868000
2021-03-09 00:00:00-05:00,101.78547258921868,102.48911554648285,101.0828146593542,101.31918334960938,33920000
2021-03-10 00:00:00-05:00,102.3639776793979,102.3639776793979,100.27488613798953,101.11211395263672,27100000
2021-03-11 00:00:00-05:00,102.20607603435747,104.84040311495322,102.11818127805286,104.30757904052734,27702000
2021-03-12 00:00:00-05:00,103.10934768667865,103.1689342706061,100.92491291554464,101.79788970947266,33818000
2021-03-15 00:00:00-04:00,101.54860438306733,102.04567194316412,100.69499478793517,102.01836395263672,26168000
2021-03-16 00:00:00-04:00,102.59191553889649,104.96008072594401,102.25921114107965,103.48078918457031,31900000
2021-03-17 00:00:00-04:00,102.71507450146024,104.2311152601194,101.50591528960689,103.39786529541016,26382000
2021-03-18 00:00:00-04:00,101.7075051591949,102.72896343122781,100.26744054557446,100.37470245361328,31700000
2021-03-19 00:00:00-04:00,100.79133336870827,101.15432355512716,99.46050826596426,100.65377807617188,46072000
2021-03-22 00:00:00-04:00,100.68706028204504,101.71546692085812,100.01022512699905,100.8390121459961,33536000
2021-03-23 00:00:00-04:00,101.29883536962339,102.49856099627006,100.70543206365292,101.36736297607422,28510000
2021-03-24 00:00:00-04:00,101.88528247451289,102.67185719163797,100.75507714736035,100.93037414550781,25218000
2021-03-25 00:00:00-04:00,100.75756134986057,101.58137767227184,99.12084735520355,100.92689514160156,35616000
2021-03-26 00:00:00-04:00,100.89362388193071,101.27101819730069,99.50619002125315,100.54304504394531,27978000
2021-03-29 00:00:00-04:00,100.4154264492917,101.75866292820697,99.5856468975078,101.58882904052734,26492000
2021-03-30 00:00:00-04:00,101.94587523975986,102.42705359401143,101.1101400271924,101.62260437011719,27312000
2021-03-31 00:00:00-04:00,102.01638423893236,103.59847472541622,101.64891595703786,102.41960144042969,42570000
2021-04-01 00:00:00-04:00,103.89592556687435,106.05602264817969,103.85520604605419,105.75956726074219,39880000
2021-04-05 00:00:00-04:00,106.62211337456482,110.68608655978105,106.52577769061983,110.18801879882812,48510000
2021-04-06 00:00:00-04:00,109.78876861526743,110.63692268035109,109.33539838290059,109.70633697509766,35240000
2021-04-07 00:00:00-04:00,109.89703385350786,111.45627935995104,109.89703385350786,111.18465423583984,24134000
2021-04-08 00:00:00-04:00,112.42459741103764,112.81143286154771,111.38228678145336,111.75074768066406,28664000
2021-04-09 00:00:00-04:00,111.50296471014346,112.91969192366908,111.09676208737295,112.75582122802734,26146000
2021-04-12 00:00:00-04:00,111.93396396777538,112.07151166488755,110.62796930715429,111.46221923828125,25024000
2021-04-13 00:00:00-04:00,111.7785524215588,112.39827866126174,111.38426865957148,111.94937133789062,25682000
2021-04-14 00:00:00-04:00,112.5949278823604,112.5949278823604,111.03518983189373,111.32766723632812,21002000
2021-04-15 00:00:00-04:00,112.3228069510781,114.01364453887427,111.78749754528548,113.47982025146484,29174000
2021-04-16 00:00:00-04:00,113.6779530050074,113.92624054804651,112.76822708360963,113.35567474365234,26282000
2021-04-19 00:00:00-04:00,112.73148319799424,114.41536491519754,112.73148319799424,113.70377349853516,30290000
2021-04-20 00:00:00-04:00,114.08762678716785,114.16261011066196,112.08295945388272,113.16996002197266,22288000
2021-04-21 00:00:00-04:00,112.82433942501434,113.21911569548593,111.47216193615608,113.1371841430664,23204000
2021-04-22 00:00:00-04:00,112.99068363198703,113.66007037632106,111.24870053743062,111.85452270507812,24146000
2021-04-23 00:00:00-04:00,112.5735722203721,114.51617525978173,112.28804305693671,114.20879364013672,29066000
2021-04-26 00:00:00-04:00,114.43672073608383,115.43037100832214,114.07918606462448,114.70536804199219,32038000
2021-04-27 00:00:00-04:00,115.0877200248245,115.12843954137769,113.52499681437367,113.76435089111328,44386000
2021-04-28 00:00:00-04:00,118.80558735314312,120.73627149792708,116.85504353918805,117.14405059814453,81106000
2021-04-29 00:00:00-04:00,118.64319966263592,119.38458431397586,117.8794624667464,118.81848907470703,41234000
2021-04-30 00:00:00-04:00,117.58996717984161,118.27672829890145,116.52431905123296,116.86894226074219,44856000
2021-05-03 00:00:00-04:00,117.43553178904428,118.2618334205683,115.97510737902364,116.35150909423828,28242000
2021-05-04 00:00:00-04:00,114.88512675108498,115.45320725454022,112.06110599855704,114.55142974853516,44818000
2021-05-05 00:00:00-04:00,115.63397073423225,115.95028579947221,114.62343858766027,114.94571685791016,26636000
2021-05-06 00:00:00-04:00,114.52659251873213,116.06697082519531,113.86664687693421,116.06697082519531,25190000
2021-05-07 00:00:00-04:00,117.38488074857756,117.75035621932255,116.5044481118755,116.79096984863281,28898000
2021-05-10 00:00:00-04:00,115.60962221755646,115.75164801717878,113.44455468092164,113.8025894165039,30914000
2021-05-11 00:00:00-04:00,111.38526620724798,113.2330185640915,110.93089578077006,112.72551727294922,34186000
2021-05-12 00:00:00-04:00,110.5470545058614,111.62909207975932,108.92970751604966,109.2589340209961,46376000
2021-05-13 00:00:00-04:00,110.54357212276646,111.20501049695574,109.5802152495057,110.6885757446289,33204000
2021-05-14 00:00:00-04:00,112.15347012836743,113.453501809493,111.7293930700352,113.138671875,31996000
2021-05-17 00:00:00-04:00,112.4032439386327,113.70476832857226,112.00300454103483,113.66206359863281,21598000
2021-05-18 00:00:00-04:00,114.32896221785582,114.59363909579048,112.33471351228613,112.34861755371094,22204000
2021-05-19 00:00:00-04:00,110.65827539348378,112.97032416659621,110.50980145339452,112.7970199584961,23684000
2021-05-20 00:00:00-04:00,113.76535047048326,114.80815356114391,113.39391177615245,114.55738830566406,32352000
2021-05-21 00:00:00-04:00,115.076804611561,115.15030281544662,113.68092975421887,113.9207763671875,40632000
2021-05-24 00:00:00-04:00,114.95166574781729,117.46731220686212,114.80616961581151,117.24336242675781,31832000
2021-05-25 00:00:00-04:00,117.78760640059416,118.38349497580484,116.94343028761784,117.33423614501953,22440000
2021-05-26 00:00:00-04:00,117.5154728809379,118.63128160358181,117.5124950673565,118.20025634765625,21572000
2021-05-27 00:00:00-04:00,118.63426373987288,118.63426373987288,117.00599824507955,117.32479858398438,35224000
2021-05-28 00:00:00-04:00,117.90777016561503,117.98970171247785,116.8366589664959,117.03528594970703,21482000
2021-06-01 00:00:00-04:00,117.90876440152581,118.46840392834247,116.90766590408418,118.24345397949219,23354000
2021-06-02 00:00:00-04:00,118.63923515219538,118.86219991513654,116.8123349585416,117.71759796142578,21158000
2021-06-03 00:00:00-04:00,116.48310887975401,117.04374107133572,115.67815955902836,116.5749740600586,18696000
2021-06-04 00:00:00-04:00,117.65202995964135,119.12983617895199,117.31137719471317,118.85870361328125,24458000
2021-06-07 00:00:00-04:00,118.65364298070448,119.40198354918884,118.23453649827678,119.292236328125,24120000
2021-06-08 00:00:00-04:00,119.77441274086057,120.1473365797577,118.91881026682869,119.10055541992188,24240000
2021-06-09 00:00:00-04:00,119.74560799112477,119.81760592267354,119.02408294020918,119.57230377197266,17942000
2021-06-10 00:00:00-04:00,119.52164750239044,120.96569017106941,119.36572523374554,120.9224853515625,25904000
2021-06-11 00:00:00-04:00,121.16431477759886,121.24972423320611,120.11951891042602,120.67767333984375,21958000
2021-06-14 00:00:00-04:00,120.77997160978902,121.6072658902099,120.07185807853914,121.60677337646484,22098000
2021-06-15 00:00:00-04:00,121.6112350467546,121.93450591139118,120.22678650087968,120.58779907226562,21562000
2021-06-16 00:00:00-04:00,120.73925165647537,121.051103781599,118.65165259558208,119.94522857666016,26472000
2021-06-17 00:00:00-04:00,119.87074371139391,121.68323972485655,119.67459443294561,120.90957641601562,25842000
2021-06-18 00:00:00-04:00,120.53564705802492,120.77003054629442,119.19291070614344,119.28825378417969,46116000
2021-06-21 00:00:00-04:00,119.67509414601389,121.16431929234544,119.07721278021708,120.97810363769531,27414000
2021-06-22 00:00:00-04:00,120.91602469124716,121.56157377176068,120.23472669279211,121.49254608154297,22390000
2021-06-23 00:00:00-04:00,121.2571722246555,122.25230755219879,120.99995125396923,121.29044342041016,19148000
2021-06-24 00:00:00-04:00,121.8595233051933,122.21258746460555,121.46226929734574,121.66089630126953,21362000
2021-06-25 00:00:00-04:00,121.16432600625978,121.79299330389905,120.73230808821567,121.66934204101562,34594000
2021-06-28 00:00:00-04:00,121.83817341747176,121.94395021731748,120.57389819100639,121.6966552734375,28526000
2021-06-29 00:00:00-04:00,121.83022815163642,122.17832928237152,120.85743775374725,121.43495178222656,23108000
2021-06-30 00:00:00-04:00,121.15886149359434,121.41956796782213,120.52324597067542,121.25321197509766,24474000
2021-07-01 00:00:00-04:00,120.89119713899787,121.74729205960752,120.69902586362701,121.60577392578125,18110000
2021-07-02 00:00:00-04:00,122.30643597468982,124.54499411136423,122.21655601213538,124.39949798583984,25982000
2021-07-06 00:00:00-04:00,124.78782786126658,125.56199126890598,123.72912789938306,125.32562255859375,26404000
2021-07-07 00:00:00-04:00,126.29094913605273,126.41210750161481,125.28885806899099,125.60765838623047,24060000
2021-07-08 00:00:00-04:00,123.17643727760102,124.73518256604955,123.17246685935096,124.18746185302734,23790000
2021-07-09 00:00:00-04:00,124.16859495392329,124.87323053723223,123.69833528182369,124.6587142944336,18632000
2021-07-12 00:00:00-04:00,125.31370552891468,126.19910128355673,124.75058804003152,126.10574340820312,17668000
2021-07-13 00:00:00-04:00,126.16830475866163,127.18032198506866,125.80679967583957,126.46923065185547,19240000
2021-07-14 00:00:00-04:00,127.08150857342966,128.44064190439045,127.03830375300998,127.35859680175781,23742000
2021-07-15 00:00:00-04:00,127.76777629667595,127.8184218627249,125.66328784581317,126.1350326538086,24218000
2021-07-16 00:00:00-04:00,126.78852695996613,126.93600829936067,125.28936823394764,126.10027313232422,20424000
2021-07-19 00:00:00-04:00,125.22580675306436,125.34051699003123,122.65900702825122,123.72466278076172,27968000
2021-07-20 00:00:00-04:00,124.66765077615729,126.17277272553449,123.4987186967555,125.34498596191406,26312000
2021-07-21 00:00:00-04:00,125.26951489713657,126.72199863796918,125.16026776461048,126.67532348632812,20746000
2021-07-22 00:00:00-04:00,126.96829591308182,127.6029188301967,126.625657881777,127.54183197021484,14302000
2021-07-23 00:00:00-04:00,129.53708182506168,132.4852542046849,128.9114074632849,132.1038818359375,41506000
2021-07-26 00:00:00-04:00,132.4152245404215,133.31749453004386,131.3952513476987,133.11688232421875,30572000
2021-07-27 00:00:00-04:00,133.33091486736993,133.47839621773178,129.21281791360002,130.9965057373047,54710000
2021-07-28 00:00:00-04:00,135.37828272257383,137.3496864200583,134.3508687484611,135.16177368164062,95130000
2021-07-29 00:00:00-04:00,135.21740393865812,135.72490530544914,134.61456705577282,134.8474578857422,31716000
2021-07-30 00:00:00-04:00,134.11003891674122,134.37769361909994,133.3353829845041,133.80364990234375,25576000
2021-08-02 00:00:00-04:00,134.19148503936958,134.40947921310809,132.87754921456434,133.9307861328125,21634000
2021-08-03 00:00:00-04:00,134.20933862806302,134.80224938250032,132.40628376383424,134.70095825195312,20762000
2021-08-04 00:00:00-04:00,134.42237004478915,134.720318101296,133.56577506518238,134.1999053955078,19676000
2021-08-05 00:00:00-04:00,134.75108845286786,135.41601221577477,133.92230160341646,135.31817626953125,17870000
2021-08-06 00:00:00-04:00,135.1101493986969,135.5376968094334,134.28384768963306,134.8087158203125,20488000
2021-08-09 00:00:00-04:00,135.01133206332474,136.24432894143314,134.41245046326122,135.9751739501953,17760000
2021-08-10 00:00:00-04:00,136.40122739389997,136.82878994271528,135.4304297601133,135.86990356445312,19414000
2021-08-11 00:00:00-04:00,136.24183441816174,136.73939453465712,135.33806411914702,135.34552001953125,15352000
2021-08-12 00:00:00-04:00,135.04408266615167,136.35951864766164,134.49786220697922,136.25424194335938,16506000
2021-08-13 00:00:00-04:00,136.30985037406484,136.91220221013,136.09434153184176,136.78407287597656,15948000
2021-08-16 00:00:00-04:00,136.5829950158211,137.41476752159934,134.37224441075165,137.36212158203125,22384000
2021-08-17 00:00:00-04:00,136.80643247596538,137.31840428534073,135.14985876148344,135.7253875732422,21716000
2021-08-18 00:00:00-04:00,135.56500550987712,136.16537221527594,134.39458063861548,134.52120971679688,19258000
2021-08-19 00:00:00-04:00,133.51464330667287,135.418504459747,133.33041285553048,134.7506103515625,21782000
2021-08-20 00:00:00-04:00,135.06841620237648,136.6117723361515,134.32355361302515,136.48812866210938,31194000
2021-08-23 00:00:00-04:00,137.0244315162413,139.9095315780669,136.66491163586002,139.08224487304688,28454000
2021-08-24 00:00:00-04:00,139.64834277921207,141.10678974477585,139.3772177307821,140.2938995361328,19268000
2021-08-25 00:00:00-04:00,140.65488897401852,141.21552113852167,140.407601620042,141.10577392578125,15848000
2021-08-26 00:00:00-04:00,140.77902317776307,141.44194660984968,140.38870986385695,140.47164916992188,20610000
2021-08-27 00:00:00-04:00,140.6821843193361,143.5225940785764,140.527747182565,143.017578125,28780000
2021-08-30 00:00:00-04:00,143.41088134582995,144.9706345087551,143.17550523578328,143.60008239746094,24434000
2021-08-31 00:00:00-04:00,144.15277422389678,144.17709682612852,143.29270882385984,143.7063446044922,22448000
2021-09-01 00:00:00-04:00,144.00677094284313,145.25217904174795,143.8910681023776,144.22079467773438,21936000
2021-09-02 00:00:00-04:00,144.22129900817762,144.5227174187225,142.20420518629905,142.30551147460938,32342000
2021-09-03 00:00:00-04:00,142.10041556217422,143.16754877804087,141.425065626574,142.75489807128906,19850000
2021-09-07 00:00:00-04:00,142.84924647049465,143.5747418670663,142.63522275228055,143.2921905517578,20124000
2021-09-08 00:00:00-04:00,143.1129515291971,143.4108844692113,142.020480234913,142.7067413330078,18344000
2021-09-09 00:00:00-04:00,142.85521776816285,143.32199956321935,142.1967647782529,142.55776977539062,15314000
2021-09-10 00:00:00-04:00,143.22465834616918,143.72720419740523,139.7739707968701,139.91102600097656,36840000
2021-09-13 00:00:00-04:00,140.9771566588483,141.97080687143628,140.2824546953372,141.3575439453125,22094000
2021-09-14 00:00:00-04:00,142.01599943041023,142.38098998687326,140.779032265316,141.56808471679688,19674000
2021-09-15 00:00:00-04:00,141.7935227681328,143.46102255975654,140.37928108999674,143.44017028808594,27408000
2021-09-16 00:00:00-04:00,142.9644645098526,143.31157304134615,141.42607889210248,142.6262969970703,26190000
2021-09-17 00:00:00-04:00,142.0507769006327,142.4673980896483,139.50781463441865,139.83555603027344,53384000
2021-09-20 00:00:00-04:00,137.21511067059447,138.04786802419636,135.3882181598803,137.769287109375,46518000
2021-09-21 00:00:00-04:00,138.79224184095924,139.05245580376248,137.3308247006124,138.08065795898438,25332000
2021-09-22 00:00:00-04:00,138.3498031495611,139.9219525986059,137.60245516242853,139.3225860595703,25056000
2021-09-23 00:00:00-04:00,140.02176781696548,140.72591094990884,139.4397832505702,140.2487030029297,20952000
2021-09-24 00:00:00-04:00,139.57583007870915,141.35556254003694,139.28036730337084,141.2408447265625,22984000
2021-09-27 00:00:00-04:00,139.84001289276725,140.96624781578487,139.10806172640446,140.10568237304688,21882000
2021-09-28 00:00:00-04:00,137.70522795258165,138.14370154604273,134.4328001428913,134.8995819091797,45772000
2021-09-29 00:00:00-04:00,136.0417012440677,136.21153513021474,132.94804827238903,133.43319702148438,30848000
2021-09-30 00:00:00-04:00,133.34184510409415,134.61406121757818,132.64117228038688,132.76034545898438,37996000
2021-10-01 00:00:00-04:00,133.52653069746742,135.97267178380932,133.15459953400105,135.60768127441406,35360000
2021-10-04 00:00:00-04:00,135.02917548614732,135.02917548614732,130.15232005570044,132.7439422607422,51202000
2021-10-05 00:00:00-04:00,133.12282944603132,136.28452488914058,133.12282944603132,135.09124755859375,32404000
2021-10-06 00:00:00-04:00,133.82697596683917,136.8064262666575,133.6283489777049,136.62269592285156,24364000
2021-10-07 00:00:00-04:00,137.94058981523003,139.08272142196918,137.70124332940946,138.2713165283203,25110000
2021-10-08 00:00:00-04:00,138.62091984045634,139.3697529009224,138.26388525704718,138.8280029296875,26526000
2021-10-11 00:00:00-04:00,138.33786478117594,139.7481360399976,137.90781698690293,137.9624481201172,17954000
2021-10-12 00:00:00-04:00,138.5245718836767,138.5513949378648,134.8300522945647,135.51434326171875,36332000
2021-10-13 00:00:00-04:00,136.46131258241758,137.0547234459563,135.58386525595154,136.63958740234375,19654000
2021-10-14 00:00:00-04:00,138.51859810744975,140.36932798686973,137.87404171518787,140.18411254882812,31894000
2021-10-15 00:00:00-04:00,140.64446014785966,140.7472515493763,139.79085052606553,140.39964294433594,30274000
2021-10-18 00:00:00-04:00,140.11013542362718,141.81785456872805,140.1031796152732,141.7999725341797,20396000
2021-10-19 00:00:00-04:00,142.40532593908162,142.67845134559514,141.6232292235095,142.255859375,20164000
2021-10-20 00:00:00-04:00,142.35615012808168,142.56273311314936,140.40808409613712,140.7978973388672,23288000
2021-10-21 00:00:00-04:00,140.7979053406626,141.18226306865893,139.5376005482952,140.9141082763672,26292000
2021-10-22 00:00:00-04:00,138.19682527141742,139.62000797880754,135.12402479425157,136.62417602539062,50588000
2021-10-25 00:00:00-04:00,136.6078150016208,137.0547295671816,134.4963706145337,136.50552368164062,34412000
2021-10-26 00:00:00-04:00,138.3095581124509,139.12343319491293,137.3571275635801,138.354248046875,49236000
2021-10-27 00:00:00-04:00,138.45009190052772,147.63175995262506,138.45009190052772,145.21592712402344,85782000
2021-10-28 00:00:00-04:00,146.12667743575153,146.150015012742,143.63634581108076,144.8499755859375,36206000
2021-10-29 00:00:00-04:00,144.08423430341784,147.22656270049296,143.65867214921607,147.0319061279297,43320000
2021-11-01 00:00:00-04:00,147.0319042836874,147.0319042836874,142.24441345744162,142.51405334472656,46924000
2021-11-02 00:00:00-04:00,143.589155856485,145.6047494341665,143.3468239373789,144.43630981445312,33482000
2021-11-03 00:00:00-04:00,144.90109439674632,145.66433910278474,143.60057027429005,145.5938262939453,27494000
2021-11-04 00:00:00-04:00,146.1167161309597,148.70785360831633,145.30581121346245,147.25189208984375,38412000
2021-11-05 00:00:00-04:00,148.14769705089574,149.29776958351854,147.18187010538642,147.83238220214844,38354000
2021-11-08 00:00:00-05:00,148.79869936395048,149.58329636955824,147.41375092762158,148.01014709472656,23052000
2021-11-09 00:00:00-05:00,148.21078213972393,148.80816342631448,146.23639304016191,147.8984375,19530000
2021-11-10 00:00:00-05:00,146.4896364250964,147.05573924329605,143.54743538233325,144.89413452148438,29970000
2021-11-11 00:00:00-05:00,145.48607536348254,146.52491566576384,144.60315733615232,144.7680206298828,16518000
2021-11-12 00:00:00-05:00,145.6111891207511,147.83039521534081,144.41494154872743,147.65956115722656,22360000
2021-11-15 00:00:00-05:00,147.8805490402253,148.52510553842666,146.56412805215115,147.43511962890625,23508000
2021-11-16 00:00:00-05:00,147.13469271784953,147.7434851066345,146.30342052771164,146.86306762695312,18904000
2021-11-17 00:00:00-05:00,147.0135307938096,147.54188437232324,146.23143414004474,147.03289794921875,19594000
2021-11-18 00:00:00-05:00,147.2260577387579,149.54904025058778,146.87150849617186,148.81211853027344,35608000
2021-11-19 00:00:00-05:00,148.94816719539986,149.93239136520538,147.87904882264036,147.90635681152344,33682000
2021-11-22 00:00:00-05:00,148.30959419909644,148.80318386713506,145.14641349880958,145.2998504638672,30594000
2021-11-23 00:00:00-05:00,145.15190824103914,145.655439244991,143.12787333118214,144.783447265625,27218000
2021-11-24 00:00:00-05:00,144.47700845005622,145.24769385412606,143.38405240332972,145.11907958984375,18040000
2021-11-26 00:00:00-05:00,143.35972407872825,143.567292087887,140.87089317793425,141.2090606689453,30470000
2021-11-29 00:00:00-05:00,143.01361186652207,145.29537478702147,142.90783507857046,144.53363037109375,32596000
2021-11-30 00:00:00-05:00,144.01521986367607,144.9999291351749,140.63155943723774,140.925537109375,42068000
2021-12-01 00:00:00-05:00,143.01361658018308,144.95075636470054,139.9467715705473,140.08531188964844,34020000
2021-12-02 00:00:00-05:00,140.2824454448621,142.8790382066656,139.25403140880442,141.9866943359375,29194000
2021-12-03 00:00:00-05:00,142.69682410009432,143.41089332697956,139.3399713287488,141.02882385253906,41230000
2021-12-06 00:00:00-05:00,142.06069032750446,142.86712473038352,139.189986920454,142.17440795898438,30618000
2021-12-07 00:00:00-05:00,144.5991976891351,146.52045607098424,144.2327219717644,146.2607421875,32240000
2021-12-08 00:00:00-05:00,146.58549276228777,147.37654563981545,145.40315664150788,147.17144775390625,24270000
2021-12-09 00:00:00-05:00,146.58002202898808,148.0786882197915,146.10728463519155,146.627197265625,23270000
2021-12-10 00:00:00-05:00,147.68141834397827,147.9570138625122,145.6990885419643,146.98770141601562,24458000
2021-12-13 00:00:00-05:00,146.76920125229069,146.9564170720681,144.5207171315335,144.82760620117188,27070000
2021-12-14 00:00:00-05:00,142.9818514180104,143.49033777775247,140.24770295550135,142.9212646484375,38446000
2021-12-15 00:00:00-05:00,142.4266677500338,145.7159775606796,140.70752203650918,145.43789672851562,36370000
2021-12-16 00:00:00-05:00,146.1623912937728,146.66542203712694,142.6232940550718,143.45556640625,33650000
2021-12-17 00:00:00-05:00,141.5239120744954,142.84927424878302,140.33213479314318,140.7542266845703,50416000
2021-12-20 00:00:00-05:00,139.0410217021847,140.80337222903077,138.36667189829006,140.6370086669922,27192000
2021-12-21 00:00:00-05:00,141.08044454407118,142.8835144844595,139.54007383647323,142.48973083496094,28756000
2021-12-22 00:00:00-05:00,142.0875201032057,145.49650329171536,142.0875201032057,145.41207885742188,26322000
2021-12-23 00:00:00-05:00,145.49647487827573,147.22803165935883,145.44879955635517,145.91012573242188,26384000
2021-12-27 00:00:00-05:00,146.24731469886467,147.3278595123335,146.16140515021237,146.8933563232422,15976000
2021-12-28 00:00:00-05:00,147.22059070433994,147.28316267642893,145.05404564217633,145.6822052001953,18200000
2021-12-29 00:00:00-05:00,145.64001026436924,146.40722543558255,144.64984548921163,145.6504364013672,17788000
2021-12-30 00:00:00-05:00,145.68915495604028,146.29100668000854,144.99445303661054,145.19903564453125,15688000
2021-12-31 00:00:00-05:00,145.04956351323298,145.6936198466659,143.85977172851562,143.85977172851562,18136000
2022-01-03 00:00:00-05:00,144.06139370644328,144.85194647168504,142.72859087802212,143.9983367919922,28646000
2022-01-04 00:00:00-05:00,144.400065125975,145.4816101983603,142.73208012573355,143.410400390625,28400000
2022-01-05 00:00:00-05:00,143.43073990652238,143.50969364455202,136.74485856797526,136.8312530517578,54618000
2022-01-06 00:00:00-05:00,136.06009260812084,138.98144174621683,135.62310409438905,136.803955078125,37348000
2022-01-07 00:00:00-05:00,137.1992250078914,137.50015849299731,134.83652283935174,136.07846069335938,29760000
2022-01-10 00:00:00-05:00,134.15274434444186,137.8686166309049,132.25235351586585,137.71963500976562,44408000
2022-01-11 00:00:00-05:00,137.0616634231231,139.25553153130753,135.75616876669966,138.77880859375,28730000
2022-01-12 00:00:00-05:00,140.18313478333724,141.6311554318166,139.73076471910252,140.4617156982422,26108000
2022-01-13 00:00:00-05:00,140.57047082946312,141.871510304291,137.46092086663876,137.63771057128906,31436000
2022-01-14 00:00:00-05:00,136.1400007711832,139.7779187221013,136.06006201783052,138.52505493164062,29662000
2022-01-18 00:00:00-05:00,135.24221100727823,136.19215624113983,134.510759996625,135.06642150878906,34872000
2022-01-19 00:00:00-05:00,135.58833902307862,137.01450730821685,134.09067289531706,134.19097900390625,28648000
2022-01-20 00:00:00-05:00,135.31672826689132,136.68331011018122,132.05372580603233,132.39437866210938,29908000
2022-01-21 00:00:00-05:00,131.68526524961257,133.94169047418686,129.19543397045766,129.4586181640625,55652000
2022-01-24 00:00:00-05:00,125.11505844265665,130.30427370622866,123.64718576692493,129.9080047607422,76622000
2022-01-25 00:00:00-05:00,127.85815753662722,128.5126400999818,125.63399580516415,126.06551361083984,46960000
2022-01-26 00:00:00-05:00,130.2208456457692,132.08895763036261,126.2710828970045,128.34776306152344,49130000
2022-01-27 00:00:00-05:00,130.40457051733026,131.74382882791292,128.0493095569631,128.12132263183594,31950000
2022-01-28 00:00:00-05:00,128.77083458223208,132.44301646661256,127.60488046370143,132.4375457763672,34362000
2022-01-31 00:00:00-05:00,133.2430331296949,134.54505778023702,131.30390777460377,134.376708984375,39986000
2022-02-01 00:00:00-05:00,136.65199616866573,136.8491380497125,133.44809584204324,136.70115661621094,68644000
2022-02-02 00:00:00-05:00,150.213959281509,150.50842187379808,144.52569849957,146.98622131347656,123200000
2022-02-03 00:00:00-05:00,144.70744115071966,148.64974827603828,141.68825627852442,142.10984802246094,71518000
2022-02-04 00:00:00-05:00,142.46194440926502,143.88264207979043,139.55250639532534,142.3114776611328,57998000
2022-02-07 00:00:00-05:00,143.26190864808652,143.26190864808652,137.94854930203064,138.24749755859375,54974000
2022-02-08 00:00:00-05:00,138.0741915730561,139.04101874272152,136.07547995948318,138.4441375732422,54284000
2022-02-09 00:00:00-05:00,139.99792689638787,141.5482389401136,139.22674129304525,140.6221160888672,40144000
2022-02-10 00:00:00-05:00,138.74654529321856,140.51533620817344,137.0120030221674,137.6704559326172,39330000
2022-02-11 00:00:00-05:00,137.6506167768868,138.20329295411477,132.486223876279,133.36268615722656,39958000
2022-02-14 00:00:00-05:00,132.3437014572627,135.36635645883993,132.3437014572627,134.59765625,34302000
2022-02-15 00:00:00-05:00,136.62816089438695,137.16248526255038,134.89114828122072,135.67276000976562,26680000
2022-02-16 00:00:00-05:00,135.7104796838737,137.1401181080741,133.99977506378778,136.7945098876953,25022000
2022-02-17 00:00:00-05:00,135.30971005555213,136.1742456587364,131.5710016003367,131.63108825683594,38950000
2022-02-18 00:00:00-05:00,132.55277323596871,133.15165480974724,129.3046828967441,129.509765625,45620000
2022-02-22 00:00:00-05:00,128.9486237480946,131.27507671013754,127.34518092700627,128.92430114746094,44990000
2022-02-23 00:00:00-05:00,130.74672218976002,131.146461476255,126.65394836077941,126.71403503417969,32786000
2022-02-24 00:00:00-05:00,124.09757963651286,132.0889630529401,124.09757963651286,131.78207397460938,54456000
2022-02-25 00:00:00-05:00,132.63719764584428,134.34491711381497,130.84902416146156,133.53848266601562,36406000
2022-02-28 00:00:00-05:00,132.1386256771338,134.82161307191876,131.6842552568574,134.1318817138672,38864000
2022-03-01 00:00:00-05:00,133.95459346241825,135.3221600936974,132.30597577184693,133.1431884765625,26496000
2022-03-02 00:00:00-05:00,133.70583549976425,134.3359803512324,132.1599938888819,133.64971923828125,23520000
2022-03-03 00:00:00-05:00,135.07833193884565,135.50489424688817,132.1142785441231,132.9822998046875,24604000
2022-03-04 00:00:00-05:00,132.01696245071622,132.93462912207434,129.44469223141712,131.00294494628906,30430000
2022-03-07 00:00:00-05:00,130.58733818371817,130.83264033914966,125.42990090344138,125.51283264160156,45112000
2022-03-08 00:00:00-05:00,125.38520955872268,130.35096043233546,124.81365114823323,126.23385620117188,40428000
2022-03-09 00:00:00-05:00,130.35095429762737,132.8194330626874,129.01069565399868,132.50608825683594,37026000
2022-03-10 00:00:00-05:00,130.36687160786477,132.35912780429078,130.01579261876046,131.52239990234375,27102000
2022-03-11 00:00:00-05:00,132.57412490739122,132.87902880681497,128.74354993397455,128.9809112548828,31526000
2022-03-14 00:00:00-04:00,129.35781310754138,129.51572059424493,124.41689239486837,125.0882568359375,38812000
2022-03-15 00:00:00-04:00,126.10622391621135,128.96501590992517,124.85932318871768,128.31300354003906,30920000
2022-03-16 00:00:00-04:00,129.83750304335058,132.41968439619922,127.85268781908668,132.3675537109375,35576000
2022-03-17 00:00:00-04:00,132.23696511161205,133.16208784570142,131.27956378195518,132.9222412109375,28264000
2022-03-18 00:00:00-04:00,132.5105667989843,135.3107575128398,131.35255331585438,135.1930694580078,44566000
2022-03-21 00:00:00-04:00,135.23079176119532,136.1112244178566,133.173978749984,135.16921997070312,26832000
2022-03-22 00:00:00-04:00,135.16923238113208,140.0838376848272,135.16923238113208,138.90992736816406,35496000
2022-03-23 00:00:00-04:00,137.7524157003206,138.63234835797854,136.89086517154823,137.32833862304688,25154000
2022-03-24 00:00:00-04:00,138.24650294781864,140.6489395534487,136.80693829894508,140.60226440429688,26396000
2022-03-25 00:00:00-04:00,140.94389214459488,141.06208028165258,138.78031728528904,140.7025604248047,24126000
2022-03-28 00:00:00-04:00,139.9353507908975,141.02980723169944,138.85380578704,140.48655700683594,35050000
2022-03-29 00:00:00-04:00,141.67038342042937,142.80852953836705,141.06554628979546,141.5293426513672,34318000
2022-03-30 00:00:00-04:00,141.48417499062563,141.74288866121253,140.63006526780768,140.96624755859375,19884000
2022-03-31 00:00:00-04:00,141.07995269395536,141.13458383266473,138.07220921119722,138.1149139404297,37524000
2022-04-01 00:00:00-04:00,138.54443389331385,139.5087756948705,137.3600975929248,139.1904754638672,25942000
2022-04-04 00:00:00-04:00,139.39707934303763,142.72760894504665,139.34940401086646,141.99217224121094,25942000
2022-04-05 00:00:00-04:00,141.89038687951535,142.01104517908408,139.4209227742379,139.62799072265625,21418000
2022-04-06 00:00:00-04:00,137.79958340829674,138.40590569725433,134.5887272738365,135.6126708984375,32468000
2022-04-07 00:00:00-04:00,135.07834566419274,136.22494793186857,133.30805431972186,134.9576873779297,26234000
2022-04-08 00:00:00-04:00,134.6547746087494,134.74068416097512,132.054711175335,132.37451171875,25142000
2022-04-11 00:00:00-04:00,130.92054420967955,131.18769883987585,127.78715636764832,127.94109344482422,36884000
2022-04-12 00:00:00-04:00,130.69856646821188,130.69856646821188,125.92051646529828,126.83967590332031,32710000
2022-04-13 00:00:00-04:00,127.12320332377392,129.44121512067846,126.86597479989753,129.0042266845703,27928000
2022-04-14 00:00:00-04:00,129.58574380720424,129.58574380720424,125.73380145210479,125.86192321777344,31598000
2022-04-18 00:00:00-04:00,126.13006878953061,127.33425728221141,125.31767118048631,126.80193328857422,20808000
2022-04-19 00:00:00-04:00,126.81683876085387,129.44023984617706,126.1295774770653,129.11846923828125,26490000
2022-04-20 00:00:00-04:00,129.99541803110722,130.4989489552914,126.62665415280647,127.16294860839844,31696000
2022-04-21 00:00:00-04:00,128.36465210884853,129.2073354940893,123.67350445849084,123.95953369140625,36446000
2022-04-22 00:00:00-04:00,124.14377326402423,124.54302006316087,118.1103889142465,118.8160171508789,56884000
2022-04-25 00:00:00-04:00,118.28517197562043,122.43306193166998,117.69921703394614,122.23095703125,46128000
2022-04-26 00:00:00-04:00,121.45680927223376,121.67083301891546,117.69922482697882,117.83727264404297,73054000
2022-04-27 00:00:00-04:00,113.68539340141608,116.43890115247335,111.9642701529319,113.5115966796875,91820000
2022-04-28 00:00:00-04:00,115.61757779171258,118.82991910256544,113.33332937298223,117.71063995361328,48884000
2022-04-29 00:00:00-04:00,115.93488477812409,117.11226538731582,113.03488812105105,113.32786560058594,42676000
2022-05-02 00:00:00-04:00,112.62818384374904,115.94580157163857,111.82869772460485,115.78441619873047,35534000
2022-05-03 00:00:00-04:00,115.63296649848806,117.63069314671395,115.2396829127405,116.53028106689453,24968000
2022-05-04 00:00:00-04:00,116.22985941768594,122.01297109395705,114.32747578407296,121.42353820800781,49916000
2022-05-05 00:00:00-04:00,119.3806259942041,120.20990548103431,114.21773323366315,115.70745849609375,45840000
2022-05-06 00:00:00-04:00,114.3954969699338,116.7661472402134,113.23450579994557,114.95364379882812,39710000
2022-05-09 00:00:00-04:00,112.47424700492478,114.28873566343553,111.23330949084597,111.74031066894531,40802000
2022-05-10 00:00:00-04:00,114.71628695611551,115.45370122184362,112.12714235556041,113.61140441894531,39900000
2022-05-11 00:00:00-04:00,112.4608505325777,115.56742256499777,112.4608505325777,112.8243408203125,37534000
2022-05-12 00:00:00-04:00,110.61458326418952,113.51209458382574,109.0722196869369,112.07103729248047,53836000
2022-05-13 00:00:00-04:00,113.74846982950024,117.06758067088552,112.82683262018276,115.25557708740234,35038000
2022-05-16 00:00:00-04:00,114.1680730032844,115.37425431835217,113.10938061192142,113.66107177734375,25990000
2022-05-17 00:00:00-04:00,116.04015386240661,116.0992479298773,114.08315444400371,115.6751708984375,23054000
2022-05-18 00:00:00-04:00,114.2122672760028,114.60952885152011,110.79135782529033,111.13300323486328,35126000
2022-05-19 00:00:00-04:00,110.66820925280025,112.23589554258577,109.24651160347497,109.62788391113281,34144000
2022-05-20 00:00:00-04:00,111.18414230539884,111.41505546027001,105.07180479603741,108.1619873046875,48962000
2022-05-23 00:00:00-04:00,108.83684020240013,111.37930208284921,107.99613444392592,110.72431945800781,37184000
2022-05-24 00:00:00-04:00,105.04747595596399,105.72927404793693,101.18660038025172,105.2441177368164,76780000
2022-05-25 00:00:00-04:00,104.26635571159798,105.77048498374647,103.14509143797545,105.08024597167969,40258000
2022-05-26 00:00:00-04:00,104.95312022028949,107.90525481636968,104.50421294060598,107.05413055419922,37948000
2022-05-27 00:00:00-04:00,108.73306994845673,111.5486499832018,108.39092441543795,111.54715728759766,37914000
2022-05-31 00:00:00-04:00,111.9742030382361,114.94223478737628,111.31077945637375,112.98274993896484,50012000
2022-06-01 00:00:00-04:00,114.06826317353504,116.29937309388902,112.47425385777059,113.11185455322266,36606000
2022-06-02 00:00:00-04:00,113.21911892677547,117.0919059988239,112.17283789402013,116.81680297851562,37992000
2022-06-03 00:00:00-04:00,115.26748624103267,115.5247147902425,112.7409135990989,113.75640869140625,26136000
2022-06-06 00:00:00-04:00,115.90509148996708,118.5294926139671,115.36829697900254,116.02030181884766,33542000
2022-06-07 00:00:00-04:00,114.6894795083408,116.88484060449989,114.26391732011818,116.3470458984375,31590000
2022-06-08 00:00:00-04:00,115.9616951970942,117.75830946134262,115.80130242266203,116.3912353515625,26108000
2022-06-09 00:00:00-04:00,115.53066587385061,117.48866544844982,113.98979509345463,114.04888916015625,25798000
2022-06-10 00:00:00-04:00,111.67476376402166,112.50305059167471,109.61000232222437,110.40005493164062,41452000
2022-06-13 00:00:00-04:00,106.05502516866834,108.0462884474437,105.39210170145553,105.66372680664062,47252000
2022-06-14 00:00:00-04:00,105.80524487282368,107.18522275393376,105.07527897535611,105.98450469970703,33706000
2022-06-15 00:00:00-04:00,107.80147483796506,110.66025925480368,106.93197599440535,109.01262664794922,39698000
2022-06-16 00:00:00-04:00,106.48656349122702,107.90428334976264,104.41783134116706,105.30719757080078,51684000
2022-06-17 00:00:00-04:00,105.30719432645122,107.95493317182847,104.32645545514198,106.40959167480469,51376000
2022-06-21 00:00:00-04:00,108.18335221859772,111.71897210659334,107.85611092279677,110.77994537353516,47416000
2022-06-22 00:00:00-04:00,109.79920105723042,112.57008313688989,109.62638936538542,110.72382354736328,30774000
2022-06-23 00:00:00-04:00,111.46273365284881,111.97023497314542,109.74359547231944,111.47315979003906,28362000
2022-06-24 00:00:00-04:00,112.22100926625183,117.27018450537825,112.17879704892937,117.1668930053711,41164000
2022-06-27 00:00:00-04:00,117.46285065793593,117.76724687603271,114.39053484024392,115.0400619506836,36420000
2022-06-28 00:00:00-04:00,115.00926788550748,116.50594891671535,111.08185732274715,111.24026489257812,35792000
2022-06-29 00:00:00-04:00,110.78788165155984,112.3853612198346,110.11303179566326,110.93635559082031,24716000
2022-06-30 00:00:00-04:00,109.24651298788866,110.12843077767293,106.0187751041556,108.21661376953125,43170000
2022-07-01 00:00:00-04:00,107.19366691373251,108.50164691075395,105.99940454132032,107.99266052246094,35476000
2022-07-05 00:00:00-04:00,106.36687378213881,112.60037726382436,105.00724802835002,112.4871597290039,39342000
2022-07-06 00:00:00-04:00,112.5259035341935,114.7977330534994,110.71240730639667,113.78720092773438,37432000
2022-07-07 00:00:00-04:00,114.29172234358994,118.37307002049975,114.04691270803878,117.96935272216797,40936000
2022-07-08 00:00:00-04:00,116.44685795142414,118.8651762014679,116.10074202416587,118.53594970703125,38238000
2022-07-11 00:00:00-04:00,117.1897331383704,117.1897331383704,114.54050176466727,114.8841323852539,31196000
2022-07-12 00:00:00-04:00,115.41894329267954,116.172746938359,112.91124517680676,113.2394790649414,29960000
2022-07-13 00:00:00-04:00,110.93585209745726,113.41376424328155,110.43977715460237,110.59073638916016,43722000
2022-07-14 00:00:00-04:00,109.4555813251154,110.33203606233151,107.63066634050548,109.61150360107422,37004000
2022-07-15 00:00:00-04:00,111.23332046369126,112.36551106488659,110.14035668814668,111.0118408203125,46770000
2022-07-18 00:00:00-04:00,111.86842992036455,112.9013069637435,107.62768220362615,108.28315734863281,43164600
2022-07-19 00:00:00-04:00,110.09068737178768,113.23897137891802,108.80952283001463,113.03041076660156,36530900
2022-07-20 00:00:00-04:00,112.39480143387381,114.60952961762138,111.7095329780885,113.11980438232422,35600400
2022-07-21 00:00:00-04:00,113.4971913732267,113.76534614143134,110.34890739810696,113.55677795410156,32676200
2022-07-22 00:00:00-04:00,110.23966791558226,111.57048549483595,105.77049218927488,107.16090393066406,48901200
2022-07-25 00:00:00-04:00,107.66741148020654,109.11740979105046,105.571864055946,106.77357482910156,34690900
2022-07-26 00:00:00-04:00,105.86980002223551,106.46568857174864,103.35713146074687,104.30062103271484,47991000
2022-07-27 00:00:00-04:00,108.5116017194115,113.12975203705194,107.27016386935415,112.28556823730469,59858500
2022-07-28 00:00:00-04:00,111.60028062288364,113.55677997539442,110.69651038548061,113.43760681152344,32816600
2022-07-29 00:00:00-04:00,112.30541954786877,115.91055182503115,112.2855523018916,115.52322387695312,37223400
2022-08-01 00:00:00-04:00,114.51020776113126,115.9204790624543,113.55677701223817,114.0732192993164,26034300
2022-08-02 00:00:00-04:00,113.21911273048636,115.55301397748624,112.94103191155993,114.34136962890625,20236000
2022-08-03 00:00:00-04:00,114.91741046203056,117.80748122454524,114.6889901557887,117.27117919921875,28499000
2022-08-04 00:00:00-04:00,116.67527360002195,117.96636414521183,116.08931111839905,117.38040924072266,21602900
2022-08-05 00:00:00-04:00,115.43383267879672,117.3009520293934,115.20540483527081,116.66533660888672,19159500
2022-08-08 00:00:00-04:00,117.57904337218183,119.32698972388245,116.07938455316629,116.49651336669922,19138300
2022-08-09 00:00:00-04:00,116.33760150444314,116.51636882460133,114.91739656572369,115.83109283447266,19086500
2022-08-10 00:00:00-04:00,117.96637720002795,120.09171797963317,117.59891648269448,118.88007354736328,30930400
2022-08-11 00:00:00-04:00,120.44924388844952,120.65780450187786,117.74787438229087,118.02595520019531,24293700
2022-08-12 00:00:00-04:00,119.43623289096814,120.84650421142578,118.64170978182173,120.84650421142578,19096300
2022-08-15 00:00:00-04:00,120.3002847775357,121.46227630666272,119.78384999125086,121.24378204345703,19494800
2022-08-16 00:00:00-04:00,120.68760382332333,121.59137410380659,119.81363441236235,120.86637115478516,19041200
2022-08-17 00:00:00-04:00,119.2972049309053,120.4591888481378,118.56226832626471,118.73110961914062,22847000
2022-08-18 00:00:00-04:00,118.61192615288643,119.99240429519782,117.90679043522003,119.34685516357422,17987700
2022-08-19 00:00:00-04:00,118.24446137975963,118.33384883861991,115.96022044686849,116.40713500976562,21809500
2022-08-22 00:00:00-04:00,114.4108893191489,114.83794416833236,113.0701381898491,113.45746612548828,21456600
2022-08-23 00:00:00-04:00,112.70268379096306,114.22220232746935,112.65302325197702,113.080078125,15870400
2022-08-24 00:00:00-04:00,112.722531059802,113.99376191580023,112.09684925393418,112.9112319946289,17734600
2022-08-25 00:00:00-04:00,113.45747189022575,115.92048761517785,113.32836509749748,115.85096740722656,16956800
2022-08-26 00:00:00-04:00,113.93418519899274,114.33144677016104,109.43521628006215,109.58418273925781,37245700
2022-08-29 00:00:00-04:00,109.236581726649,110.1900049513534,108.05473821304507,108.67048645019531,21191200
2022-08-30 00:00:00-04:00,109.41534170873047,109.74308305128713,107.06158088541234,108.19377136230469,27513300
2022-08-31 00:00:00-04:00,109.89206143571225,110.09068842730832,107.38931890965122,107.47870635986328,28627000
2022-09-01 00:00:00-04:00,107.53829818348746,109.69343221359867,106.62460185419623,108.98829650878906,28360900
2022-09-02 00:00:00-04:00,109.83245789643124,109.98143191597238,106.52527406371158,107.1112289428711,24160700
2022-09-06 00:00:00-04:00,106.56501818821323,107.29001358215552,105.05542565947091,106.078369140625,25068300
2022-09-07 00:00:00-04:00,106.32665848235399,109.22666283847823,106.16775838972423,108.70028686523438,23167000
2022-09-08 00:00:00-04:00,107.29994397248697,108.84925579418162,106.4259745612731,107.63761138916016,24238300
2022-09-09 00:00:00-04:00,108.32288036042995,110.22972672082997,108.27321982491722,109.89205932617188,23197700
2022-09-12 00:00:00-04:00,110.22973087368234,110.85542030532613,109.17699415992941,110.10062408447266,22966800
2022-09-13 00:00:00-04:00,107.06158881718635,107.55816389040682,103.3769951060123,103.60542297363281,38172900
2022-09-14 00:00:00-04:00,103.85370686767357,104.55884253765855,102.94994420622076,104.28076171875,26395100
2022-09-15 00:00:00-04:00,103.31740907499702,104.54891314157877,101.64891651695895,102.20508575439453,34188300
2022-09-16 00:00:00-04:00,101.370837496437,102.42357425141003,100.24858053268528,102.09584045410156,42797200
2022-09-19 00:00:00-04:00,101.05302529143925,102.62220430858018,100.85439829715003,102.36398315429688,23036800
2022-09-20 00:00:00-04:00,101.38077584676782,101.66879031860427,99.83145635767744,100.44721221923828,26517100
2022-09-21 00:00:00-04:00,100.97356549291322,102.17527616472165,98.59000381669745,98.59993743896484,31487300
2022-09-22 00:00:00-04:00,98.14309788632383,100.54651943978457,98.1133045940541,99.45405578613281,34298600
2022-09-23 00:00:00-04:00,98.94755514115927,98.97735601298936,96.80235457462604,98.06365203857422,31625400
2022-09-26 00:00:00-04:00,97.42802313116289,99.19582909385643,97.13008264794297,97.49754333496094,27072700
2022-09-27 00:00:00-04:00,98.74891812315998,99.3150133964343,96.20645620489421,96.83213806152344,30072800
2022-09-28 00:00:00-04:00,96.98112295479517,100.01022665623634,96.44482091315537,99.36468505859375,32466300
2022-09-29 00:00:00-04:00,97.9643299391156,97.9643299391156,95.302687240842,96.752685546875,31047200
2022-09-30 00:00:00-04:00,96.38522371736838,98.22254995330734,94.90542455938035,94.99481201171875,32941500
2022-10-03 00:00:00-04:00,96.09722046475382,98.6098893889168,95.85885894883667,97.96434020996094,27982000
2022-10-04 00:00:00-04:00,99.75200186201134,101.14240598760246,99.692407701533,100.94377899169922,28850800
2022-10-05 00:00:00-04:00,99.14617560006744,101.23178927988525,98.12323221664604,100.73521423339844,22176900
2022-10-06 00:00:00-04:00,99.99036696087042,102.22495501192341,99.90097949871807,100.72529602050781,22324000
2022-10-07 00:00:00-04:00,99.16604271542337,99.84138513244945,97.6266645019863,98.00405883789062,27502800
2022-10-10 00:00:00-04:00,98.32186494334555,98.42117844301296,96.34549826456681,97.1896743774414,18225100
2022-10-11 00:00:00-04:00,96.76262317947702,98.57015621966407,95.65029224046398,96.51433563232422,26507100
2022-10-12 00:00:00-04:00,96.63351005621553,98.07357470456819,96.07734083455361,96.8917236328125,21876400
2022-10-13 00:00:00-04:00,94.49823387339498,99.09651612531559,93.73350405042449,98.3814468383789,34574500
2022-10-14 00:00:00-04:00,99.30508010298726,100.0002897453495,95.70988145547351,95.89857482910156,25410700
2022-10-17 00:00:00-04:00,98.18283515095766,100.23865588274691,98.15304185554747,99.28523254394531,28419200
2022-10-18 00:00:00-04:00,102.42357751242457,102.7612525209111,99.28522681703564,100.07974243164062,24060700
2022-10-19 00:00:00-04:00,99.32494982352485,100.32802603161117,98.2424122068316,98.94754791259766,23811100
2022-10-20 00:00:00-04:00,99.3150258393555,101.61913413574314,98.70920357556462,99.28523254394531,25323200
2022-10-21 00:00:00-04:00,97.17973248327009,100.61603080380956,97.05062570240428,100.43726348876953,32458700
2022-10-24 00:00:00-04:00,101.10268728739813,102.04617688958683,99.29515433560225,101.8177490234375,27176400
2022-10-25 00:00:00-04:00,102.19514899283054,104.10199540713289,102.01638166791882,103.76432800292969,40611400
2022-10-26 00:00:00-04:00,95.76948003110188,97.63659979517881,94.04140069748092,94.27975463867188,88114100
2022-10-27 00:00:00-04:00,93.87253545584848,94.77630560047618,91.17117379791272,91.58829498291016,60710900
2022-10-28 00:00:00-04:00,91.63796414593529,95.88865329835012,91.49892372634271,95.63043212890625,43697300
2022-10-31 00:00:00-04:00,94.766387840837,95.37221005350747,93.3362567418793,93.86262512207031,31675000
2022-11-01 00:00:00-04:00,94.79618761427888,95.37221657343223,89.75099014108092,89.85030364990234,47161400
2022-11-02 00:00:00-04:00,90.31706680880627,90.55542069613995,86.28487250527193,86.37425994873047,57038300
2022-11-03 00:00:00-04:00,85.72871605197531,85.92734304048008,82.76912542959708,82.85851287841797,61288000
2022-11-04 00:00:00-04:00,84.8150360926742,86.04654032793563,83.13660968162617,85.98695373535156,51124900
2022-11-07 00:00:00-05:00,86.68213186261514,88.29103761033532,86.25507705423384,87.88384246826172,34078900
2022-11-08 00:00:00-05:00,88.29105377197266,89.7013252290992,86.99002186523454,88.29105377197266,30429000
2022-11-09 00:00:00-05:00,87.8441196311482,88.8273436444615,86.68213588137829,86.72186279296875,31769100
2022-11-10 00:00:00-05:00,91.61811291633558,93.74345389976864,90.98249734617626,93.29653930664062,51620100
2022-11-11 00:00:00-05:00,94.04139140730278,96.26604565196418,93.27666153820596,95.7496109008789,33090500
2022-11-14 00:00:00-05:00,94.43864192776208,96.12700168973441,93.86262061279506,95.04446411132812,30179500
2022-11-15 00:00:00-05:00,97.58694158277216,99.4540612464855,96.04755572915394,97.76570892333984,41640800
2022-11-16 00:00:00-05:00,97.22939255235062,98.95747153804888,96.9711714147205,98.17288208007812,29105200
2022-11-17 00:00:00-05:00,96.30577820675418,98.59995279410664,96.12701086376991,97.6862564086914,26052600
2022-11-18 00:00:00-05:00,98.09343657704217,98.2225509453757,95.70988228857895,96.76261901855469,28342300
2022-11-21 00:00:00-05:00,96.62358621558475,97.72598357054807,94.70680597991417,94.94515991210938,21647400
2022-11-22 00:00:00-05:00,95.29275218122933,96.55405709268237,93.40577299121226,96.38522338867188,23438500
2022-11-23 00:00:00-05:00,96.42495725244808,98.08352398218454,96.42495725244808,97.78557586669922,18868100
2022-11-25 00:00:00-05:00,97.56706770161041,97.96432927332067,96.73282522043966,96.79241180419922,9701400
2022-11-28 00:00:00-05:00,96.37529110822086,96.9115930964902,94.95508609589683,95.39207458496094,26237500
2022-11-29 00:00:00-05:00,95.07426584986467,95.46159379672028,93.46535990183312,94.5379638671875,20061700
2022-11-30 00:00:00-05:00,94.17049833327081,100.34789357132563,93.77323675188165,100.29823303222656,43647500
2022-12-01 00:00:00-05:00,100.32802632483222,101.54960436160536,99.563304031794,100.29823303222656,28687100
2022-12-02 00:00:00-05:00,98.37152086254994,100.07973267716697,98.22254683147696,99.75199890136719,21480700
2022-12-05 00:00:00-05:00,98.71912252760538,100.68555550376762,98.32186096786398,98.79857635498047,24405100
2022-12-06 00:00:00-05:00,98.6198123778136,99.09652020396926,95.75953511234248,96.31570434570312,24910700
2022-12-07 00:00:00-05:00,95.74960470986467,96.21637889173988,94.0711786173766,94.2896728515625,31045400
2022-12-08 00:00:00-05:00,94.72665891342506,94.92529349040643,92.80987881407734,93.06809997558594,32213300
2022-12-09 00:00:00-05:00,93.12768592936698,93.61433495682455,92.11467611359325,92.19412994384766,28225400
2022-12-12 00:00:00-05:00,92.07494125173915,92.91911728821455,90.98247769999843,92.67082977294922,29420000
2022-12-13 00:00:00-05:00,97.09035971387452,98.8482321260313,94.3790565003639,94.97494506835938,40593700
2022-12-14 00:00:00-05:00,94.54789188781861,96.20645840814433,92.95885315251148,94.41878509521484,28733600
2022-12-15 00:00:00-05:00,92.49206485576933,92.998573521634,89.39344143432389,90.23761749267578,40107000
2022-12-16 00:00:00-05:00,90.13830631838147,90.70440157933497,88.90679472353236,89.64173126220703,58011800
2022-12-19 00:00:00-05:00,89.64173089197104,89.93967137816473,87.6057701392111,87.83419799804688,29493000
2022-12-20 00:00:00-05:00,87.5064621987842,88.56913257898219,86.84105340253028,88.41022491455078,23453800
2022-12-21 00:00:00-05:00,88.46980985381954,89.60200032488561,87.71501368073093,88.96638488769531,24745600
2022-12-22 00:00:00-05:00,87.55611316403909,87.9335074600943,85.72871310857447,87.15885162353516,27658300
2022-12-23 00:00:00-05:00,86.5133086638046,88.93659741222335,86.47358174924135,88.61878967285156,23003000
2022-12-27 00:00:00-05:00,88.19173478905765,88.33077520142463,86.4139951427837,86.79138946533203,20097300
2022-12-28 00:00:00-05:00,86.38420166698455,87.43693838041416,85.35132462222182,85.43077087402344,19523200
2022-12-29 00:00:00-05:00,86.02666490506726,88.2413853981384,86.01673128241025,87.84412384033203,23333500
2022-12-30 00:00:00-05:00,86.3842031844642,87.69516107639714,85.97700798686586,87.62564086914062,23986300
2023-01-03 00:00:00-05:00,88.97631857972549,90.4263244711382,87.91364821898763,88.5095443725586,28131200
2023-01-04 00:00:00-05:00,89.73110905085134,90.02905710848832,86.67220495736261,87.4766616821289,34854800
2023-01-05 00:00:00-05:00,86.8708478238016,86.97016132679408,85.3116023377022,85.60954284667969,27194400
2023-01-06 00:00:00-05:00,86.19549412333996,87.08933068765106,84.27871421542477,86.7417221069336,41381500
2023-01-09 00:00:00-05:00,87.75475111447206,89.43317735489786,87.25817602105704,87.41707611083984,29003900
2023-01-10 00:00:00-05:00,85.39105735353961,88.06262623356912,85.24208330842042,87.81433868408203,30467800
2023-01-11 00:00:00-05:00,88.56913668176881,90.9725583891189,88.40030296334042,90.89310455322266,26862000
2023-01-12 00:00:00-05:00,90.85337642641241,91.24070436753142,89.13522338270101,90.50576782226562,30258100
2023-01-13 00:00:00-05:00,90.22768590186173,91.55851098824732,89.51261661092427,91.4889907836914,26329200
2023-01-17 00:00:00-05:00,91.42939508883157,91.6180960310852,89.4331688584874,90.6646728515625,32602400
2023-01-18 00:00:00-05:00,91.50885948679696,92.16434226058483,90.01913417597157,90.495849609375,29116700
2023-01-19 00:00:00-05:00,90.09857153682633,92.96877450470505,90.00918409441093,92.41261291503906,37000400
2023-01-20 00:00:00-05:00,94.44858263717902,97.62666782792186,94.36912880255512,97.34857940673828,63191100
2023-01-23 00:00:00-05:00,97.27906024097814,99.35474812430549,96.8321456764025,99.10646057128906,40005100
2023-01-24 00:00:00-05:00,97.42802327409328,98.92768204637555,96.53418666885439,97.03076171875,33078500
2023-01-25 00:00:00-05:00,94.91535768313268,95.50132020032594,93.11775837133916,94.56775665283203,42330000
2023-01-26 00:00:00-05:00,95.83899512609038,96.90166554616475,94.72666416473407,96.85200500488281,30114000
2023-01-27 00:00:00-05:00,96.6434441075587,99.63282834879519,96.6434441075587,98.68933868408203,33879800
2023-01-30 00:00:00-05:00,96.8122800793185,97.61672927716072,95.73967609743931,96.2759780883789,27226200
2023-01-31 00:00:00-05:00,96.20646430337597,98.20269078514632,96.15680376164374,98.1629638671875,29870700
2023-02-01 00:00:00-05:00,98.03384603535108,100.49686163170139,96.91158914355285,99.7420654296875,35531100
2023-02-02 00:00:00-05:00,105.07529269327897,107.11124602798093,104.8865917332853,107.00199890136719,69883800
2023-02-03 00:00:00-05:00,102.22494486291488,107.07151484914603,101.87734382713276,104.06227111816406,65309300
2023-02-06 00:00:00-05:00,101.69857720610024,103.64515059717341,101.1821348832258,102.19515228271484,31999600
2023-02-07 00:00:00-05:00,102.51295768495851,107.43898142309807,102.413644187333,106.90267944335938,49010200
2023-02-08 00:00:00-05:00,101.35098153887236,102.43351162623514,97.36844709177582,98.68933868408203,94743500
2023-02-09 00:00:00-05:00,99.31501673753093,99.34481003021067,92.9886474435818,94.35919952392578,119455000
2023-02-10 00:00:00-05:00,94.79617240940175,96.08727054839915,93.60439534043017,93.92220306396484,54980700
2023-02-13 00:00:00-05:00,94.09105138319008,94.54789958320347,93.19721465397471,93.96194458007812,50076100
2023-02-14 00:00:00-05:00,93.78316845750277,94.20028969972182,91.62803446223668,94.03145599365234,54726100
2023-02-15 00:00:00-05:00,93.84275567149737,96.4547454186921,93.50508825709151,96.2759780883789,50169000
2023-02-16 00:00:00-05:00,94.7167258913076,97.01090015224685,94.09103649131777,94.85576629638672,42462600
2023-02-17 00:00:00-05:00,94.20028752420988,94.90542320133379,92.571521930855,93.7037124633789,34284100
2023-02-21 00:00:00-05:00,92.36296567753287,92.46227917896354,91.09173467409758,91.1612548828125,33629300
2023-02-22 00:00:00-05:00,91.07186212673855,91.4790573091785,89.98933214302377,91.02220916748047,30884000
2023-02-23 00:00:00-05:00,91.29035364966276,91.31022089448263,89.14515341427997,90.26741027832031,41206400
2023-02-24 00:00:00-05:00,88.82735191404939,89.27426645106479,87.9732421781732,88.51947021484375,36585100
2023-02-27 00:00:00-05:00,89.25440979003906,89.54242425273972,88.72803382757155,89.25440979003906,27502300
2023-02-28 00:00:00-05:00,88.71811217771574,90.60509913680653,88.70817855378289,89.44310760498047,30142000
2023-03-01 00:00:00-05:00,89.36365638021726,90.40645952118473,89.05577467248298,89.74105072021484,31111200
2023-03-02 00:00:00-05:00,89.04583690788485,91.64788518332035,88.97630913050227,91.36980438232422,32204400
2023-03-03 00:00:00-05:00,91.84653053055096,93.087968235955,91.81672966082834,93.00851440429688,35160100
2023-03-06 00:00:00-05:00,93.37597339821141,95.31262072930046,93.35611372922939,94.4783706665039,32639300
2023-03-07 00:00:00-05:00,94.32941012372648,95.01467861504145,92.88933777532736,93.21707916259766,27835500
2023-03-08 00:00:00-05:00,93.47529384441702,95.30268646381667,93.3561130999254,93.60440063476562,34103300
2023-03-09 00:00:00-05:00,93.40576740123382,94.87562526615336,91.27049322874895,91.68761444091797,28813500
2023-03-10 00:00:00-05:00,91.53864552759404,92.15440133504755,89.78077313404465,90.00919342041016,35941000
2023-03-13 00:00:00-04:00,89.47289113745587,91.93590678175909,88.80748237211967,90.48590850830078,37335600
2023-03-14 00:00:00-04:00,91.92597154460599,93.7136447693308,91.806798381047,93.3263168334961,36050200
2023-03-15 00:00:00-04:00,92.58145687000861,96.26604296450648,92.00542797274241,95.45166015625,50622100
2023-03-16 00:00:00-04:00,95.54103889104195,100.49686346498038,94.84583683514583,99.63282012939453,65492000
2023-03-17 00:00:00-04:00,99.57323488486855,102.13555648041809,99.41432722588,100.92391967773438,61028500
2023-03-20 00:00:00-04:00,99.43419347981462,101.05302545965556,99.18590594797273,100.52665710449219,32960400
2023-03-21 00:00:00-04:00,100.55645742962116,104.38008417201192,100.52666413605763,104.2013168334961,42110300
2023-03-22 00:00:00-04:00,103.55576297366062,105.8598710222932,102.62220698360557,102.66193389892578,43427400
2023-03-23 00:00:00-04:00,104.34035358194444,105.5718652382067,103.7444650002461,104.87665557861328,40797800
2023-03-24 00:00:00-04:00,104.27083604812334,104.76741114179761,103.12871181724563,104.71775817871094,30393300
2023-03-27 00:00:00-04:00,103.90337141301279,104.04241182783166,101.23179508502922,101.75816345214844,31120900
2023-03-28 00:00:00-04:00,101.73829691402915,101.74822295932152,99.05678714399609,100.33795166015625,32057900
2023-03-29 00:00:00-04:00,101.5793832620401,101.78794385786446,99.96055145037478,100.69548034667969,28779600
2023-03-30 00:00:00-04:00,100.21878081953102,100.46706834599645,99.09651635054152,100.19891357421875,33086200
2023-03-31 00:00:00-04:00,100.60611500458978,103.1783703015433,100.34789383942677,103.01947021484375,36863400
2023-04-03 00:00:00-04:00,101.68864224254398,103.81398293626825,101.23179408733668,103.64514923095703,25035400
2023-04-04 00:00:00-04:00,103.6153575922124,104.85679528719108,103.32734313772123,104.002685546875,24420100
2023-04-05 00:00:00-04:00,105.05542649237262,105.37323425192203,102.9499529267833,103.75440216064453,28290500
2023-04-06 00:00:00-04:00,104.53898710670686,108.42220026038169,103.6153571623888,107.67733764648438,48711500
2023-04-10 00:00:00-04:00,106.24720898582663,106.85302362121595,104.39994905536618,105.71090698242188,27067400
2023-04-11 00:00:00-04:00,105.82014154763685,105.99890886088663,103.96294821427152,104.62835693359375,26311800
2023-04-12 00:00:00-04:00,105.84993901307934,106.018772710828,103.62527734328293,103.92322540283203,24370300
2023-04-13 00:00:00-04:00,105.11500961516911,106.75370889955026,105.11500961516911,106.69412231445312,24843600
2023-04-14 00:00:00-04:00,106.15781182005027,108.19377252209617,106.10815128502132,108.12425231933594,26578000
2023-04-17 00:00:00-04:00,103.94309352521483,105.43281868126573,103.80404553968684,105.2441177368164,37571200
2023-04-18 00:00:00-04:00,105.76055392984837,105.81021446659526,103.3571324631272,103.78418731689453,26596400
2023-04-19 00:00:00-04:00,102.87048871639287,104.26090036560062,102.36398004606087,103.46637725830078,20905700
2023-04-20 00:00:00-04:00,103.19823452834045,105.52220221540108,103.15850761354443,104.56877899169922,27820800
2023-04-21 00:00:00-04:00,104.74754434617613,105.27391269732128,104.06226833884085,104.68795776367188,25800100
2023-04-24 00:00:00-04:00,104.76740235294118,105.89959286536913,103.9828128614983,105.2441177368164,23542800
2023-04-25 00:00:00-04:00,105.10508198445909,105.95919171793508,103.12870773434398,103.13864135742188,46664100
2023-04-26 00:00:00-04:00,104.20131406851206,105.62151911538743,101.92699926885099,102.99960327148438,53347600
2023-04-27 00:00:00-04:00,103.73453629382233,107.62769087152307,102.83077354378922,106.85302734375,50089200
2023-04-28 00:00:00-04:00,106.30679582140083,106.61466995148949,104.37014843058833,106.604736328125,36139800
2023-05-01 00:00:00-04:00,106.10815596080403,107.2502801225946,106.0882962921976,106.46569061279297,26681700
2023-05-02 00:00:00-04:00,106.4061047175776,106.46569130091618,102.99959945592909,104.59857177734375,30997200
2023-05-03 00:00:00-04:00,104.80713092868038,106.75370425420495,104.2410356634877,104.68795776367188,21795400
2023-05-04 00:00:00-04:00,104.76740834360812,104.8766554674694,103.25782343309649,103.97289276123047,23419500
2023-05-05 00:00:00-04:00,104.10199259276817,105.15472926815787,103.39685693499452,104.84685516357422,26639300
2023-05-08 00:00:00-04:00,104.45952890885576,107.22048500326504,104.43966924058789,107.03178405761719,26511400
2023-05-09 00:00:00-04:00,107.64754689134159,109.3954933214144,106.45576971187144,106.61466979980469,36360100
2023-05-10 00:00:00-04:00,107.2304212898766,112.16637867324104,107.1906943752199,110.98452758789062,63153400
2023-05-11 00:00:00-04:00,114.60952346058797,117.11225838749655,113.62630697970965,115.7715072631836,78900000
2023-05-12 00:00:00-04:00,115.88075409322448,117.22150521421085,115.31465883871317,116.70507049560547,41102300
2023-05-15 00:00:00-04:00,115.31466013159502,117.66842862523404,115.21534663580364,115.71192169189453,36266800
2023-05-16 00:00:00-04:00,115.69205805683869,119.92287978836107,115.63247147293116,118.69137573242188,45035600
2023-05-17 00:00:00-04:00,118.79069754797297,120.83658456146485,118.07562818248286,120.01226806640625,33323600
2023-05-18 00:00:00-04:00,120.12150510967228,122.46534002102402,120.00233194352047,121.98863220214844,35234200
2023-05-19 00:00:00-04:00,122.7037026780781,125.10712419543219,121.31329096834843,121.91911315917969,41353400
2023-05-22 00:00:00-04:00,122.0978731372896,125.56396479141199,121.89923857520877,124.19342041015625,35253000
2023-05-23 00:00:00-04:00,123.30952047024783,123.77629465403467,121.37287322241473,121.72047424316406,34046300
2023-05-24 00:00:00-04:00,120.29035552447165,121.07494509546325,119.03898414491616,120.07186126708984,34182600
2023-05-25 00:00:00-04:00,123.66706298908738,124.46158620190747,121.12460083147897,122.63419342041016,42317000
2023-05-26 00:00:00-04:00,122.32630812788905,124.40199598281583,121.61123877264411,123.7564468383789,35635900
2023-05-30 00:00:00-04:00,124.77939071533267,124.79925796255891,121.16432458789733,122.82288360595703,35076700
2023-05-31 00:00:00-04:00,121.90918533877162,123.21020965782616,121.66089779225682,122.02836608886719,37325800
2023-06-01 00:00:00-04:00,121.97869907015976,123.56773776803037,121.78007207435125,122.8725357055664,30772700
2023-06-02 00:00:00-04:00,123.14068238937887,125.28589030532665,122.91226210287383,123.81602478027344,26980100
2023-06-05 00:00:00-04:00,123.16055782498627,126.55712967396519,122.99171653318454,125.14685821533203,32305500
2023-06-06 00:00:00-04:00,125.14685186297365,127.41122540355373,124.50130275345192,126.43794250488281,26638300
2023-06-07 00:00:00-04:00,126.10027879089003,128.15609177061813,121.28350196296054,121.66089630126953,52539000
2023-06-08 00:00:00-04:00,121.39275507491422,122.38590529778074,120.40953089873925,121.3033676147461,29389200
2023-06-09 00:00:00-04:00,121.41261327135108,122.9122722112698,121.07494583670085,121.39275360107422,23778300
2023-06-12 00:00:00-04:00,121.94890708399343,123.20027838695897,120.8266501491064,122.79308319091797,28306400
2023-06-13 00:00:00-04:00,124.12391285793474,124.30268019345986,122.33623950268348,122.9817886352539,22278300
2023-06-14 00:00:00-04:00,122.25678829416454,123.2002855319085,120.61808894619637,122.82288360595703,30592300
2023-06-15 00:00:00-04:00,122.2964994259107,124.60060729299288,121.56157049323058,124.23313903808594,35246300
2023-06-16 00:00:00-04:00,125.0673997869077,125.24616711855725,122.43555035095251,122.683837890625,45535600
2023-06-20 00:00:00-04:00,122.08794882394656,123.7167144715317,121.30335929245436,122.25678253173828,26097500
2023-06-21 00:00:00-04:00,121.56157701225514,121.8197981667708,119.2773286902029,119.72425079345703,30306300
2023-06-22 00:00:00-04:00,119.17801777862638,122.39582213705168,118.01603392379701,122.30644226074219,26952200
2023-06-23 00:00:00-04:00,120.5485528545616,121.94889809128166,120.23074513502094,121.5019760131836,34913600
2023-06-26 00:00:00-04:00,119.9328098317089,121.16431385089092,117.45986059347797,117.52938079833984,33969900
2023-06-27 00:00:00-04:00,116.27801731199209,118.26431754249225,115.30472686510802,117.51945495605469,39535900
2023-06-28 00:00:00-04:00,116.28794321343172,119.56534162054723,116.04958930766475,119.35678100585938,27091400
2023-06-29 00:00:00-04:00,118.42322773873825,119.23761059973769,117.4896717030926,118.28418731689453,24090900
2023-06-30 00:00:00-04:00,119.3468553444313,120.25062564550082,118.87014750109746,118.88007354736328,29532200
2023-07-03 00:00:00-04:00,118.42321450872616,119.3667116396996,118.00609328979502,119.07869720458984,14467900
2023-07-05 00:00:00-04:00,118.42322188319095,121.77014061981656,118.4132958372177,120.91603088378906,27584800
2023-07-06 00:00:00-04:00,118.97938784922883,119.47596291107514,117.58897616063236,119.28726196289062,24745200
2023-07-07 00:00:00-04:00,119.27733118880711,120.2208283751295,118.58212911647212,118.66158294677734,21709500
2023-07-10 00:00:00-04:00,117.48965452508138,117.49958057009414,115.34444676948132,115.6523208618164,35315200
2023-07-11 00:00:00-04:00,115.49343222262571,116.9037036216299,114.55986865395298,116.33760833740234,23078800
2023-07-12 00:00:00-04:00,117.98624202290381,119.5057605551569,117.59891406672692,118.11534881591797,30404400
2023-07-13 00:00:00-04:00,120.1016475306422,123.97493461778386,119.62493212633821,123.68692016601562,44297900
2023-07-14 00:00:00-04:00,123.9451495447948,125.91158272225319,122.64411761403174,124.56089782714844,33283100
2023-07-17 00:00:00-04:00,125.07733004581449,126.22938025879756,123.34924336063862,123.7961654663086,25716200
2023-07-18 00:00:00-04:00,123.7465044333863,123.82595826213851,122.11773882963688,122.91226196289062,26193600
2023-07-19 00:00:00-04:00,123.74650254253834,124.32253142648887,120.96568677290944,121.19410705566406,37224000
2023-07-20 00:00:00-04:00,120.58828599937979,123.2399950067099,117.41020863971083,118.38349151611328,37906800
2023-07-21 00:00:00-04:00,119.79377211980879,120.16123282072522,117.91671896913194,119.1978759765625,72937900
2023-07-24 00:00:00-04:00,120.82665465609776,122.15747226159789,120.15131222994013,120.69754028320312,29686100
2023-07-25 00:00:00-04:00,120.52870291550938,122.3064425948192,120.19102792410442,121.37287902832031,52509600
2023-07-26 00:00:00-04:00,129.17902926561317,130.08278425880596,127.44101674554521,128.38450622558594,61682100
2023-07-27 00:00:00-04:00,130.76808123057597,132.32733427349476,127.90780388799678,128.5136260986328,44952100
2023-07-28 00:00:00-04:00,129.88415618727933,132.82388686420134,129.67560317302681,131.6718292236328,36591200
2023-07-31 00:00:00-04:00,131.82082387376738,132.61534707710356,130.87733419979864,131.81089782714844,28055500
2023-08-01 00:00:00-04:00,129.884165463508,131.72149916208852,129.78484439440243,130.64889526367188,23166800
2023-08-02 00:00:00-04:00,128.5632807351884,129.19889620943687,126.68622760387115,127.50061798095703,26273300
2023-08-03 00:00:00-04:00,127.09342158195221,128.50369292843845,126.54718598719074,127.57012939453125,20089500
2023-08-04 00:00:00-04:00,128.39444382141764,130.6091643030469,127.03383303266261,127.23246002197266,26147200
2023-08-07 00:00:00-04:00,128.2752674889027,130.70848214492673,128.13622708439468,130.6290283203125,22746300
2023-08-08 00:00:00-04:00,129.72525263284138,130.60915555721093,128.65264877726932,130.49990844726562,23535200
2023-08-09 00:00:00-04:00,130.75815086279874,131.1355376104998,128.11636785754888,128.7718505859375,24912900
2023-08-10 00:00:00-04:00,130.42049066551243,131.14548606346665,128.56328949903425,128.80165100097656,20857800
2023-08-11 00:00:00-04:00,127.77871720660644,129.0400071367673,127.29206811941127,128.67254638671875,19591100
2023-08-14 00:00:00-04:00,128.5036910412777,130.4701239992725,128.07664377163357,130.43040466308594,24695600
2023-08-15 00:00:00-04:00,130.20198716469977,130.51978732378583,128.3944466671007,128.89102172851562,19770700
2023-08-16 00:00:00-04:00,127.81842041015625,129.3875994550616,126.99411154985026,127.81842041015625,25216100
2023-08-17 00:00:00-04:00,128.91088665122683,131.08588780571418,128.40437039897924,129.03005981445312,33446300
2023-08-18 00:00:00-04:00,127.6297171477929,128.3646536960574,125.51431010865518,126.5869140625,30504800
2023-08-21 00:00:00-04:00,126.30883338188762,127.84821153156675,125.69307757573549,127.49067687988281,25248700
2023-08-22 00:00:00-04:00,127.62972840342931,129.3876085234466,127.44104259256599,128.19583129882812,22054900
2023-08-23 00:00:00-04:00,129.28827098070656,132.49615667103,128.98039687858824,131.46327209472656,27819700
2023-08-24 00:00:00-04:00,133.0324559222039,133.3304039899065,128.68246868911157,128.89102172851562,28500700
2023-08-25 00:00:00-04:00,128.65264341290467,129.86428761658883,126.3783365970317,128.99032592773438,26762900
2023-08-28 00:00:00-04:00,130.410527384116,131.63209767191532,129.2485436731459,130.11257934570312,20543300
2023-08-29 00:00:00-04:00,131.33418219305656,135.6345241905877,131.33418219305656,133.64822387695312,43075600
2023-08-30 00:00:00-04:00,133.85677802438667,135.34650327186472,133.15164989363763,134.94924926757812,28315800
2023-08-31 00:00:00-04:00,135.07835124446333,137.05472556870842,134.8598569913601,135.2372589111328,30053800
2023-09-01 00:00:00-04:00,136.51843204322375,136.51843204322375,133.9263094362553,134.7307586669922,21543700
2023-09-05 00:00:00-04:00,134.51223975734254,135.48552252379062,133.65813014270992,134.83998107910156,19403100
2023-09-06 00:00:00-04:00,135.0882981356743,135.59479929596694,132.75438904024102,133.5389862060547,18684500
2023-09-07 00:00:00-04:00,132.6749068695992,134.65128085502647,132.03929146615658,134.33346557617188,18844300
2023-09-08 00:00:00-04:00,133.98589926905944,135.72391214694886,133.9263126807864,135.44583129882812,23558300
2023-09-11 00:00:00-04:00,135.60468436002876,136.538247716059,134.85982191480443,135.98208618164062,20763400
2023-09-12 00:00:00-04:00,135.32662963976946,135.9324518179946,134.26396689359834,134.41293334960938,18405500
2023-09-13 00:00:00-04:00,134.16466114901567,135.9622606435177,133.2310975066341,135.77357482910156,20749500
2023-09-14 00:00:00-04:00,136.6574624161584,137.74991845433803,135.30677764834488,137.15403747558594,24751000
2023-09-15 00:00:00-04:00,137.0348453999781,137.5711549358485,135.5451202625324,136.4588165283203,38919600
2023-09-18 00:00:00-04:00,135.6742440861328,138.2067800272706,135.6742440861328,137.26329040527344,21861300
2023-09-19 00:00:00-04:00,136.4786884171114,137.46191249681675,135.6841652859194,137.0944366455078,20353700
2023-09-20 00:00:00-04:00,137.13416606327112,137.13416606327112,132.7047099998862,132.8238983154297,29927500
2023-09-21 00:00:00-04:00,130.53965894518316,131.32424090064023,129.17904808066385,129.5465087890625,31503900
2023-09-22 00:00:00-04:00,129.86430445123077,131.12560934891957,128.71226182736228,129.35780334472656,26397300
2023-09-25 00:00:00-04:00,128.94068310930032,130.27150064557682,128.0766473461499,130.2119140625,20094600
2023-09-26 00:00:00-04:00,128.88110828778912,129.46706328054253,126.34857219602962,127.6893310546875,25718700
2023-09-27 00:00:00-04:00,127.6893361771831,130.00336294677095,127.6893361771831,129.6458282470703,22746500
2023-09-28 00:00:00-04:00,128.9506195526447,132.38692594507856,128.9009590113203,131.40370178222656,22513100
2023-09-29 00:00:00-04:00,132.36706001789275,133.1317899299604,129.46706319600682,129.96363830566406,30859800
2023-10-02 00:00:00-04:00,130.3112601028697,133.49926414240053,130.27152560369373,133.2509765625,22288000
2023-10-03 00:00:00-04:00,133.02255484933656,133.34035506808445,130.93693313814498,131.52288818359375,22989400
2023-10-04 00:00:00-04:00,131.880399206417,134.64137051208016,131.6221856279351,134.31362915039062,26752300
2023-10-05 00:00:00-04:00,134.144775390625,134.5618965647018,132.5358621143103,134.144775390625,19832600
2023-10-06 00:00:00-04:00,133.0920354756824,137.2136173603073,133.0920354756824,136.63758850097656,27597600
2023-10-09 00:00:00-04:00,136.00197439996847,137.9882745602618,134.68108297486128,137.47183227539062,19278100
2023-10-10 00:00:00-04:00,137.55129206777264,138.76293643045838,136.3893082421022,137.1143035888672,27786600
2023-10-11 00:00:00-04:00,137.63075788905127,140.14342670743898,137.63075788905127,139.58726501464844,25884300
2023-10-12 00:00:00-04:00,140.08383585702484,140.25266956903684,137.3129383696769,138.01808166503906,24765500
2023-10-13 00:00:00-04:00,138.42526533908884,139.0410135497291,135.68416137323422,136.41909790039062,23420500
2023-10-16 00:00:00-04:00,137.22356395410557,138.6735699418657,137.0448041887176,138.14720153808594,28501900
2023-10-17 00:00:00-04:00,137.68039429249387,138.94168392670608,136.24031461737772,138.76292419433594,23515800
2023-10-18 00:00:00-04:00,138.4947833931161,139.75608830865576,136.4389704924277,137.01499938964844,23375000
2023-10-19 00:00:00-04:00,137.55128958091115,138.70334734005715,136.43896631236626,136.80642700195312,26066000
2023-10-20 00:00:00-04:00,136.38931869741043,136.9256131371894,134.1547307488375,134.67117309570312,26335700
2023-10-23 00:00:00-04:00,134.115011575596,136.71707570009383,133.03248137164513,135.5650177001953,26317900
2023-10-24 00:00:00-04:00,136.8858633822361,138.40538163730028,136.47866825394672,137.85914611816406,44814300
2023-10-25 00:00:00-04:00,127.28213165074476,127.43109811714302,124.21329363165228,124.74959564208984,84366200
2023-10-26 00:00:00-04:00,122.42561458962273,123.47835889189942,120.43931430693331,121.44239807128906,57061100
2023-10-27 00:00:00-04:00,122.03828847268005,122.4653433429545,119.38657937399506,121.3331527709961,44566500
2023-10-30 00:00:00-04:00,122.36602995491228,124.54103122378429,121.90918179187298,123.60746765136719,28940100
2023-10-31 00:00:00-04:00,124.20335492205861,124.51123661998803,121.84959392373723,123.23007202148438,26292300
2023-11-01 00:00:00-04:00,123.22013718892472,125.62355870184368,122.87253615641731,125.58383178710938,30082400
2023-11-02 00:00:00-04:00,127.54034444912548,128.09650612590542,126.06055280075913,126.61671447753906,27124600
2023-11-03 00:00:00-04:00,127.1430941962939,128.64274555866953,126.9841865255831,128.2156982421875,26393100
2023-11-06 00:00:00-05:00,128.16602622960193,129.44718321865057,127.78862433400963,129.35780334472656,19052700
2023-11-07 00:00:00-05:00,129.8146623938561,131.00643953950896,128.99034595326017,130.0728759765625,29757300
2023-11-08 00:00:00-05:00,130.0728843319122,131.30439604894627,129.88418336716097,130.93692016601562,26425800
2023-11-09 00:00:00-05:00,131.0560891965532,131.64204409766117,129.17903618057173,129.34786987304688,23747800
2023-11-10 00:00:00-05:00,129.2088437191894,131.89034615855235,128.52356767433983,131.68177795410156,26913300
2023-11-13 00:00:00-05:00,130.8773218098438,131.68177098364296,130.35095345774636,131.18519592285156,18324800
2023-11-14 00:00:00-05:00,133.27083007070482,134.7704814431392,132.4067942311074,132.70472717285156,32395200
2023-11-15 00:00:00-05:00,133.94614824111162,134.10505589307232,132.65506524316734,133.69786071777344,23861500
2023-11-16 00:00:00-05:00,134.26399357942154,136.28008750757928,133.39995765428856,135.9920654296875,28013200
2023-11-17 00:00:00-05:00,135.06842424103002,135.12801082704152,132.73451526045164,134.38314819335938,37240600
2023-11-20 00:00:00-05:00,132.7742344288309,135.72389133009685,132.70470665032983,135.3166961669922,27815500
2023-11-21 00:00:00-05:00,135.35643404163898,136.2403371131516,135.02870781151344,136.0317840576172,22635300
2023-11-22 00:00:00-05:00,136.52833405776215,138.46497356017844,136.52833405776215,137.54135131835938,17813900
2023-11-24 00:00:00-05:00,137.08451015366452,137.1838312275909,135.05849057227317,135.75369262695312,12514300
2023-11-27 00:00:00-05:00,135.098214546326,137.47184281366268,135.06842125397912,135.47561645507812,23436500
2023-11-28 00:00:00-05:00,135.14785445641968,136.30983814339234,134.4923718163018,136.2601776123047,18730000
2023-11-29 00:00:00-05:00,136.6276672242787,137.3427213579803,133.916356526449,134.06533813476562,23967200
2023-11-30 00:00:00-05:00,134.12491953523792,134.62149456857514,130.38073954068037,131.62217712402344,38988300
2023-12-01 00:00:00-05:00,130.956787109375,131.2050746615197,129.77493593648308,130.956787109375,31442300
2023-12-04 00:00:00-05:00,128.9903283387517,129.13929477876522,127.02388798210762,128.38450622558594,36669900
2023-12-05 00:00:00-05:00,128.06672315933784,131.23487491745817,127.37152100730603,130.09275817871094,27384800
2023-12-06 00:00:00-05:00,130.53965058532518,130.93690456062552,128.99033886567904,129.12937927246094,23576200
2023-12-07 00:00:00-05:00,134.11501193953129,137.61090529334692,133.7773444692806,135.9920654296875,56767100
2023-12-08 00:00:00-05:00,133.2807410653947,135.46566826562713,133.1119073660502,134.06533813476562,32260100
2023-12-11 00:00:00-05:00,131.47321332216674,132.42662891897587,130.4601959905728,132.37696838378906,31138000
2023-12-12 00:00:00-05:00,130.90713083098981,132.0889820423679,130.36089516762976,131.61227416992188,29032800
2023-12-13 00:00:00-05:00,132.4663754884051,132.5855486603067,130.66877609230048,131.66192626953125,30104800
2023-12-14 00:00:00-05:00,132.46636290932295,132.80403030049175,128.8016366786629,131.03622436523438,38722400
2023-12-15 00:00:00-05:00,130.71841340115773,132.59546651397721,130.28142492549298,131.69171142578125,50847100
2023-12-18 00:00:00-05:00,131.72151251769395,136.21054039619156,131.52287035934194,134.8697967529297,32258000
2023-12-19 00:00:00-05:00,135.90265968897415,136.52834911810746,135.14787104828332,135.71395874023438,25476800
2023-12-20 00:00:00-05:00,138.01806916656724,140.72936466802966,137.12424014761805,137.3923797607422,49107200
2023-12-21 00:00:00-05:00,138.5345227569631,139.72629993086744,138.22663347448133,139.45814514160156,27488300
2023-12-22 00:00:00-05:00,139.8057437045314,141.01738803787043,139.74615712326357,140.52081298828125,26532200
2023-12-26 00:00:00-05:00,140.62012603356706,141.7026560595198,140.22287203546634,140.5506134033203,16780300
2023-12-27 00:00:00-05:00,140.6201375358573,141.10678660446538,138.9317851744244,139.4084930419922,19628600
2023-12-28 00:00:00-05:00,139.8156753043673,140.1732099604458,138.7927318739171,139.26943969726562,16045700
2023-12-29 00:00:00-05:00,138.6735677093716,139.3985631144452,137.8293839750218,138.733154296875,18733000
2024-01-02 00:00:00-05:00,137.60095843072804,138.49478751777463,135.54513031454442,137.2235565185547,23711200
2024-01-03 00:00:00-05:00,136.3098554072648,138.67355756715372,136.14102170359678,137.96841430664062,24212100
2024-01-04 00:00:00-05:00,137.47182763523583,138.20676412527402,135.4160149189422,135.4557342529297,27137700
2024-01-05 00:00:00-05:00,135.8132951970394,136.22049043209554,134.22424875277005,134.80027770996094,22513900
2024-01-08 00:00:00-05:00,135.35644088283485,138.05781077474165,135.32664758768124,137.88897705078125,21404000
2024-01-09 00:00:00-05:00,137.55129746260243,140.52082190307192,137.2036888441302,139.98451232910156,24759600
2024-01-10 00:00:00-05:00,140.03415853912,142.02045866024227,139.94477867069364,141.30538940429688,21320200
2024-01-11 00:00:00-05:00,142.50712641269087,144.2252720005351,139.67664230562886,141.10678100585938,24008700
2024-01-12 00:00:00-05:00,141.6927340680432,142.21910245000933,140.8485655093565,141.67286682128906,18785500
2024-01-16 00:00:00-05:00,141.02731279231332,143.36122156572418,140.48107721191207,141.5139617919922,22670500
2024-01-17 00:00:00-05:00,140.38180337382323,140.86843733043412,137.9485729736841,140.5009765625,20968600
2024-01-18 00:00:00-05:00,141.07699481176041,143.22220297005774,141.01740822196385,142.4971923828125,25746400
2024-01-19 00:00:00-05:00,143.74856883402762,145.44684723016536,143.39103414732446,145.37733459472656,34271900
2024-01-22 00:00:00-05:00,146.09238746431797,147.37354444028344,144.84100862508816,144.989990234375,32200400
2024-01-23 00:00:00-05:00,144.89067452886135,146.17183155228614,144.5033465771963,146.0327911376953,21636100
2024-01-24 00:00:00-05:00,147.5225193379935,148.8235587881105,147.08554599350785,147.68142700195312,25233500
2024-01-25 00:00:00-05:00,149.0420537261972,152.00163699834405,148.5156701926149,150.8297119140625,29149100
2024-01-26 00:00:00-05:00,150.06500710843747,151.49513072238005,149.97561206972168,151.1475372314453,26115500
2024-01-29 00:00:00-05:00,151.01841608442453,152.72663563055315,150.39272661279912,152.45848083496094,27784300
2024-01-30 00:00:00-05:00,151.7533487161558,152.56772397377597,150.15437633934806,150.4225311279297,36331800
2024-01-31 00:00:00-05:00,142.63621252421888,143.01361441161524,138.91189964891637,139.1403350830078,71910000
2024-02-01 00:00:00-05:00,141.14651577713002,142.08007948375052,139.82562405970643,140.19309997558594,40466500
2024-02-02 00:00:00-05:00,138.3060853281464,141.64307045990364,135.56499635195138,141.40472412109375,62499600
2024-02-05 00:00:00-05:00,141.84172140070675,144.47356341654853,141.801986905598,142.69581604003906,38505400
2024-02-06 00:00:00-05:00,143.65916602671757,144.36430931528574,142.20917526492912,143.11294555664062,29128200
2024-02-07 00:00:00-05:00,143.76843478350764,144.62254466437855,142.9441181998776,144.5430908203125,25208900
2024-02-08 00:00:00-05:00,144.83109914199682,145.32767425453704,144.10610372088362,144.91055297851562,22563800
2024-02-09 00:00:00-05:00,145.6752695511064,148.41637390512574,145.17869443239508,147.97938537597656,26829500
2024-02-12 00:00:00-05:00,147.403342720252,148.3170390352505,146.3605320370219,146.51943969726562,21564100
2024-02-13 00:00:00-05:00,143.92731874169158,145.6653315141202,142.70574829340842,144.14581298828125,27837700
2024-02-14 00:00:00-05:00,145.0793785522992,145.5163670514816,143.10300425982211,144.94033813476562,22704200
2024-02-15 00:00:00-05:00,142.15952923247207,142.53693118494525,139.49789377934877,141.7920684814453,37590700
2024-02-16 00:00:00-05:00,142.0105467049223,142.20917370588808,139.18006268978624,139.55746459960938,31468900
2024-02-20 00:00:00-05:00,138.70336003010283,141.1067816862522,138.53452631527114,140.15335083007812,25144700
2024-02-21 00:00:00-05:00,140.4810913513108,141.71260304250615,139.71636146177912,141.5735626220703,23223300
2024-02-22 00:00:00-05:00,143.9372392880377,144.00676707032724,141.8218398421828,143.10299682617188,27191900
2024-02-23 00:00:00-05:00,142.68590065836958,143.68897699792953,142.44753913270992,142.9739227294922,19493800
2024-02-26 00:00:00-05:00,141.1663742553499,141.46432235767185,136.44891062377383,136.627685546875,53641800
2024-02-27 00:00:00-05:00,137.07458595594144,138.29615637950963,136.1509484496325,137.92869567871094,33099200
2024-02-28 00:00:00-05:00,136.95540871597794,137.06465584590177,134.48247437702784,135.44583129882812,37328600
2024-02-29 00:00:00-05:00,136.33965632120305,137.90883543358922,135.46567930816036,137.51158142089844,42133000
2024-03-01 00:00:00-05:00,137.4817642909518,137.91875276987585,135.98211306034264,136.2006072998047,31151100
2024-03-04 00:00:00-05:00,134.73074347371,134.73074347371,131.00643067415544,132.4365692138672,55999400
2024-03-05 00:00:00-05:00,130.97666367482282,132.32734866075268,129.7749451690699,131.76124572753906,40194800
2024-03-06 00:00:00-05:00,132.20812771862853,132.6649834022908,129.95368805180595,130.49990844726562,35318600
2024-03-07 00:00:00-05:00,131.88039821915834,134.01568007704142,130.70848834758843,133.4595184326172,37738200
2024-03-08 00:00:00-05:00,133.29069048269943,137.1441028229162,133.08212227990484,134.4824676513672,39370400
2024-03-11 00:00:00-04:00,135.1975299783761,138.14718703170163,135.1975299783761,136.7269744873047,32437800
2024-03-12 00:00:00-04:00,136.09135297378896,138.4252617016085,136.09135297378896,137.55128479003906,27563400
2024-03-13 00:00:00-04:00,138.04786134072793,140.12354137422258,138.0379352954484,138.8324432373047,23347200
2024-03-14 00:00:00-04:00,140.22286121787153,142.60641533113196,139.49786590784714,142.11978149414062,42753400
2024-03-15 00:00:00-04:00,141.52388652336936,142.19922130430962,139.07080461128953,140.21292114257812,49475400
2024-03-18 00:00:00-04:00,147.59204880216603,151.10779377020597,146.16191011880434,146.6684112548828,69273700
2024-03-19 00:00:00-04:00,147.14512212588627,147.7707963825931,145.0793681039668,146.02285766601562,24070400
2024-03-20 00:00:00-04:00,146.98620912870308,147.84031878791893,145.73484550652196,147.7211456298828,21311500
2024-03-21 00:00:00-04:00,148.44616000360566,149.33998911224745,145.89375674311398,146.58897399902344,24755600
2024-03-22 00:00:00-04:00,148.09853690756384,150.54169280238673,147.959496500819,149.73724365234375,29211800
2024-03-25 00:00:00-04:00,148.91293885124503,149.3499273505425,146.8074653411052,149.04205322265625,19229300
2024-03-26 00:00:00-04:00,149.1910248920745,151.21704464082924,148.9526633875218,149.637939453125,22149100
2024-03-27 00:00:00-04:00,150.1444219519495,150.60127765702768,147.88004097990625,149.8365478515625,22879200
2024-03-28 00:00:00-04:00,149.81669475267208,150.3927084599446,149.14134482200646,149.89613342285156,24485400
2024-04-01 00:00:00-04:00,149.65778808095055,154.67319901919112,149.5783342559848,154.42491149902344,31730800
2024-04-02 00:00:00-04:00,152.448545024683,153.64032215037406,151.1077862868628,153.50128173828125,24586000
2024-04-03 00:00:00-04:00,152.54786018366337,154.01771807653932,151.68380929877364,153.8588104248047,24705000
2024-04-04 00:00:00-04:00,152.4485431723482,153.7098480658943,149.41943228041532,149.49888610839844,34724700
2024-04-05 00:00:00-04:00,149.00230145399445,152.36907953234603,148.57525420463722,151.45538330078125,23459200
2024-04-08 00:00:00-04:00,151.73349361287455,154.2064431848851,151.56465988929844,153.78932189941406,20702000
2024-04-09 00:00:00-04:00,155.02081218686513,157.4738944107065,154.12698306219647,155.52732849121094,31079500
2024-04-10 00:00:00-04:00,155.13999287301036,155.5372468745642,153.6204591891085,155.07046508789062,22838600
2024-04-11 00:00:00-04:00,155.83519407658596,158.58620908812793,155.38827953878376,158.3180694580078,27166400
2024-04-12 00:00:00-04:00,156.87800209265978,159.12251594365648,156.06361170739086,156.64956665039062,25353700
2024-04-15 00:00:00-04:00,157.77184090027146,158.1492428244945,153.5310853159215,153.7992401123047,27136500
2024-04-16 00:00:00-04:00,153.13380842636792,154.58379901101057,152.3790046906613,153.3423614501953,20779500
2024-04-17 00:00:00-04:00,154.55402627985885,156.0040322116408,153.5211567597512,154.40505981445312,21763100
2024-04-18 00:00:00-04:00,154.275921257768,155.864967359591,153.56085202737432,154.9413299560547,19883000
2024-04-19 00:00:00-04:00,155.13004750565483,155.28895516371534,151.25676805460682,153.0345001220703,32615600
2024-04-22 00:00:00-04:00,153.252996179296,156.56018797481067,153.004708643485,155.20950317382812,26446200
2024-04-23 00:00:00-04:00,155.88483566115886,157.8810617695658,155.20948575930765,157.17591857910156,21151600
2024-04-24 00:00:00-04:00,156.41124269561158,158.47699709180742,156.09342733268733,158.04000854492188,22779100
2024-04-25 00:00:00-04:00,150.2934175121377,155.4180760423038,149.8365617646382,154.93142700195312,57109700
2024-04-26 00:00:00-04:00,173.17560811958387,173.51329072938805,168.48793762231108,170.77218627929688,64665300
2024-04-29 00:00:00-04:00,167.9019726128003,168.38862167278765,164.07835338468118,165.01190185546875,45610000
2024-04-30 00:00:00-04:00,164.47561025657222,166.94855978571303,161.48623351871703,161.6649932861328,33562900
2024-05-01 00:00:00-04:00,163.17455252362853,165.97522772052255,161.97283432266374,162.73756408691406,33493200
2024-05-02 00:00:00-04:00,163.6611865828327,165.5879000634434,162.76735761859345,165.47865295410156,24294500
2024-05-03 00:00:00-04:00,166.41222152550228,166.80949064181576,161.93312021322197,166.09442138671875,34662400
2024-05-06 00:00:00-04:00,166.31293186931515,166.98826670166156,164.89271926535207,166.94854736328125,21871300
2024-05-07 00:00:00-04:00,167.34578737133612,170.5834511551503,167.23654025708916,170.0769500732422,28039700
2024-05-08 00:00:00-04:00,167.84240089264546,168.98451767724796,167.5841872698866,168.2198028564453,19569100
2024-05-09 00:00:00-04:00,168.22970402279228,169.5208022541753,167.02798566826758,168.79580688476562,15346700
2024-05-10 00:00:00-04:00,166.87901799355728,168.68655853520565,165.05162536004164,167.49476623535156,29799900
2024-05-13 00:00:00-04:00,163.13483724153954,168.12045520894833,162.87662365956714,167.98141479492188,31327600
2024-05-14 00:00:00-04:00,168.60711477724234,170.0769728394624,167.64375786472982,169.17320251464844,25127100
2024-05-15 00:00:00-04:00,169.46121142592096,171.46736377620064,169.3420231054926,171.3283233642578,26948400
2024-05-16 00:00:00-04:00,172.1029744570571,173.9204409616944,171.50709348859317,172.98687744140625,27867900
2024-05-17 00:00:00-04:00,172.98689196767407,175.0625873717897,172.50025807570452,174.85401916503906,24479300
2024-05-20 00:00:00-04:00,174.9831344869509,177.545463796925,174.8738873598263,175.7081298828125,22554400
2024-05-21 00:00:00-04:00,175.68825488082155,176.92969256413505,174.60572485799662,176.6317596435547,16989400
2024-05-22 00:00:00-04:00,175.4300275271668,175.93652860666225,174.00983020298898,175.17181396484375,17880000
2024-05-23 00:00:00-04:00,175.85708314588058,177.02899290763057,171.7652947159893,172.36119079589844,21024900
2024-05-24 00:00:00-04:00,173.7814101180637,174.56600722798484,172.46051859158212,173.79135131835938,16579400
2024-05-28 00:00:00-04:00,173.2550411409201,176.0557318461207,173.1755873101766,175.19168090820312,20572200
2024-05-29 00:00:00-04:00,174.228332329354,175.62867774851856,173.52320417367446,174.6951141357422,23388700
2024-05-30 00:00:00-04:00,173.99992196516303,174.01978921349524,170.61327595235952,170.93109130859375,22931500
2024-05-31 00:00:00-04:00,170.6827744434952,171.8745515162422,168.27935305307957,171.31838989257812,37638900
2024-06-03 00:00:00-04:00,171.35812097814537,173.33449524100553,169.9875840699293,171.9838104248047,27459100
2024-06-04 00:00:00-04:00,172.09304724693698,172.6591500751279,170.71256922107634,172.59954833984375,26879600
2024-06-05 00:00:00-04:00,173.99991262434497,175.43997738858263,172.73860762269004,174.20848083496094,22068500
2024-06-06 00:00:00-04:00,174.69509279578756,175.9365303942632,174.5461263456775,175.5194091796875,23251000
2024-06-07 00:00:00-04:00,175.83723941639084,176.65161466995326,173.10607646773101,173.26498413085938,19661400
2024-06-10 00:00:00-04:00,173.97090097400908,176.04896317552084,171.77351367054146,174.0106658935547,23726700
2024-06-11 00:00:00-04:00,175.21378603801926,175.83024098669136,172.77777855811084,175.6114959716797,21540600
2024-06-12 00:00:00-04:00,177.23217556405126,179.379845400023,175.10439577424404,176.77479553222656,27864700
2024-06-13 00:00:00-04:00,175.10440825817855,175.7308157979112,173.8814358359176,174.1598358154297,20913300
2024-06-14 00:00:00-04:00,173.2251852008677,176.04896483669535,173.1555776264317,175.78050231933594,18063600
2024-06-17 00:00:00-04:00,174.45811620425826,177.34155090633004,173.81181865264895,176.2279510498047,19618500
2024-06-18 00:00:00-04:00,176.1285226693017,176.3770951589655,173.10588787052086,174.09022521972656,21869900
2024-06-20 00:00:00-04:00,174.36862216738828,176.27765703426607,173.99080230638756,175.29331970214844,20160100
2024-06-21 00:00:00-04:00,175.9893366865349,179.81735940064124,175.60156417866833,178.6043243408203,57759000
2024-06-24 00:00:00-04:00,179.1312749634446,179.85710235428542,177.6497775263464,178.19664001464844,18298000
2024-06-25 00:00:00-04:00,178.59434958875684,183.23768166890378,178.39549464018754,182.9791717529297,23130200
2024-06-26 00:00:00-04:00,181.58716996899867,183.4564246712397,181.43801738044664,182.8300323486328,19839000
2024-06-27 00:00:00-04:00,183.12831553961882,184.98764806113232,182.9692406782277,184.35130310058594,18848900
2024-06-28 00:00:00-04:00,183.2675470494924,184.0729195526436,180.9210219534205,181.10992431640625,29156600
2024-07-01 00:00:00-04:00,181.98489431830802,182.8300468722603,180.2647768963167,181.94512939453125,16006100
2024-07-02 00:00:00-04:00,181.01047903209437,184.51038372241194,180.52327152009687,184.18226623535156,17372500
2024-07-03 00:00:00-04:00,183.794494490313,185.02740425917852,182.94934200477914,184.7589569091797,10242100
2024-07-05 00:00:00-04:00,184.7987479676004,189.77019818175984,184.7390929924964,189.51168823242188,20967500
2024-07-08 00:00:00-04:00,188.81566526397512,189.08412781251326,186.70777531519326,187.9506378173828,21035900
2024-07-09 00:00:00-04:00,189.22333223651012,190.26733979712682,187.64241473790693,187.9009246826172,15121400
2024-07-10 00:00:00-04:00,188.06994097173066,190.65510095160317,187.9506310307602,190.08834838867188,15952500
2024-07-11 00:00:00-04:00,188.76595095990965,189.77017833635344,184.02318370351583,184.51039123535156,25625800
2024-07-12 00:00:00-04:00,184.02319732602172,186.0416048375752,183.43656985987124,184.0132598876953,22898400
2024-07-15 00:00:00-04:00,183.86409734476058,187.16514729008762,183.86409734476058,185.46490478515625,16474000
2024-07-16 00:00:00-04:00,186.29017198367765,187.6026268731147,182.32294948626117,182.86981201171875,18290700
2024-07-17 00:00:00-04:00,181.92523630082098,182.5019263017259,178.8727588226684,179.9863739013672,20734100
2024-07-18 00:00:00-04:00,180.89116422058456,181.45791677729983,175.4623495627197,176.67538452148438,25315700
2024-07-19 00:00:00-04:00,177.85860388752832,179.2605412872754,176.11859635003367,176.64556884765625,18881900
2024-07-22 00:00:00-04:00,179.5588249067722,181.65677738382092,179.20087990499312,180.63265991210938,24100300
2024-07-23 00:00:00-04:00,181.01049348787305,182.5615834257329,180.50339588934585,180.75196838378906,36352700
2024-07-24 00:00:00-04:00,172.60873427607675,175.18394149926314,170.83889945173814,171.64427185058594,49585200
2024-07-25 00:00:00-04:00,171.5348983988805,172.4297532433613,166.23533139265734,166.32481384277344,44852000
2024-07-26 00:00:00-04:00,166.19553938370566,167.13017425343986,163.1231874434032,166.04640197753906,41336900
2024-07-29 00:00:00-04:00,167.86598124081036,169.45683612568504,167.03078128837655,168.56198120117188,20293800
2024-07-30 00:00:00-04:00,169.2679245935279,170.2522619227889,167.47819966988007,169.317626953125,18959700
2024-07-31 00:00:00-04:00,172.25080624759823,173.25503369271337,169.03923860189312,170.5605010986328,25729100
2024-08-01 00:00:00-04:00,169.2778602255202,173.0561649858844,167.9156878792241,169.78494262695312,24531400
2024-08-02 00:00:00-04:00,165.4896290110481,167.54780140914312,163.729731473792,165.7083740234375,29130100
2024-08-05 00:00:00-04:00,154.61209547201543,163.49109791672467,154.04534288788773,158.34068298339844,53630700
2024-08-06 00:00:00-04:00,158.42022424958387,159.65314928592488,155.51689933013026,157.3861541748047,49004600
2024-08-07 00:00:00-04:00,160.329247442372,162.0493647327587,157.56512271570298,158.03244018554688,25138600
2024-08-08 00:00:00-04:00,159.59348752582613,162.75533771588556,159.29521265364664,161.1048126220703,25578800
2024-08-09 00:00:00-04:00,159.09633805981707,162.8547530607689,158.15176559045875,162.73544311523438,28602300
2024-08-12 00:00:00-04:00,163.41156183996847,163.95840918346863,160.9158843175958,161.36331176757812,15895300
2024-08-13 00:00:00-04:00,162.47692353255772,163.78937837052388,162.03943352934883,163.22264099121094,18551700
2024-08-14 00:00:00-04:00,161.4726921823738,162.28801727613745,156.8094847615611,159.45428466796875,40591100
2024-08-15 00:00:00-04:00,159.58353231405633,160.71702221708418,158.69861489126848,160.37896728515625,31524300
2024-08-16 00:00:00-04:00,160.54801288666866,164.11751046492753,160.20995791655398,162.02951049804688,24208600
2024-08-19 00:00:00-04:00,164.33622991201835,165.73818228196367,163.32204998783882,165.71829223632812,22416200
2024-08-20 00:00:00-04:00,165.9470028325088,167.67707297668008,165.8674729797842,166.22540283203125,18341500
2024-08-21 00:00:00-04:00,164.20696955757205,165.89727451091318,163.72971465758596,164.90298461914062,22902000
2024-08-22 00:00:00-04:00,166.3049195405105,166.63303702086546,162.3774775565528,162.86468505859375,22493300
2024-08-23 00:00:00-04:00,163.77943106089057,165.2310857967722,162.89451367016122,164.67428588867188,13955700
2024-08-26 00:00:00-04:00,165.42997242725056,166.59328988817313,163.52093747817295,165.2112274169922,14190400
2024-08-27 00:00:00-04:00,164.89304984017366,165.489629908409,163.5209399578905,163.7396697998047,11821900
2024-08-28 00:00:00-04:00,164.0976024292579,164.65441753105478,160.6076502567984,161.9201202392578,16407400
2024-08-29 00:00:00-04:00,163.3717686267491,165.02229347755116,159.3349541198825,160.85621643066406,19699800
2024-08-30 00:00:00-04:00,161.69142770230633,162.72549775211684,160.76674532612375,162.4470977783203,22123800
2024-09-03 00:00:00-04:00,160.7965764689147,160.9258390209967,155.5864915219748,156.4614715576172,38945300
2024-09-04 00:00:00-04:00,155.76547872304474,158.09211373684093,155.06947874092558,155.55667114257812,19353800
2024-09-05 00:00:00-04:00,155.40752807028366,158.5395354620366,155.08934799190737,156.3421630859375,18688700
2024-09-06 00:00:00-04:00,156.4018018567198,156.92877428174015,149.69034513675084,150.0582275390625,37912100
2024-09-09 00:00:00-04:00,151.84038676215715,152.72647853587526,146.57361962907186,148.0570831298828,39260500
2024-09-10 00:00:00-04:00,149.78941235994157,150.60581925736298,147.6886761823768,148.0072784423828,31118800
2024-09-11 00:00:00-04:00,149.26176148971257,150.83482618648793,146.8723049733769,150.49632263183594,29607700
2024-09-12 00:00:00-04:00,153.1247267348267,154.14025256310887,151.97976682488095,154.0108184814453,29621500
2024-09-13 00:00:00-04:00,154.7475604574538,157.6846203163579,154.5285403677334,156.76866149902344,29591200
2024-09-16 00:00:00-04:00,156.61930555531896,157.555180781803,155.91243141908913,157.3660125732422,18379800
2024-09-17 00:00:00-04:00,158.32179756550258,159.84507860249886,157.68460821141127,158.6204833984375,20715600
2024-09-18 00:00:00-04:00,159.1581209112091,159.79531032602117,157.9036585234899,159.10833740234375,23677300
2024-09-19 00:00:00-04:00,162.99119916242833,163.0708345347074,160.6315948782322,161.42808532714844,26587700
2024-09-20 00:00:00-04:00,162.78213342108606,163.01111932448998,161.34845348503907,162.87173461914062,40896400
2024-09-23 00:00:00-04:00,163.6283970678755,164.76339107979564,160.9601562027871,161.13937377929688,24150900
2024-09-24 00:00:00-04:00,162.31419475907774,162.5033629705114,159.98447247380625,161.5774383544922,23332100
2024-09-25 00:00:00-04:00,160.7610436422212,162.09515653085376,160.59179187501798,160.7809600830078,18869200
2024-09-26 00:00:00-04:00,162.9215110711205,163.35958160947462,161.56748176702274,162.0155029296875,20319300
2024-09-27 00:00:00-04:00,162.09515427507873,164.97246466107853,161.91595188587257,163.2301483154297,21101300
2024-09-30 00:00:00-04:00,162.60292056233942,165.42048155404993,162.54317124235408,165.12181091308594,20413900
2024-10-01 00:00:00-04:00,166.95374422665532,168.41729127323546,163.85739835697947,166.25682067871094,28338100
2024-10-02 00:00:00-04:00,165.6893137329917,166.78449014447432,164.00673142434744,165.13177490234375,17760200
2024-10-03 00:00:00-04:00,163.68814431760305,165.90834901528822,163.2002902448892,165.13177490234375,15073100
2024-10-04 00:00:00-04:00,167.32210163999207,167.49135340314862,164.75342774448882,166.3264923095703,19047400
2024-10-07 00:00:00-04:00,166.98361369115,167.7402713838118,162.03543364200755,162.26441955566406,22463100
2024-10-08 00:00:00-04:00,163.22019363060423,164.0067183055417,162.15488437084886,163.65826416015625,23072700
2024-10-09 00:00:00-04:00,162.73233765666967,164.11623398118573,159.03863564722693,161.14932250976562,31181800
2024-10-10 00:00:00-04:00,160.16366845010265,162.35402113493024,159.695730848507,161.3683624267578,14144100
2024-10-11 00:00:00-04:00,161.41814270869355,163.18036025385564,160.53205102817606,162.5232696533203,15344300
2024-10-14 00:00:00-04:00,162.9215061976869,165.50013065374594,162.6825544952434,164.2357177734375,19016100
2024-10-15 00:00:00-04:00,165.06207349535208,166.94377462807307,163.90717815283185,164.73353576660156,20247200
2024-10-16 00:00:00-04:00,163.8075910141305,165.07201903329403,163.0210663798458,164.43482971191406,16406000
2024-10-17 00:00:00-04:00,165.0023394488277,165.63952884881675,162.04537835418347,162.21463012695312,21453400
2024-10-18 00:00:00-04:00,162.47349822564962,163.98682874694387,162.36398058545478,162.70248413085938,19757700
2024-10-21 00:00:00-04:00,162.234547045473,163.77774463817317,161.90599412379152,163.34963989257812,20946500
2024-10-22 00:00:00-04:00,162.26441234616763,165.0421710211609,162.26441234616763,164.41493225097656,16568100
2024-10-23 00:00:00-04:00,164.0365946612512,165.09195335667494,161.21901831548328,162.06529235839844,18280500
2024-10-24 00:00:00-04:00,162.11507183508752,162.61287650871054,160.3030555310391,162.00555419921875,22412500
2024-10-25 00:00:00-04:00,162.95137630402328,164.86294438388538,162.70247397291948,164.5443572998047,19828900
2024-10-28 00:00:00-04:00,168.0090925340481,168.0090925340481,163.23016419694298,165.98800659179688,32138600
2024-10-29 00:00:00-04:00,166.99356224559247,169.63193629969666,166.35637283025375,168.93499755859375,42169000
2024-10-30 00:00:00-04:00,179.88667593834245,181.22080390832798,173.29574742034202,173.69400024414062,68890800
2024-10-31 00:00:00-04:00,172.36983860201502,176.0436392565969,170.24918598538505,170.35870361328125,44769000
2024-11-01 00:00:00-04:00,169.32328866587017,171.56340969304173,168.13851111414587,170.5379180908203,31796500
2024-11-04 00:00:00-05:00,169.18389067835992,169.98038120201446,167.27232253666486,168.49693298339844,21492700
2024-11-05 00:00:00-05:00,168.6860840596654,169.78126041606683,168.09867819204692,168.99473571777344,18242100
2024-11-06 00:00:00-05:00,173.03690778369432,176.16312052987965,172.7382219408271,175.73500061035156,33695500
2024-11-07 00:00:00-05:00,176.63104381425407,180.2849280033995,176.41200856003462,179.9563751220703,25352900
2024-11-08 00:00:00-05:00,179.85681428948374,180.10571661492824,177.2981062836462,177.56692504882812,22006200
2024-11-11 00:00:00-05:00,177.79590334371593,179.7572547998241,177.68638571752442,179.55813598632812,17450400
2024-11-12 00:00:00-05:00,179.03048606955645,181.68876129211964,178.60236613626623,180.82257080078125,25134900
2024-11-13 00:00:00-05:00,179.66765368671196,180.16545831655327,177.75607053934468,178.09458923339844,23184000
2024-11-14 00:00:00-05:00,177.49723958577857,178.03487716000262,173.55463493650558,174.80909729003906,31007500
2024-11-15 00:00:00-05:00,172.96721191394371,173.37541540242353,170.46823785970153,171.732666015625,32504600
2024-11-18 00:00:00-05:00,172.6585688053745,174.6697039128958,172.1408476982141,174.5303192138672,20135300
2024-11-19 00:00:00-05:00,172.95724636134872,178.08462810700078,172.7979452295751,177.33792114257812,23434900
2024-11-20 00:00:00-05:00,176.56136580560948,176.8998693526181,173.0169988032986,175.20733642578125,18997100
2024-11-21 00:00:00-05:00,173.1364567662256,173.36545785068716,162.98124461770655,166.8939971923828,59734400
2024-11-22 00:00:00-05:00,165.12181631038618,165.7291386198519,163.18036592990532,164.03659057617188,38604600
2024-11-25 00:00:00-05:00,165.36074656125817,167.88960271467622,164.88285834642193,166.9138946533203,33135300
2024-11-26 00:00:00-05:00,166.89400838356315,169.07439539763973,166.844224875264,168.37745666503906,20486700
2024-11-27 00:00:00-05:00,168.25798309333703,168.73587133599466,167.28229016697128,168.48696899414062,19266500
2024-11-29 00:00:00-05:00,167.76016976407897,168.68607913599834,166.4260569265254,168.20819091796875,14257200
2024-12-02 00:00:00-05:00,168.02898676148365,171.32445113236562,167.82986793872016,170.73704528808594,23789100
2024-12-03 00:00:00-05:00,170.73705804160417,171.92182044267236,170.0998686460895,170.58770751953125,22248700
2024-12-04 00:00:00-05:00,170.39852227748662,174.14202289483944,170.30892108827348,173.60438537597656,31615100
2024-12-05 00:00:00-05:00,174.5900470301335,175.2869705000764,171.57335207382965,171.88198852539062,21356200
2024-12-06 00:00:00-05:00,171.27469092717953,174.31130276071772,171.10543914521764,173.94293212890625,21462400
2024-12-09 00:00:00-05:00,173.3947033817355,175.68721709610546,173.08569798716198,174.80010986328125,25389600
2024-12-10 00:00:00-05:00,182.2558298947272,185.75441857624554,180.46167600322863,184.5682830810547,54813000
2024-12-11 00:00:00-05:00,184.70782161706586,194.97435419169267,184.2493249317854,194.76502990722656,67894100
2024-12-12 00:00:00-05:00,194.36632666128313,194.54573443162946,191.08702455991943,191.33621215820312,34817500
2024-12-13 00:00:00-05:00,190.3892909926089,192.10370292043277,189.0237477931648,189.2031707763672,25143500
2024-12-16 00:00:00-05:00,192.2432425689094,198.3533273175459,191.99405497177682,196.02093505859375,44934900
2024-12-17 00:00:00-05:00,196.60901291047233,200.76546017959686,194.34638528405358,194.7849578857422,43504000
2024-12-18 00:00:00-05:00,194.58561039475242,196.35982485436523,187.12992181114345,187.7877655029297,34166100
2024-12-19 00:00:00-05:00,191.00727128528027,192.40271566857012,187.76783270124025,187.89739990234375,32265200
2024-12-20 00:00:00-05:00,185.1762848637503,192.263180692445,184.61810708296375,190.78799438476562,63462900
2024-12-23 00:00:00-05:00,191.99406521325346,194.46601725929617,189.5320904055188,193.99754333496094,25675000
2024-12-24 00:00:00-05:00,194.20684004621347,195.47271728515625,193.15028707875092,195.47271728515625,10403300
2024-12-26 00:00:00-05:00,194.51583613513964,196.11064287242172,193.7483492712215,194.96438598632812,12046600
2024-12-27 00:00:00-05:00,194.31649181567948,194.6852998142467,190.0304619572839,192.13360595703125,18891400
2024-12-30 00:00:00-05:00,189.18322257123907,191.92428607864605,188.50542441334892,190.61854553222656,14264700
2024-12-31 00:00:00-05:00,190.45907478557154,191.33622003458325,187.89741886934635,188.6848602294922,17466900
2025-01-02 00:00:00-05:00,190.03045932269364,191.37607845803336,186.89070161917323,188.81442260742188,20370800
2025-01-03 00:00:00-05:00,190.74812993915785,192.5821623375915,189.36264741338545,191.16676330566406,18596200
2025-01-06 00:00:00-05:00,193.34964695093382,197.57587431060844,193.22007973541784,196.23025512695312,29563600
2025-01-07 00:00:00-05:00,196.4694824542812,200.34684110917007,193.96764429186354,194.85475158691406,26487200
2025-01-08 00:00:00-05:00,191.944242637603,195.6521403419425,191.7548576174653,193.3197479248047,24864800
2025-01-10 00:00:00-05:00,193.66860495961419,195.88139205518456,189.69156540477465,191.4159393310547,26665200
2025-01-13 00:00:00-05:00,189.45234965681547,190.55872796393814,186.75114946876002,190.3892822265625,21823700
2025-01-14 00:00:00-05:00,190.6185379959385,191.35612350397113,187.69805162927054,189.04367065429688,17174900
2025-01-15 00:00:00-05:00,192.462522950062,195.72190087885951,191.23652426846428,194.91453552246094,21776000
2025-01-16 00:00:00-05:00,193.50911023082176,194.8447520350506,192.1834304546711,192.28311157226562,17815400
2025-01-17 00:00:00-05:00,195.89134409308565,196.58906629276984,193.1203793506233,195.36306762695312,27735100
2025-01-21 00:00:00-05:00,198.4231075033933,201.63262976778796,197.22699486763423,197.4064178466797,29971300
2025-01-22 00:00:00-05:00,198.41313252508547,199.82851627036754,196.88810562725033,197.72537231445312,26200600
2025-01-23 00:00:00-05:00,197.49612311807823,199.64910762651434,194.5656745164631,197.33663940429688,26951400
2025-01-24 00:00:00-05:00,197.45625853253006,200.24714745985025,197.35657740975262,199.5594024658203,23877500
2025-01-27 00:00:00-05:00,191.78474760627742,196.24022309921364,190.11019902992624,191.1866912841797,41728900
2025-01-28 00:00:00-05:00,192.1236428916819,194.84476727172617,190.06036222791346,194.6653594970703,24157900
2025-01-29 00:00:00-05:00,194.92450036864417,196.15049906796548,192.80141720875304,194.77499389648438,18218300
2025-01-30 00:00:00-05:00,197.35657072172015,200.74551585245214,197.02764127874622,200.2172393798828,24354700
2025-01-31 00:00:00-05:00,201.34358503753182,204.8122722439576,201.14423799517712,203.35702514648438,32001100
2025-02-03 00:00:00-05:00,200.03782657620917,203.08788015886492,199.44974753049775,200.57606506347656,27838300
2025-02-04 00:00:00-05:00,202.7290614411804,206.37717152288226,202.1509443892273,205.7093505859375,43856400
2025-02-05 00:00:00-05:00,190.4491175677977,192.12365103908184,187.41898765422886,190.70826721191406,70373900
2025-02-06 00:00:00-05:00,188.88420450981621,191.4757616843978,188.1067403992826,190.97738647460938,29297400
2025-02-07 00:00:00-05:00,190.42916818748597,190.5587353980611,182.64454994685505,184.7377166748047,49315000
2025-02-10 00:00:00-05:00,186.74120471977687,187.58843348505013,185.2560410594202,185.8640594482422,23105600
2025-02-11 00:00:00-05:00,184.42873780232077,186.332534845636,183.6811749516247,184.71780395507812,21239500
2025-02-12 00:00:00-05:00,182.62461937179498,184.5084771212101,181.23913684930665,183.0133514404297,22072600
2025-02-13 00:00:00-05:00,183.72104784589166,185.6746701852319,182.54487442146038,185.53512573242188,21402500
2025-02-14 00:00:00-05:00,184.45862127858567,185.79426312591357,183.7210357377169,184.62806701660156,20448400
2025-02-18 00:00:00-05:00,184.9968606492489,185.35569136345538,181.1494039060581,183.1728057861328,29916700
2025-02-19 00:00:00-05:00,183.47185603605197,184.85733850337527,182.99340488662492,184.66795349121094,19549400
2025-02-20 00:00:00-05:00,184.1994764251086,184.7078136523139,182.12623377404523,183.9602508544922,20441500
2025-02-21 00:00:00-05:00,184.54832157311532,184.73770657345142,178.49805484578573,179.076171875,35199200
2025-02-24 00:00:00-05:00,181.39859709291326,182.52491461772425,178.3086650022286,178.66749572753906,29854200
2025-02-25 00:00:00-05:00,177.46142612582926,178.15916354017307,174.1223215693703,174.84994506835938,41913400
2025-02-26 00:00:00-05:00,174.50109332110333,175.50780571224857,171.0224290795126,172.16868591308594,35431300
2025-02-27 00:00:00-05:00,173.4246033939964,173.99274319952536,167.3942605774098,167.9524383544922,39991000
2025-02-28 00:00:00-05:00,168.13183224034952,170.05556821596952,166.22805073838262,169.7266387939453,48130600
2025-03-03 00:00:00-05:00,171.37129548555112,172.80661854958163,165.39079285822712,166.46728515625,40770500
2025-03-04 00:00:00-05:00,165.69979362882594,172.72687185175528,165.2612210149662,170.3645782470703,45388000
2025-03-05 00:00:00-05:00,169.96587255835078,173.21527319761225,168.51061036713605,172.45774841308594,30954900
2025-03-06 00:00:00-05:00,169.97583927823808,174.24192964256372,169.94593798389218,171.78993225097656,28302000
2025-03-07 00:00:00-05:00,170.70347150998992,174.40142226145525,169.71669832775643,173.29502868652344,27385800
2025-03-10 00:00:00-04:00,167.906369246359,168.10596109578225,163.34598174937858,165.52139282226562,43604000
2025-03-11 00:00:00-04:00,164.56341811184632,166.39954739419704,161.03084947828359,163.6952362060547,39587400
2025-03-12 00:00:00-04:00,166.2299041704089,167.2876739545911,163.1863112454469,166.7587890625,28372400
2025-03-13 00:00:00-04:00,165.69104376890482,165.78086619728484,161.76931036259103,162.41793823242188,31756200
2025-03-14 00:00:00-04:00,162.92686119092454,166.14009496437765,162.10857726863358,165.14219665527344,31995900
2025-03-17 00:00:00-04:00,164.68315235917976,165.95048744156196,163.32601008577632,163.9447021484375,31184300
2025-03-18 00:00:00-04:00,163.3359896270705,163.90479897801157,156.39062585030788,160.3323211669922,42074800
2025-03-19 00:00:00-04:00,161.42003435006743,165.52139724714462,160.66163707283374,163.54556274414062,34275600
2025-03-20 00:00:00-04:00,161.23044451155243,164.5434591319573,160.62172590598882,162.45785522460938,28138500
2025-03-21 00:00:00-04:00,160.87119904116452,163.89482981108262,160.55186426165298,163.64535522460938,36625800
2025-03-24 00:00:00-04:00,166.71888755590038,167.96626051519195,164.79293578885944,167.3275909423828,30879100
2025-03-25 00:00:00-04:00,168.62485688475655,170.27139827842032,167.96625555401127,170.2015380859375,24174400
2025-03-26 00:00:00-04:00,168.64481068044992,169.2535292452292,164.49355014774926,164.7130889892578,28901600
2025-03-27 00:00:00-04:00,164.2840090226325,165.0723420135672,161.6595315089187,161.89903259277344,24508300
2025-03-28 00:00:00-04:00,160.15271877369267,161.4799254652425,153.30713518011623,154.0056610107422,48669300
2025-03-31 00:00:00-04:00,152.78821916221315,155.2131048785596,150.34337121509955,154.31500244140625,54603500
2025-04-01 00:00:00-04:00,153.29713724683472,157.7677327478603,153.29713724683472,156.73989868164062,30672900
2025-04-02 00:00:00-04:00,154.8239184605045,158.07707673307476,154.37486726125917,156.70994567871094,25041700
2025-04-03 00:00:00-04:00,150.79242377501242,152.4589122309581,150.07393572821033,150.4032440185547,46883400
2025-04-04 00:00:00-04:00,147.6989298070746,150.75251155896433,145.0744674917677,145.29400634765625,62259500
2025-04-07 00:00:00-04:00,141.25250603263527,152.52875975799608,140.2346455130815,146.4415740966797,76794100
2025-04-08 00:00:00-04:00,150.9021908364876,151.92005142460044,142.72940085243894,144.39588928222656,52200200
2025-04-09 00:00:00-04:00,144.11647401855745,159.21468052208976,143.6075513553121,158.37644958496094,70406200
2025-04-10 00:00:00-04:00,156.21099272991097,157.38852063839548,149.6148843769422,152.4988250732422,48022000
2025-04-11 00:00:00-04:00,152.5786587351614,157.33863834997953,152.4988402629555,156.80975341796875,33636200
2025-04-14 00:00:00-04:00,159.66374069863323,161.3801271292812,157.22886621670372,158.73570251464844,30333000
2025-04-15 00:00:00-04:00,158.79557178865275,159.3144679755199,154.8838120227522,155.9814910888672,27551500
2025-04-16 00:00:00-04:00,152.77823911437727,155.56236873164264,151.1915692108639,153.00775146484375,28187400
2025-04-17 00:00:00-04:00,153.96572710201332,154.3549068428226,148.1879024535801,150.84231567382812,33046600
2025-04-21 00:00:00-04:00,148.5671133790027,148.63695834662283,145.7929571438361,147.35964965820312,26049100
2025-04-22 00:00:00-04:00,148.57707765672205,151.8701451004615,148.22780716014373,151.1516571044922,26971800
2025-04-23 00:00:00-04:00,155.28296188170384,157.19892487451833,153.48674181759014,155.0235137939453,31128800
2025-04-24 00:00:00-04:00,155.82180972917425,159.2545822353842,155.4625657406937,158.9452362060547,45894000
2025-04-25 00:00:00-04:00,164.72309348828867,165.75092760525033,160.70154899383132,161.61962890625,56034000
2025-04-28 00:00:00-04:00,162.08862808839123,162.80711614692783,158.26669065633925,160.2724609375,29745800
2025-04-29 00:00:00-04:00,159.98307743122987,160.4021929284458,157.1889588897359,159.8234100341797,26809000
2025-04-30 00:00:00-04:00,157.6479788523033,158.93527626532435,155.07339925298186,158.4662628173828,34981100
2025-05-01 00:00:00-04:00,160.11277889105028,161.60962633825872,158.57602221167295,160.96099853515625,30203200
2025-05-02 00:00:00-04:00,163.0665800855699,164.62329914267073,161.5298080330937,163.68527221679688,25715000
2025-05-05 00:00:00-04:00,162.65743494943675,165.0424114540437,162.37802462287598,163.86489868164062,21341800
2025-05-06 00:00:00-04:00,161.82916262997554,164.4536399852438,160.85122657670271,162.88693237304688,21277200
2025-05-07 00:00:00-04:00,163.73516530126716,164.6532299684301,147.52929039730043,151.06185913085938,127490100
2025-05-08 00:00:00-04:00,154.67425284055003,155.6022910487671,152.57866009847342,153.9557647705078,57498700
2025-05-09 00:00:00-04:00,153.84598414229956,154.7241395477239,151.88012320852386,152.42897033691406,32435300
2025-05-12 00:00:00-04:00,157.15900583261154,158.76562267487037,155.9216064819518,158.12696838378906,44138800
2025-05-13 00:00:00-04:00,158.45626717049694,160.23254018461523,155.83180494907126,159.19471740722656,42382100
2025-05-14 00:00:00-04:00,159.6238271640479,166.64902486582008,159.27455664998826,165.02244567871094,48755900
2025-05-15 00:00:00-04:00,165.49145599350894,165.8606887311189,162.02874755770196,163.61541748046875,33146700
2025-05-16 00:00:00-04:00,167.3774855147182,168.99409119137468,165.27191939302787,165.84072875976562,42846900
2025-05-19 00:00:00-04:00,164.16425471766837,166.2897831099107,163.87487089127026,166.1899871826172,30426100
2025-05-20 00:00:00-04:00,166.08022402030295,168.1458810248048,162.55764387335125,163.6353759765625,46607700
2025-05-21 00:00:00-04:00,163.34598924433868,172.77612594690945,163.21625758160502,168.20574951171875,73416000
2025-05-22 00:00:00-04:00,171.48884617085898,176.3985044728025,170.35124260366135,170.51089477539062,74864400
2025-05-23 00:00:00-04:00,168.70469265151235,169.60281030274047,167.5371534089642,168.11593627929688,35211400
2025-05-27 00:00:00-04:00,169.80238932071725,172.80605791558804,169.6427219280191,172.53662109375,37995700
2025-05-28 00:00:00-04:00,172.79607866823434,174.90164475593082,171.5487057543554,171.9977569580078,34784000
2025-05-29 00:00:00-04:00,173.63431165912297,174.0534271359213,170.27139911620654,171.49880981445312,29317300
2025-05-30 00:00:00-04:00,170.98989433565492,171.84808755569938,167.0881079964574,171.3790740966797,52639900
2025-06-02 00:00:00-04:00,167.4872574240746,169.5129898808019,167.03820620651766,168.6747589111328,38612300
2025-06-03 00:00:00-04:00,167.13800921175007,168.12591888686956,164.9326470385699,165.83074951171875,45084900
2025-06-04 00:00:00-04:00,166.38956355967437,167.8664487405706,166.01035734329753,167.69680786132812,26900800
2025-06-05 00:00:00-04:00,169.98200425737,170.57076063975376,167.23778374687686,167.8564910888672,36379100
2025-06-06 00:00:00-04:00,170.47097086402252,174.1332558504034,170.47097086402252,173.31497192382812,35731800
2025-06-09 00:00:00-04:00,174.38402968862113,176.31231302715454,174.21418342483807,175.93264770507812,28935900
2025-06-10 00:00:00-04:00,176.04254985052344,180.94816607880887,174.7537092641778,178.44041442871094,61766100
2025-06-11 00:00:00-04:00,179.60936400867158,180.20881870896204,176.59205837486806,177.1915283203125,31646800
2025-06-12 00:00:00-04:00,176.02256609234394,176.56209210971562,174.59385119423692,175.54299926757812,20941900
2025-06-13 00:00:00-04:00,172.28591297451578,176.9717245091389,172.2359546046385,174.513916015625,27663100
2025-06-16 00:00:00-04:00,174.57385966373928,176.78189154925582,174.49392932110277,176.61204528808594,27389200
2025-06-17 00:00:00-04:00,175.5429937823964,177.20151408744945,174.4239994778565,175.7927703857422,24973000
2025-06-18 00:00:00-04:00,175.85271405711507,176.4022256326498,173.04522747911062,173.16513061523438,28707500
2025-06-20 00:00:00-04:00,173.79455416726213,174.18420505107113,165.312150640077,166.4910888671875,75659900
2025-06-23 00:00:00-04:00,166.1214256591391,167.19046158134836,161.85523705575486,165.04238891601562,57671000
2025-06-24 00:00:00-04:00,166.77084680791774,168.06968824197463,165.98155942026995,166.62098693847656,40524300
2025-06-25 00:00:00-04:00,167.48021861146748,172.2059878377665,167.40028826627824,170.52748107910156,35479000
2025-06-26 00:00:00-04:00,172.275909497391,173.53479332021178,169.78814431449064,173.38491821289062,31796700
2025-06-27 00:00:00-04:00,173.3849216100962,178.52032800475203,171.57654142712704,178.37046813964844,108140200
2025-06-30 00:00:00-04:00,180.6184624108643,181.0680572633364,174.4240054836315,176.07252502441406,63378900
2025-07-01 00:00:00-04:00,175.5829598377131,175.9326379218849,173.37492804100808,175.682861328125,35904500
2025-07-02 00:00:00-04:00,175.38312608280393,178.70016656024188,174.91356011283625,178.48036193847656,29128900
2025-07-03 00:00:00-04:00,178.34048951535135,179.50944215502514,176.89178830781478,179.36956787109375,21689700
2025-07-07 00:00:00-04:00,178.89999490759814,179.13978593904164,175.52301029591823,176.63201904296875,34175600
2025-07-08 00:00:00-04:00,177.691079951528,177.7909814447806,172.6555751408571,174.20419311523438,40442500
2025-07-09 00:00:00-04:00,175.09340252603724,179.27966092294577,172.61562283881983,176.46217346191406,43025600
2025-07-10 00:00:00-04:00,175.47306122205768,178.27054693495992,174.22417822695712,177.46127319335938,29252400
2025-07-11 00:00:00-04:00,176.6320206592132,181.26787392679407,176.32230010231936,180.02899169921875,34282900
2025-07-14 00:00:00-04:00,180.84823929966979,183.5058659137902,179.5194259926096,181.3977508544922,32536600
2025-07-15 00:00:00-04:00,182.6466456022175,184.05538933948807,181.4377353487915,181.83737182617188,33448300
2025-07-16 00:00:00-04:00,183.07626629854497,184.1652886399438,181.86734081977315,182.80650329589844,33104200
2025-07-17 00:00:00-04:00,181.9772389358081,183.89552139280437,180.31871865434178,183.41595458984375,31992600
2025-07-18 00:00:00-04:00,185.2343153104504,186.25340807875182,183.54583834733725,184.89462280273438,34014500
2025-07-21 00:00:00-04:00,186.08356432217508,190.11994741222205,185.98364758555138,189.9301300048828,45803100
2025-07-22 00:00:00-04:00,191.328882294876,191.47874216205827,187.29249900550474,191.1690216064453,44660200
2025-07-23 00:00:00-04:00,191.32888225818212,192.35796066638142,189.01094801184496,190.0600128173828,58681900
2025-07-24 00:00:00-04:00,196.85393348830104,197.7731095502254,190.8293230940032,191.99827575683594,74881700
2025-07-25 00:00:00-04:00,191.80844534575607,194.1563515198352,191.08908750710862,193.0073699951172,39785900
2025-07-28 00:00:00-04:00,193.47694913334269,193.87660084223495,190.6694625759226,192.4079132080078,38139500
2025-07-29 00:00:00-04:00,192.2580327538162,195.7449194968108,191.90835466905762,195.5750732421875,41389200
2025-07-30 00:00:00-04:00,195.42522371418744,197.42343657324804,194.51603320447785,196.35438537597656,32445400
2025-07-31 00:00:00-04:00,195.53512388567077,195.8148724632573,190.91924186518514,191.728515625,51329200
2025-08-01 00:00:00-04:00,188.86108179697592,190.65947636814528,187.65217158882444,188.96099853515625,34832200
2025-08-04 00:00:00-04:00,190.11995195242244,195.0955128481526,189.95010569222902,194.86570739746094,31547400
2025-08-05 00:00:00-04:00,194.5360207683401,197.68319994217242,193.71674617353807,194.4960479736328,31602300
2025-08-06 00:00:00-04:00,194.32618893507828,196.45429038129967,193.49692881868756,195.91476440429688,21562900
2025-08-07 00:00:00-04:00,196.88390160867925,197.36346840439734,194.15634544876863,196.34439086914062,26321800
2025-08-08 00:00:00-04:00,197.04376174071106,202.42894452614235,196.99380337261508,201.24000549316406,39161800
2025-08-11 00:00:00-04:00,200.76044484845534,201.29995560301907,198.8921207366326,200.8203887939453,25832400
2025-08-12 00:00:00-04:00,201.19005382143942,204.31726177746063,200.41075203769518,203.15829467773438,30397900
2025-08-13 00:00:00-04:00,203.94760013613634,204.3472366094903,197.33350521250262,201.779541015625,28342900
2025-08-14 00:00:00-04:00,201.31993610316366,204.2573113073674,201.05017311120625,202.75865173339844,25230400
2025-08-15 00:00:00-04:00,203.66784557245273,206.25552748751167,201.10013480886678,203.71778869628906,34931400
2025-08-18 00:00:00-04:00,204.01753247133055,205.08658368227987,202.30906899226142,203.3181610107422,18526600
2025-08-19 00:00:00-04:00,202.84857944432244,203.2582167438639,199.7813305987235,201.389892578125,24240200
2025-08-20 00:00:00-04:00,200.55061989251405,201.10013145192505,196.4243208994537,199.1418914794922,28955500
2025-08-21 00:00:00-04:00,199.57150268554688,202.29905887913935,199.25178132101763,199.57150268554688,19774600
2025-08-22 00:00:00-04:00,202.54883983863883,208.353645687597,201.12012497867053,205.9058380126953,42827000
2025-08-25 00:00:00-04:00,206.2455237198617,210.3318804204715,205.0965574752735,208.30369567871094,29928900
2025-08-26 00:00:00-04:00,207.32455950181813,207.66426725745978,205.5161793925774,206.95489501953125,28464100
2025-08-27 00:00:00-04:00,205.51617805576655,208.72331622375268,205.46621968804243,207.29458618164062,23022900
2025-08-28 00:00:00-04:00,207.0648053873533,212.0303655105851,206.71511204255788,211.4508819580078,32339300
2025-08-29 00:00:00-04:00,210.3218773757616,214.45817715575657,210.01215683893824,212.71974182128906,39728400
2025-09-02 00:00:00-04:00,208.25374472878948,211.4908397743193,206.01574085860813,211.16114807128906,47523000
2025-09-03 00:00:00-04:00,226.00786746880672,231.1033010071871,224.5891229524102,230.45388793945312,103336100
2025-09-04 00:00:00-04:00,229.4447813472723,232.16235200669,225.90795135774627,232.09242248535156,51684200
2025-09-05 00:00:00-04:00,231.9925075217388,235.54932393536487,231.69277254690593,234.79000854492188,46588900
2025-09-08 00:00:00-04:00,235.47000122070312,238.1300048828125,233.6699981689453,234.0399932861328,32474700
2025-09-09 00:00:00-04:00,234.1699981689453,240.47000122070312,233.22999572753906,239.6300048828125,38061000
2025-09-10 00:00:00-04:00,238.89999389648438,241.66000366210938,237.85000610351562,239.1699981689453,35141100
2025-09-11 00:00:00-04:00,239.8800048828125,242.25,236.25,240.3699951171875,30599300
2025-09-12 00:00:00-04:00,240.3699951171875,242.0800018310547,238.0,240.8000030517578,26771600
2025-09-15 00:00:00-04:00,244.66000366210938,252.41000366210938,244.66000366210938,251.61000061035156,58383800
2025-09-16 00:00:00-04:00,252.0800018310547,253.0399932861328,249.47000122070312,251.16000366210938,34109700
2025-09-17 00:00:00-04:00,251.22000122070312,251.60000610351562,246.27999877929688,249.52999877929688,34108000
2025-09-18 00:00:00-04:00,251.67999267578125,253.99000549316406,249.8000030517578,252.02999877929688,31239500
2025-09-19 00:00:00-04:00,253.25,256.0,251.80999755859375,254.72000122070312,55571400
2025-09-22 00:00:00-04:00,254.42999267578125,255.77999877929688,250.3000030517578,252.52999877929688,32290500
2025-09-23 00:00:00-04:00,253.0399932861328,254.36000061035156,250.47999572753906,251.66000366210938,26628000
2025-09-24 00:00:00-04:00,251.66000366210938,252.35000610351562,246.44000244140625,247.13999938964844,28201000
2025-09-25 00:00:00-04:00,244.39999389648438,246.49000549316406,240.74000549316406,245.7899932861328,31020400
2025-09-26 00:00:00-04:00,247.07000732421875,249.4199981689453,245.97000122070312,246.5399932861328,18503200
2025-09-29 00:00:00-04:00,247.85000610351562,251.14999389648438,242.77000427246094,244.0500030517578,32505800
2025-09-30 00:00:00-04:00,242.80999755859375,243.2899932861328,239.25,243.10000610351562,34724300
2025-10-01 00:00:00-04:00,240.75,246.3000030517578,238.61000061035156,244.89999389648438,31658200
2025-10-02 00:00:00-04:00,245.14999389648438,246.80999755859375,242.3000030517578,245.69000244140625,25483300
2025-10-03 00:00:00-04:00,244.49000549316406,246.3000030517578,241.66000366210938,245.35000610351562,30249600
2025-10-06 00:00:00-04:00,244.77999877929688,251.32000732421875,244.5800018310547,250.42999267578125,28894700
2025-10-07 00:00:00-04:00,248.27000427246094,250.44000244140625,245.52000427246094,245.75999450683594,23181300
2025-10-08 00:00:00-04:00,244.9600067138672,246.00999450683594,243.82000732421875,244.6199951171875,21307100
2025-10-09 00:00:00-04:00,244.47000122070312,244.75999450683594,239.14999389648438,241.52999877929688,27892100
2025-10-10 00:00:00-04:00,241.42999267578125,244.08999633789062,235.83999633789062,236.57000732421875,33180300
2025-10-13 00:00:00-04:00,240.2100067138672,244.5,239.7100067138672,244.14999389648438,24995000
2025-10-14 00:00:00-04:00,241.22999572753906,247.1199951171875,240.50999450683594,245.4499969482422,22111600
2025-10-15 00:00:00-04:00,247.25,252.11000061035156,245.99000549316406,251.02999877929688,27007700
2025-10-16 00:00:00-04:00,251.77000427246094,256.9599914550781,250.10000610351562,251.4600067138672,27997200
2025-10-17 00:00:00-04:00,250.75999450683594,254.22000122070312,247.80999755859375,253.3000030517578,29671600
2025-10-20 00:00:00-04:00,254.69000244140625,257.3299865722656,254.22999572753906,256.54998779296875,22350200
2025-10-21 00:00:00-04:00,254.74000549316406,254.8800048828125,244.14999389648438,250.4600067138672,47312100
2025-10-22 00:00:00-04:00,254.3699951171875,256.3599853515625,249.2899932861328,251.69000244140625,35029400
2025-10-23 00:00:00-04:00,252.97999572753906,255.0399932861328,251.85000610351562,253.0800018310547,19901400
2025-10-24 00:00:00-04:00,256.5799865722656,261.67999267578125,255.32000732421875,259.9200134277344,28655100
2025-10-27 00:00:00-04:00,264.82000732421875,270.1400146484375,264.2799987792969,269.2699890136719,35235200
2025-10-28 00:00:00-04:00,269.69000244140625,270.7300109863281,266.5,267.4700012207031,29738600
2025-10-29 00:00:00-04:00,267.75,275.3399963378906,267.6700134277344,274.57000732421875,43580300
2025-10-30 00:00:00-04:00,291.5899963378906,291.5899963378906,280.05999755859375,281.4800109863281,74876000
2025-10-31 00:00:00-04:00,283.2099914550781,286.0,277.0299987792969,281.19000244140625,39267900
2025-11-03 00:00:00-05:00,282.17999267578125,285.5299987792969,279.79998779296875,283.7200012207031,29786000
2025-11-04 00:00:00-05:00,276.75,281.2699890136719,276.260009765625,277.5400085449219,30078400
2025-11-05 00:00:00-05:00,278.8699951171875,286.4200134277344,277.3399963378906,284.30999755859375,31010300
2025-11-06 00:00:00-05:00,285.3299865722656,288.3500061035156,281.1400146484375,284.75,37173600
2025-11-07 00:00:00-05:00,283.2099914550781,283.7799987792969,275.19000244140625,278.8299865722656,34479600
2025-11-10 00:00:00-05:00,284.4200134277344,290.79998779296875,282.8599853515625,290.1000061035156,29557300
2025-11-11 00:00:00-05:00,287.75,291.9200134277344,287.32000732421875,291.30999755859375,19842100
2025-11-12 00:00:00-05:00,291.67999267578125,292.010009765625,283.69000244140625,286.7099914550781,24829900
2025-11-13 00:00:00-05:00,282.3399963378906,282.8399963378906,277.239990234375,278.57000732421875,29494000
2025-11-14 00:00:00-05:00,271.4100036621094,278.55999755859375,270.70001220703125,276.4100036621094,31647200
2025-11-17 00:00:00-05:00,285.7799987792969,293.95001220703125,283.57000732421875,285.0199890136719,52670200
2025-11-18 00:00:00-05:00,287.9200134277344,288.79998779296875,278.20001220703125,284.2799987792969,49158700
2025-11-19 00:00:00-05:00,287.1600036621094,303.80999755859375,286.6300048828125,292.80999755859375,68198900
2025-11-20 00:00:00-05:00,304.5400085449219,306.4200134277344,288.6700134277344,289.45001220703125,62025200
2025-11-21 00:00:00-05:00,296.4200134277344,303.9200134277344,293.8500061035156,299.6600036621094,74137700
2025-11-24 00:00:00-05:00,311.1300048828125,319.4800109863281,309.6000061035156,318.5799865722656,85165100
2025-11-25 00:00:00-05:00,326.2099914550781,328.8299865722656,317.6499938964844,323.44000244140625,88632100
2025-11-26 00:00:00-05:00,320.67999267578125,324.5,316.7900085449219,319.95001220703125,51373400
2025-11-28 00:00:00-05:00,323.3699951171875,326.8500061035156,316.7900085449219,320.17999267578125,26018600
