date,open,high,low,close,volume
2015-11-30 00:00:00-05:00,27.305355069554313,27.58196684907327,27.21051820948382,27.479225158691406,21785800
2015-12-01 00:00:00-05:00,27.660999737678413,27.819063196284233,27.431807873440462,27.732128143310547,23560200
2015-12-02 00:00:00-05:00,27.7321221873937,27.985022460924743,27.5108352017563,27.526641845703125,18688200
2015-12-03 00:00:00-05:00,27.63729047223747,27.653097119120428,26.87068467986689,26.902297973632812,30131100
2015-12-04 00:00:00-05:00,26.957623260982537,27.68471102396824,26.87068819914511,27.613582611083984,24901000
2015-12-07 00:00:00-05:00,27.49503180205166,27.795349028049667,27.46341851042784,27.653095245361328,17731900
2015-12-08 00:00:00-05:00,27.400186667414783,27.62147665149306,27.202608154907406,27.46341323852539,13380200
2015-12-09 00:00:00-05:00,27.566161217257143,27.83486817634888,27.273742781168508,27.510839462280273,22548300
2015-12-10 00:00:00-05:00,27.542448727135262,27.716318816272352,27.39229011412286,27.479225158691406,17400700
2015-12-11 00:00:00-05:00,27.115683499822207,27.384390470339596,27.028748448359277,27.084070205688477,21251400
2015-12-14 00:00:00-05:00,27.171007591081075,27.250037818394265,26.775850424895296,27.242136001586914,19357100
2015-12-15 00:00:00-05:00,27.384395136413307,27.937612803968985,27.376490304128122,27.803260803222656,24365900
2015-12-16 00:00:00-05:00,27.945514120560976,28.03244917590003,27.479228563132246,27.898094177246094,23257900
2015-12-17 00:00:00-05:00,27.913893386784714,27.953408488279273,27.471316411542297,27.58986473083496,24963600
2015-12-18 00:00:00-05:00,27.447605333328507,27.463411975379152,26.760032985573364,26.767934799194336,41336600
2015-12-21 00:00:00-05:00,26.957616362984613,27.107774967401653,26.728424534024988,27.06035804748535,18006800
2015-12-22 00:00:00-05:00,27.155204890503388,27.48713551124704,27.08407646965684,27.447620391845703,18422000
2015-12-23 00:00:00-05:00,27.62147847390297,27.700508678196638,27.487123508832884,27.660993576049805,12526500
2015-12-24 00:00:00-05:00,27.716323417888574,27.86648205583114,27.629388358886594,27.64519500732422,5893800
2015-12-28 00:00:00-05:00,27.62148520602267,27.66100031780043,27.321164929854096,27.60567855834961,9449400
2015-12-29 00:00:00-05:00,27.668900291425693,28.12728399898577,27.668900291425693,28.00873565673828,14188600
2015-12-30 00:00:00-05:00,27.961317301670004,28.016639054606976,27.62148195373751,27.653095245361328,11566800
2015-12-31 00:00:00-05:00,27.518735627964418,27.62937911520099,27.218415437744497,27.226320266723633,14736700
2016-01-04 00:00:00-05:00,26.7758521820685,26.87859088135592,26.443918572988043,26.8627872467041,27882200
2016-01-05 00:00:00-05:00,26.839072533964657,26.870685829082625,26.49923714847089,26.7363338470459,16709500
2016-01-06 00:00:00-05:00,26.277948623595496,26.491333831338682,25.92230661069018,26.143596649169922,25491300
2016-01-07 00:00:00-05:00,25.511343839443164,26.088272898578424,25.163606643676758,25.163606643676758,37680500
2016-01-08 00:00:00-05:00,25.361181763315287,25.463923449267874,24.839574533200363,24.902799606323242,29953800
2016-01-11 00:00:00-05:00,25.139896654281387,25.463926893696975,25.03715646183609,25.33747673034668,27732400
2016-01-12 00:00:00-05:00,25.890694353794355,25.993436053815323,25.50344204686947,25.827470779418945,28587700
2016-01-13 00:00:00-05:00,25.890693284312334,26.02504827337598,25.15570230425426,25.21892738342285,34445700
2016-01-14 00:00:00-05:00,25.266341818822934,25.977624223796187,25.13198835841874,25.87488555908203,48728200
2016-01-15 00:00:00-05:00,23.49604443745803,24.10458682733515,23.274757391979033,23.51975440979004,76373900
2016-01-19 00:00:00-05:00,23.693623628880125,23.756848715990618,23.298466457588308,23.551366806030273,28878100
2016-01-20 00:00:00-05:00,23.195725516810267,23.60668932362906,23.085080487340633,23.385400772094727,39598200
2016-01-21 00:00:00-05:00,23.432822001533786,23.73314232207679,23.108793213382988,23.440725326538086,30157400
2016-01-22 00:00:00-05:00,23.804260513856423,23.899097358357725,23.322168447527332,23.65410041809082,25326500
2016-01-25 00:00:00-05:00,23.70152500336226,23.88329692542563,23.369592946487693,23.39330291748047,26441000
2016-01-26 00:00:00-05:00,23.40120465193294,23.7489418251158,23.40120465193294,23.66200828552246,24754900
2016-01-27 00:00:00-05:00,23.6145868877888,23.883293827904463,23.42491166666092,23.55926513671875,26384100
2016-01-28 00:00:00-05:00,23.725229423406716,23.85167955763983,23.511844256611646,23.685712814331055,22028100
2016-01-29 00:00:00-05:00,23.87538935506029,24.52344821361592,23.788455825025977,24.515544891357422,38311400
2016-02-01 00:00:00-05:00,24.27845119027382,24.594578069803546,24.21522611584881,24.35748291015625,19015100
2016-02-02 00:00:00-05:00,24.06507233463362,24.096684124486377,23.417013307494855,23.551366806030273,24994300
2016-02-03 00:00:00-05:00,23.694876459775735,23.694876459775735,22.738152863139575,23.39191436767578,44660100
2016-02-04 00:00:00-05:00,23.232452517455748,23.822432267130626,23.20853538532829,23.73473358154297,29257800
2016-02-05 00:00:00-05:00,23.583256126036513,23.726765027682017,23.049084948062944,23.15273094177246,27957500
2016-02-08 00:00:00-05:00,22.91354959455408,23.10489429538891,22.56275021602064,22.977331161499023,28725900
2016-02-09 00:00:00-05:00,22.714241605376902,23.24044013517921,22.65046001148187,22.96936798095703,22902600
2016-02-10 00:00:00-05:00,23.025162344690788,23.120835436281514,22.475047010228764,22.50693702697754,27267800
2016-02-11 00:00:00-05:00,22.188029420889972,22.650446072222472,22.06843919601768,22.498964309692383,28450200
2016-02-12 00:00:00-05:00,22.77801166669966,22.881657654723547,22.43518520283544,22.833820343017578,19699000
2016-02-16 00:00:00-05:00,22.921517824662974,23.080972469972984,22.610582939047866,22.945436477661133,30705200
2016-02-17 00:00:00-05:00,23.009220146713574,23.615145725648684,22.905574161533018,23.495553970336914,27691700
2016-02-18 00:00:00-05:00,23.543390596411353,23.72676238557337,23.423798844575675,23.455690383911133,20623300
2016-02-19 00:00:00-05:00,23.280291205564687,23.383935665840408,22.88962745666504,22.88962745666504,42056700
2016-02-22 00:00:00-05:00,23.208540475267295,23.5513669705543,23.120840249773636,23.399885177612305,23893100
2016-02-23 00:00:00-05:00,23.360020906359228,23.399885336705797,22.801932567560023,22.96138572692871,26638200
2016-02-24 00:00:00-05:00,22.73814305698355,23.36001274643851,22.62652421167543,23.272314071655273,21593600
2016-02-25 00:00:00-05:00,23.37596274975122,23.615144729614258,23.08097361812743,23.615144729614258,17571400
2016-02-26 00:00:00-05:00,23.82243328959616,23.981887940426585,23.678925928655474,23.758651733398438,19902200
2016-02-29 00:00:00-05:00,23.694871040102434,24.02972460250297,23.583253692859692,23.59122657775879,22903100
2016-03-01 00:00:00-05:00,23.86229730521826,24.34065972886979,23.718788426055575,24.213096618652344,25502600
2016-03-02 00:00:00-05:00,24.15728473257697,24.611729991601024,24.013777384154345,24.348630905151367,23779800
2016-03-03 00:00:00-05:00,24.819023643486773,24.994424081823706,24.34863556790135,24.380525588989258,25625200
2016-03-04 00:00:00-05:00,24.31673710613919,24.60375481761357,23.957964966796215,24.420381546020508,20356800
2016-03-07 00:00:00-05:00,24.388494731667873,24.81104847111075,24.316740294391305,24.667539596557617,18858200
2016-03-08 00:00:00-05:00,24.57984157805496,24.619704482012573,24.221069359747215,24.364578247070312,19104900
2016-03-09 00:00:00-05:00,24.579837134274612,24.7472646461065,24.45227403986557,24.61172866821289,14707800
2016-03-10 00:00:00-05:00,24.826997424761768,25.03428789166629,24.221071795503725,24.914697647094727,29584800
2016-03-11 00:00:00-05:00,25.249553678192235,25.34522679547523,25.137936308589246,25.321308135986328,22811200
2016-03-14 00:00:00-04:00,25.241574525404804,25.265493178955833,24.954556765481378,25.058202743530273,17438600
2016-03-15 00:00:00-04:00,24.986449177817516,25.23360252380371,24.763212965546973,25.23360252380371,16927700
2016-03-16 00:00:00-04:00,25.106038742598088,25.35319208202975,24.850912518581886,25.265493392944336,26298400
2016-03-17 00:00:00-04:00,25.321303286902353,25.648182446616953,25.273467497757814,25.496702194213867,22865300
2016-03-18 00:00:00-04:00,25.64021337999313,26.062765676534926,25.56048756449861,26.054794311523438,49934200
2016-03-21 00:00:00-04:00,25.69602360405296,25.847503879138095,25.472788874170636,25.783723831176758,21760900
2016-03-22 00:00:00-04:00,25.640215257666615,25.879395763010653,25.472789208060302,25.767778396606445,22200400
2016-03-23 00:00:00-04:00,25.887367549425107,25.887367549425107,25.49670376521135,25.512649536132812,18765300
2016-03-24 00:00:00-04:00,25.409003657016168,25.472785216491552,25.273467653046932,25.416975021362305,14211900
2016-03-28 00:00:00-04:00,25.409001416310062,25.5126458710655,25.209683870442365,25.432918548583984,11433000
2016-03-29 00:00:00-04:00,25.456836793195553,25.86344324205205,25.29738215079021,25.815608978271484,15313200
2016-03-30 00:00:00-04:00,25.871417833650895,26.110598278313137,25.743854727074744,26.078706741333008,16598000
2016-03-31 00:00:00-04:00,25.93519779373224,26.0388437679556,25.767771787071357,25.791688919067383,17880000
2016-04-01 00:00:00-04:00,25.727907226514123,25.8873618593355,25.5923697241455,25.871416091918945,18049700
2016-04-04 00:00:00-04:00,25.672104204002608,25.81561310095094,25.305359076171044,25.512649536132812,21581600
2016-04-05 00:00:00-04:00,25.424945664268613,25.60831744150557,25.28940967225169,25.432918548583984,20080000
2016-04-06 00:00:00-04:00,25.4887276381511,25.69601807175013,25.32927451123261,25.57642936706543,15740600
2016-04-07 00:00:00-04:00,25.424947352990564,25.432920237835496,24.994422216070447,25.15387535095215,23738200
2016-04-08 00:00:00-04:00,25.321304987473734,25.52859544858472,25.098068755352884,25.21765899658203,17031900
2016-04-11 00:00:00-04:00,25.43292166543214,25.783721014938568,25.241576980430192,25.249549865722656,19707700
2016-04-12 00:00:00-04:00,25.416975743958513,25.4648130554293,25.018340605736206,25.401031494140625,16774200
2016-04-13 00:00:00-04:00,25.48873021745518,25.656157766435296,25.47278596762043,25.616294860839844,19968100
2016-04-14 00:00:00-04:00,25.33725284612716,25.424951552562447,25.153879505749646,25.35319709777832,21620900
2016-04-15 00:00:00-04:00,25.345223460474894,25.424949273602117,25.018341239829148,25.082122802734375,28782800
2016-04-18 00:00:00-04:00,25.05820362030904,25.289411196703277,25.018339196329144,25.23360252380371,21566600
2016-04-19 00:00:00-04:00,25.273464349119088,25.361163031512937,25.034282391849718,25.193737030029297,33619300
2016-04-20 00:00:00-04:00,24.970505490182404,25.71993847542217,24.9146968126297,25.512649536132812,57629800
2016-04-21 00:00:00-04:00,25.464810436976368,25.560483529407854,25.361164460119575,25.488727569580078,28431400
2016-04-22 00:00:00-04:00,25.3053628744663,25.401035993683045,24.89078189231481,25.225635528564453,29625600
2016-04-25 00:00:00-04:00,25.00239664639739,25.114013999781253,24.874833522338008,25.02631378173828,19315700
2016-04-26 00:00:00-04:00,25.02631552048038,25.273470421105248,24.850916592880715,25.03428840637207,20976400
2016-04-27 00:00:00-04:00,24.914696460633767,25.353194510071965,24.86686066921762,25.313331604003906,20006200
2016-04-28 00:00:00-04:00,25.074153557884603,25.281442514347777,24.739299944153455,24.803081512451172,25146400
2016-04-29 00:00:00-04:00,24.603762705252137,24.611735590979315,23.99783707603897,24.141345977783203,36443700
2016-05-02 00:00:00-04:00,24.27688061778513,24.468225302374524,24.205126170980062,24.404443740844727,21086600
2016-05-03 00:00:00-04:00,24.244990624313004,24.364580869731125,23.989864361908353,24.205127716064453,27111100
2016-05-04 00:00:00-04:00,24.261415522326516,24.29358100311706,23.883462303643523,24.004085540771484,23278800
2016-05-05 00:00:00-04:00,24.020164912266555,24.14078812862555,23.92366541889491,24.044288635253906,23393300
2016-05-06 00:00:00-04:00,23.8110916351591,24.213170175252664,23.73871737523763,24.156879425048828,19632200
2016-05-09 00:00:00-04:00,24.189039299283937,24.26141354241598,23.931709338728933,23.96387481689453,16888300
2016-05-10 00:00:00-04:00,24.124707949100245,24.269456442204064,23.979959455996422,24.237289428710938,17013800
2016-05-11 00:00:00-04:00,24.253374378734048,24.325748629592823,24.10058412316466,24.172958374023438,15754200
2016-05-12 00:00:00-04:00,24.21316450850728,24.317704229590095,23.77891905060739,23.93170928955078,20826700
2016-05-13 00:00:00-04:00,24.01212469435208,24.2855381536006,23.996041188794518,24.052331924438477,19999600
2016-05-16 00:00:00-04:00,24.044294844116685,24.575038360193986,24.02821133543366,24.438331604003906,21826100
2016-05-17 00:00:00-04:00,24.58307814343974,24.58307814343974,24.012127435242085,24.108625411987305,25709900
2016-05-18 00:00:00-04:00,24.1488280784361,24.32574201363738,23.94778888824075,24.116661071777344,22469900
2016-05-19 00:00:00-04:00,23.939754349100756,24.068419346885147,23.722631590161686,23.827171325683594,21740900
2016-05-20 00:00:00-04:00,23.907586723861407,24.43028845577406,23.883462996021077,24.245332717895508,22777300
2016-05-23 00:00:00-04:00,24.309663772583008,24.510703006297007,24.22924777233588,24.309663772583008,20881900
2016-05-24 00:00:00-04:00,24.52678627409018,25.025364243717526,24.486579041262257,24.977113723754883,23699200
2016-05-25 00:00:00-04:00,25.089700128634874,25.387237372926574,25.04949135656314,25.242488861083984,18359600
2016-05-26 00:00:00-04:00,25.322900772094727,25.435482248055003,25.25052652788953,25.322900772094727,12692300
2016-05-27 00:00:00-04:00,25.411358993915986,25.451566226416922,25.29073576260557,25.38723373413086,13341300
2016-05-31 00:00:00-04:00,25.338989714953037,25.451571215068352,25.178157685810096,25.403322219848633,23040200
2016-06-01 00:00:00-04:00,25.427452123333993,25.50786661876834,25.306827312566107,25.459617614746094,17753500
2016-06-02 00:00:00-04:00,25.379197493205325,25.540029525756836,25.290741255729134,25.540029525756836,14140100
2016-06-03 00:00:00-04:00,25.523940522375057,25.523940522375057,25.250527046167395,25.42744255065918,15777500
2016-06-06 00:00:00-04:00,25.443531449203025,25.58827997998538,25.395282450211585,25.475698471069336,15139600
2016-06-07 00:00:00-04:00,25.531984466475745,25.74910722217853,25.491777230445333,25.636524200439453,19339100
2016-06-08 00:00:00-04:00,25.57218562552759,25.73301759904457,25.564145407278378,25.644559860229492,12732100
2016-06-09 00:00:00-04:00,25.475693399717738,25.733023388190407,25.475693399717738,25.68477439880371,11276800
2016-06-10 00:00:00-04:00,25.491778518378105,25.926024051723257,25.45156974650847,25.76519203186035,35749100
2016-06-13 00:00:00-04:00,25.773222510587463,26.135093651593966,25.765182293060416,25.869720458984375,23004800
2016-06-14 00:00:00-04:00,25.74105888092589,25.92601765206258,25.564146463600387,25.845600128173828,18754300
2016-06-15 00:00:00-04:00,25.934059169682463,25.942099388666634,25.403315755891235,25.41939926147461,23783300
2016-06-16 00:00:00-04:00,25.282696786009033,25.54806853755937,25.105781262436967,25.483736038208008,18547900
2016-06-17 00:00:00-04:00,25.515904260731727,25.580236766990744,25.306823231937937,25.540029525756836,27047900
2016-06-20 00:00:00-04:00,25.789306013256027,26.086843143588275,25.741055505250337,25.869720458984375,21961600
2016-06-21 00:00:00-04:00,25.942104012613523,26.03860506331421,25.80539879221091,25.990354537963867,15476500
2016-06-22 00:00:00-04:00,25.974270612744316,26.239643896489806,25.93406337607196,25.966230392456055,18304800
2016-06-23 00:00:00-04:00,26.19943999622453,26.53718450842153,26.13510595526363,26.529144287109375,22048800
2016-06-24 00:00:00-04:00,25.572188284002852,25.990350231573057,25.250525837336358,25.37114906311035,38094300
2016-06-27 00:00:00-04:00,25.258567795578916,25.258567795578916,24.47853616434514,24.703699111938477,34965100
2016-06-28 00:00:00-04:00,24.904745674761532,25.089702979693403,24.776080657126837,25.081661224365234,23693900
2016-06-29 00:00:00-04:00,25.210318277246998,25.71693643240059,25.178151266096922,25.676729202270508,22771100
2016-06-30 00:00:00-04:00,25.733025381809917,26.44068443874208,25.70890011834365,26.37635040283203,34528900
2016-07-01 00:00:00-04:00,26.247683826035054,26.448723074785462,26.110978609340208,26.33614158630371,17084600
2016-07-05 00:00:00-04:00,26.135101506198417,26.32005724105151,26.102934491193864,26.279850006103516,20107200
2016-07-06 00:00:00-04:00,26.376349421326353,26.537181437500983,26.038604948213624,26.513057708740234,21070200
2016-07-07 00:00:00-04:00,26.50501427380136,26.979467031697645,26.50501427380136,26.698013305664062,26119400
2016-07-08 00:00:00-04:00,27.059887264648484,27.341341018676758,26.939262474284455,27.341341018676758,23341900
2016-07-11 00:00:00-04:00,27.373500075091087,27.743411492091383,27.373500075091087,27.646913528442383,23820700
2016-07-12 00:00:00-04:00,27.751454626031734,28.121369149504538,27.727330899489157,28.09724235534668,28064100
2016-07-13 00:00:00-04:00,28.177660730424467,28.346532956490766,28.04899573900033,28.153533935546875,29120900
2016-07-14 00:00:00-04:00,28.25002565229627,28.386730818465683,28.113317418512494,28.306316375732422,25296400
2016-07-15 00:00:00-04:00,28.354570933161305,28.37869772613016,28.06507702607122,28.2017822265625,23661900
2016-07-18 00:00:00-04:00,28.290246464804753,28.306329974601084,28.105290703570702,28.185705184936523,19347200
2016-07-19 00:00:00-04:00,28.057034577914482,28.274157315433808,28.024867564737868,28.266117095947266,20395400
2016-07-20 00:00:00-04:00,28.38673297726597,28.89335259433395,28.193737072983136,28.700353622436523,42994200
2016-07-21 00:00:00-04:00,27.606710759022437,27.735375753878284,27.22875599455163,27.558460235595703,63708600
2016-07-22 00:00:00-04:00,27.646916884193818,27.904246863568876,27.550415841216676,27.872079849243164,33033700
2016-07-25 00:00:00-04:00,27.839909445644295,27.952490914463127,27.799702216439705,27.89620018005371,20277700
2016-07-26 00:00:00-04:00,27.944451528830427,28.330446462409817,27.90424429842706,28.217864990234375,29644400
2016-07-27 00:00:00-04:00,28.145488526556555,28.37065145313227,27.847951363922245,28.0087833404541,23601800
2016-07-28 00:00:00-04:00,28.008785566517297,28.008785566517297,27.7594958296993,27.960535049438477,21667400
2016-07-29 00:00:00-04:00,27.960538956084974,28.081160664212717,27.82383067240163,28.032913208007812,18171200
2016-08-01 00:00:00-04:00,28.000744285015205,28.073118532008678,27.791664831264765,28.02486801147461,18824400
2016-08-02 00:00:00-04:00,27.99271295828133,28.04096042652766,27.606717874229496,27.79167366027832,20057300
2016-08-03 00:00:00-04:00,27.6296148090823,27.775460536943502,27.540489611717028,27.75115394592285,18388800
2016-08-04 00:00:00-04:00,27.783561624726534,28.050943368054288,27.726844191570095,28.018535614013672,16362600
2016-08-05 00:00:00-04:00,28.196790390394987,28.464175237024126,28.115766365223486,28.342636108398438,20046200
2016-08-08 00:00:00-04:00,28.27781764555465,28.49658313276766,28.24540679897922,28.391252517700195,19497300
2016-08-09 00:00:00-04:00,28.39125032396135,28.488479765306447,28.229199194474052,28.294017791748047,12578900
2016-08-10 00:00:00-04:00,28.358847137242496,28.358847137242496,27.9537207495676,27.97802734375,19579000
2016-08-11 00:00:00-04:00,28.0833524551468,28.148174140907244,27.94561100920801,28.099557876586914,16364100
2016-08-12 00:00:00-04:00,27.96992308824875,28.164382001978804,27.905101389759594,28.010435104370117,15708300
2016-08-15 00:00:00-04:00,28.115766878962837,28.488482346951606,28.059049442132743,28.285919189453125,18931100
2016-08-16 00:00:00-04:00,28.172483571501388,28.528993606567383,28.172483571501388,28.528993606567383,16320900
2016-08-17 00:00:00-04:00,28.49658947114968,28.52900032493412,28.172490205912652,28.37505340576172,18221600
2016-08-18 00:00:00-04:00,28.3264294347258,28.43176313549356,28.156277134855923,28.33453369140625,16085200
2016-08-19 00:00:00-04:00,28.229198605333327,28.57760744465589,28.148174587714745,28.553300857543945,16417600
2016-08-22 00:00:00-04:00,28.520893378145963,28.723456536952586,28.45607168371096,28.65053367614746,14941400
2016-08-23 00:00:00-04:00,28.763967367960298,28.91791424961141,28.601916229403745,28.68294334411621,18316000
2016-08-24 00:00:00-04:00,28.618122474629224,28.691045334531545,28.375047305244326,28.48038101196289,16343500
2016-08-25 00:00:00-04:00,28.39935185082908,28.537096394449485,28.277815820318636,28.4317626953125,12428000
2016-08-26 00:00:00-04:00,28.44796965445191,28.82878937053519,28.399353385100294,28.56950569152832,14469900
2016-08-29 00:00:00-04:00,28.747767874481948,28.90171478788588,28.48038606795206,28.804485321044922,15264300
2016-08-30 00:00:00-04:00,28.836893285720592,28.958432425251917,28.78017584483763,28.926021575927734,15183200
2016-08-31 00:00:00-04:00,28.861195123480783,29.088067940512563,28.828787370363273,29.07996368408203,20562700
2016-09-01 00:00:00-04:00,29.160998048121954,29.20151006774774,28.828794541800132,29.185304641723633,18925800
2016-09-02 00:00:00-04:00,29.339255512793194,29.436488082062077,29.128591127782727,29.233924865722656,16726700
2016-09-06 00:00:00-04:00,29.47699069375152,29.65524416541422,29.306835297304378,29.630937576293945,22337800
2016-09-07 00:00:00-04:00,29.695757137043774,29.695757137043774,29.476988578058062,29.541807174682617,18495600
2016-09-08 00:00:00-04:00,29.452683291526686,29.647145292133093,29.266325548499395,29.525606155395508,20356500
2016-09-09 00:00:00-04:00,29.250115755600206,29.485089736402053,28.715349197387695,28.715349197387695,29457900
2016-09-12 00:00:00-04:00,28.512797219224026,29.266332631276228,28.40746657215349,29.233924865722656,22796600
2016-09-13 00:00:00-04:00,28.966532794290874,29.071866506258782,28.61812390082432,28.853097915649414,23591300
2016-09-14 00:00:00-04:00,28.772070139569806,29.023249572892485,28.6829449447152,28.86119842529297,14074500
2016-09-15 00:00:00-04:00,28.958422703504333,29.695752278319695,28.796371602154956,29.62282943725586,23736000
2016-09-16 00:00:00-04:00,30.562731903337507,30.830113678951808,30.18191215684432,30.522216796875,74577900
2016-09-19 00:00:00-04:00,30.53843038867936,30.805815326673457,30.05227988979671,30.108997344970703,30531700
2016-09-20 00:00:00-04:00,30.319639275428397,30.327743529232,29.93071854626989,30.092769622802734,24796900
2016-09-21 00:00:00-04:00,30.14950351409989,30.352066697759582,29.86591629332388,30.343965530395508,21233700
2016-09-22 00:00:00-04:00,30.46550362894072,30.651864490368727,30.33586330634021,30.424991607666016,17013400
2016-09-23 00:00:00-04:00,30.343954797185337,30.506005904966436,30.076570005716356,30.13328742980957,18062500
2016-09-26 00:00:00-04:00,29.914528142892404,29.93073356776551,29.655247526660197,29.695762634277344,25518800
2016-09-27 00:00:00-04:00,29.898322897815266,30.157603488802422,29.67955431963202,30.125192642211914,22391600
2016-09-28 00:00:00-04:00,30.230528675480752,30.38447557233452,30.100888370006874,30.335859298706055,19020800
2016-09-29 00:00:00-04:00,30.376369111929353,30.408776864498737,29.979344006989933,30.238624572753906,17675000
2016-09-30 00:00:00-04:00,30.360166390309274,30.72477759336991,30.33585671013505,30.5870361328125,24279300
2016-10-03 00:00:00-04:00,30.538419061201534,30.74908646587973,30.40877877019508,30.51411247253418,14113600
2016-10-04 00:00:00-04:00,30.603237358407114,30.740978800071794,30.24672737039147,30.416879653930664,14393100
2016-10-05 00:00:00-04:00,30.58703786460908,31.040780466174255,30.497909577616937,30.7814998626709,22420800
2016-10-06 00:00:00-04:00,30.65996334943177,30.91924397510769,30.44929900014591,30.84632110595703,15171400
2016-10-07 00:00:00-04:00,30.854418396603375,30.96785325836221,30.611340160413672,30.870620727539062,16942500
2016-10-10 00:00:00-04:00,30.992162939343604,31.08129122272773,30.70857575663818,30.805805206298828,14954300
2016-10-11 00:00:00-04:00,30.716675558115735,30.789598414838242,29.833500111529062,30.1981143951416,27650500
2016-10-12 00:00:00-04:00,30.141392260380663,30.1819042653821,29.825394294154446,30.084674835205078,14053900
2016-10-13 00:00:00-04:00,29.857807439411015,30.084680271980705,29.541809416078976,29.955039978027344,16936000
2016-10-14 00:00:00-04:00,30.13329808850285,30.5465287140552,30.10899149554173,30.343965530395508,19123900
2016-10-17 00:00:00-04:00,30.424981617756554,30.562726153905643,30.173805313804582,30.214317321777344,15788100
2016-10-18 00:00:00-04:00,30.76529269670414,30.83011129847574,30.408779568920863,30.5870361328125,42907800
2016-10-19 00:00:00-04:00,29.22580477313454,29.242010192566756,28.545192611320203,28.772062301635742,75229000
2016-10-20 00:00:00-04:00,28.69103945296081,28.901703732343965,28.43986007792857,28.707244873046875,25669500
2016-10-21 00:00:00-04:00,28.528994191318784,28.68294416826172,28.20489499576174,28.48038101196289,20813200
2016-10-24 00:00:00-04:00,28.70725024259036,28.755866511941974,28.44796965445191,28.56950569152832,21524700
2016-10-25 00:00:00-04:00,28.472268320124932,28.561396577031783,28.36693464461069,28.439857482910156,17860300
2016-10-26 00:00:00-04:00,28.39125032396135,28.52899177496122,28.148175175164507,28.294017791748047,19977600
2016-10-27 00:00:00-04:00,28.439862085498913,28.54519577805992,28.15627494114397,28.204891204833984,14634700
2016-10-28 00:00:00-04:00,28.253508718461642,28.49658389252113,28.123868419572016,28.148178100585938,22296400
2016-10-31 00:00:00-04:00,28.29401007599977,28.42365341693057,28.22919149640174,28.253498077392578,19188600
2016-11-01 00:00:00-04:00,28.27781604804747,28.488480357149726,27.767356061361625,27.969919204711914,25368200
2016-11-02 00:00:00-04:00,28.03474235534668,28.27782063953038,27.929411729127107,28.03474235534668,21416400
2016-11-03 00:00:00-04:00,28.124545456283517,28.181692322913708,27.651039287895454,27.700023651123047,19400000
2016-11-04 00:00:00-04:00,27.37346924970318,27.700025464051787,27.283666135043774,27.43878173828125,21914700
2016-11-07 00:00:00-05:00,27.95310659225795,28.369462805600534,27.879631599989157,28.320478439331055,19296600
2016-11-08 00:00:00-05:00,28.24700076365107,28.53273820167224,28.157200772094132,28.361297607421875,14833100
2016-11-09 00:00:00-05:00,27.863299889702947,28.4510966378868,27.487759358540224,28.36945915222168,25999400
2016-11-10 00:00:00-05:00,28.532732442006818,28.532732442006818,27.781654620193876,28.16535758972168,28249900
2016-11-11 00:00:00-05:00,28.222503145068192,28.46741866390538,28.034734476817352,28.255159378051758,22665000
2016-11-14 00:00:00-05:00,28.214345068983924,28.3531294095258,27.92044515457728,28.149032592773438,22558900
2016-11-15 00:00:00-05:00,28.2796551670995,28.810308150177697,28.255164545018165,28.500080108642578,20676100
2016-11-16 00:00:00-05:00,28.491916485412656,28.508241489977888,28.1980165749147,28.44293212890625,18565500
2016-11-17 00:00:00-05:00,28.41844890537255,28.589889526367188,28.27149891187113,28.589889526367188,15748500
2016-11-18 00:00:00-05:00,28.49191898839416,28.573556475473023,28.279656539156306,28.532737731933594,16806900
2016-11-21 00:00:00-05:00,28.655195608704098,28.736836214743466,28.442936261543107,28.55722999572754,14259500
2016-11-22 00:00:00-05:00,28.72050610402466,28.981749796712542,28.66335924089109,28.965421676635742,22327400
2016-11-23 00:00:00-05:00,28.965419097217254,28.998075334462765,28.655191071925284,28.736831665039062,15843100
2016-11-25 00:00:00-05:00,28.66335976022114,28.940931578014943,28.66335976022114,28.93276596069336,6372800
2016-11-28 00:00:00-05:00,28.92459695848968,29.11236562917894,28.74499078901742,28.989906311035156,13549000
2016-11-29 00:00:00-05:00,29.09603961275462,29.09603961275462,28.79397721760422,28.82663345336914,19581000
2016-11-30 00:00:00-05:00,28.736835569701757,28.818473059637967,28.328641891479492,28.328641891479492,27016100
2016-12-01 00:00:00-05:00,28.459259437935184,28.516406295098093,27.397956657990946,27.56123161315918,29618700
2016-12-02 00:00:00-05:00,27.528577615308528,27.96942434022251,27.430608908198714,27.887786865234375,21492500
2016-12-05 00:00:00-05:00,28.01025405531531,28.100054057303826,27.73268220245475,28.075563430786133,14462000
2016-12-06 00:00:00-05:00,28.07555948486262,28.36945941885199,28.002084501365275,28.344968795776367,15297700
2016-12-07 00:00:00-05:00,28.304149365896183,29.038899263888055,28.12454625748653,28.981752395629883,21710300
2016-12-08 00:00:00-05:00,28.965417167333797,29.414429499597485,28.753157867920596,29.145023345947266,19966500
2016-12-09 00:00:00-05:00,29.18585299824445,29.30831236842107,29.055231123382594,29.194015502929688,16326900
2016-12-12 00:00:00-05:00,29.210328645443983,29.463409760684524,29.120525568608002,29.36544418334961,21985800
2016-12-13 00:00:00-05:00,29.39810221202259,30.11652383248878,29.33279285430934,30.043048858642578,35773600
2016-12-14 00:00:00-05:00,29.96142384103315,30.11653635508494,29.765489457882822,29.838964462280273,30819400
2016-12-15 00:00:00-05:00,29.994068574687542,30.336949720715694,29.822624887403293,30.034887313842773,23721500
2016-12-16 00:00:00-05:00,29.977748904865663,30.10020515684347,29.463423926599933,29.643030166625977,38212800
2016-12-19 00:00:00-05:00,29.667513277986377,30.16551000696812,29.61036641868719,30.116525650024414,18744300
2016-12-20 00:00:00-05:00,30.165506362943194,30.402259388165692,30.116522011916853,30.377765655517578,18551800
2016-12-21 00:00:00-05:00,30.410431232034792,30.492068727888967,30.132859386151427,30.190006256103516,14323600
2016-12-22 00:00:00-05:00,30.39411037780446,30.40227599790493,30.051229076102654,30.149194717407227,10793900
2016-12-23 00:00:00-05:00,30.149186560931085,30.190005307575703,30.01856470310586,30.181842803955078,6287300
2016-12-27 00:00:00-05:00,30.132851682208553,30.47573592852812,30.132851682208553,30.263473510742188,9033700
2016-12-28 00:00:00-05:00,30.287968185685326,30.36960878586861,29.863449521814097,29.904268264770508,12868600
2016-12-29 00:00:00-05:00,29.806295480077768,29.97773915994888,29.740986123107376,29.928754806518555,8447300
2016-12-30 00:00:00-05:00,30.03489051245661,30.043053015448866,29.553221864880392,29.610368728637695,17468000
2017-01-03 00:00:00-05:00,29.887935894923142,30.149179549822097,29.610364122309253,29.879770278930664,20196500
2017-01-04 00:00:00-05:00,29.969582204848933,30.018566572435297,29.667519723743695,29.724666595458984,15915700
2017-01-05 00:00:00-05:00,29.757324592670784,29.97774958838196,29.643030842510424,29.675683975219727,13986000
2017-01-06 00:00:00-05:00,29.87161386910929,29.945088856675703,29.545057676753984,29.781810760498047,15114000
2017-01-09 00:00:00-05:00,29.78181203362923,30.116530743680386,29.78181203362923,29.887943267822266,19461400
2017-01-10 00:00:00-05:00,29.838950160035886,30.149178153714026,29.82262204307705,29.830787658691406,15918800
2017-01-11 00:00:00-05:00,29.80630720971278,30.20633846780907,29.80630720971278,30.16551971435547,22398400
2017-01-12 00:00:00-05:00,30.06754842362887,30.06754842362887,29.651189119667777,29.969579696655273,20391900
2017-01-13 00:00:00-05:00,29.969574839778264,30.092034171514133,29.89609986359078,30.034887313842773,15072200
2017-01-17 00:00:00-05:00,29.936917648804712,30.06754259277136,29.871608291091462,30.043048858642578,20195200
2017-01-18 00:00:00-05:00,30.116528182565077,30.214493790420285,29.887940726146077,30.01039695739746,15382500
2017-01-19 00:00:00-05:00,29.80630128156663,30.132857472789492,29.80630128156663,29.85528564453125,13654500
2017-01-20 00:00:00-05:00,30.01039296141539,30.230817885442207,29.86344612633429,30.1573429107666,23950900
2017-01-23 00:00:00-05:00,30.26348173738499,30.377775479137085,29.838959900683708,30.018566131591797,27752600
2017-01-24 00:00:00-05:00,30.075707101461674,30.810456888950508,30.051216479968808,30.712488174438477,35140900
2017-01-25 00:00:00-05:00,30.91658480181763,31.022716018085703,30.630850505253893,30.859437942504883,32276400
2017-01-26 00:00:00-05:00,30.87576678478612,30.95740426735384,30.549210625974574,30.66350746154785,34144800
2017-01-27 00:00:00-05:00,31.022719646163218,31.390094580616644,30.867607169069828,31.006391525268555,44368600
2017-01-30 00:00:00-05:00,30.81045445785946,30.89209193257429,30.475735828696607,30.54920768737793,23954700
2017-01-31 00:00:00-05:00,30.385941521478166,30.508397768948292,29.912435311301714,30.059385299682617,27059100
2017-02-01 00:00:00-05:00,30.059378213215776,30.165509427419646,29.406269037865417,29.814462661743164,28380600
2017-02-02 00:00:00-05:00,29.602195593729846,29.961407919575194,29.55321435967436,29.945079803466797,31916900
2017-02-03 00:00:00-05:00,30.16707879377965,30.27396766300552,29.969748874519205,30.02730369567871,21038100
2017-02-06 00:00:00-05:00,30.019084405190476,30.019084405190476,29.72308948075437,29.821754455566406,21427000
2017-02-07 00:00:00-05:00,29.969760447759153,30.027315291144262,29.797095917603826,29.887537002563477,18581900
2017-02-08 00:00:00-05:00,29.87930964954677,30.13419756879427,29.71486593185493,29.912199020385742,20807400
2017-02-09 00:00:00-05:00,30.010858763035433,30.010858763035433,29.106423178202483,29.15575408935547,47802700
2017-02-10 00:00:00-05:00,28.99132154053708,29.131099827687514,28.645992483760175,29.057100296020508,44106500
2017-02-13 00:00:00-05:00,29.24619930516836,29.47641859599708,29.057090153915826,29.4353084564209,28180600
2017-02-14 00:00:00-05:00,29.46820247832036,29.56686745619166,29.213314554274483,29.54220199584961,25734800
2017-02-15 00:00:00-05:00,29.58331811190737,29.649096868097953,29.328430136424473,29.640872955322266,18452200
2017-02-16 00:00:00-05:00,29.74774998708165,30.060192681215593,29.681971257157674,29.936859130859375,21317500
2017-02-17 00:00:00-05:00,29.862866650965167,29.994421005249023,29.68197823763615,29.994421005249023,18909900
2017-02-21 00:00:00-05:00,30.035524468771847,30.134192564904584,29.871083914888985,30.02730369567871,20556000
2017-02-22 00:00:00-05:00,29.879312872894598,29.928646934475168,29.427094952834544,29.65731430053711,29904400
2017-02-23 00:00:00-05:00,29.79708719598786,29.846418112162365,29.517533837155366,29.747753143310547,22775000
2017-02-24 00:00:00-05:00,29.714862785169338,30.035526275634766,29.558642994981817,30.035526275634766,18617600
2017-02-27 00:00:00-05:00,29.945085413890414,30.15886318897702,29.821754977343268,30.019084930419922,14065200
2017-02-28 00:00:00-05:00,29.945075883830928,29.97796524437764,29.59974700759662,29.764190673828125,24977000
2017-03-01 00:00:00-05:00,29.476423252933344,29.681977119792023,29.139315036745234,29.54220199584961,34085900
2017-03-02 00:00:00-05:00,29.542203429813416,29.61620295093456,29.311984091437953,29.525758743286133,23602100
2017-03-03 00:00:00-05:00,29.550420488396803,29.67375405358867,29.328421952953157,29.517534255981445,17538100
2017-03-06 00:00:00-05:00,29.427094704669233,29.435315479944983,29.122872698909706,29.246206283569336,24416700
2017-03-07 00:00:00-05:00,29.22153384872317,29.4353084564209,29.098200293492013,29.4353084564209,23434900
2017-03-08 00:00:00-05:00,29.32842360651788,29.517535920208502,29.213313945316997,29.28731346130371,20920100
2017-03-09 00:00:00-05:00,29.270867131100328,29.55042049395197,29.188646845292194,29.45175552368164,23616800
2017-03-10 00:00:00-05:00,29.698423247067726,29.846422289310024,29.41886984911042,29.525758743286133,25402300
2017-03-13 00:00:00-04:00,29.47641941906188,29.632642344917212,28.72820356647364,28.90909194946289,53582900
2017-03-14 00:00:00-04:00,28.826879746082575,28.9666548910138,28.497992255121293,28.92554473876953,28586900
2017-03-15 00:00:00-04:00,28.728194549404943,28.917303646581278,28.51442000283656,28.85974884033203,27996100
2017-03-16 00:00:00-04:00,28.917310337301146,29.07353325026794,28.8350900626362,28.89264488220215,19616100
2017-03-17 00:00:00-04:00,29.032422062862334,29.048866744501023,28.859754473907277,28.99953269958496,30778900
2017-03-20 00:00:00-04:00,29.08175230570032,29.29553002560834,28.991308127008637,29.131086349487305,17322300
2017-03-21 00:00:00-04:00,29.262646466018076,29.270867240028338,28.777539250337977,28.810428619384766,22814500
2017-03-22 00:00:00-04:00,28.958428068166143,29.155758012334292,28.777539672259582,29.081758499145508,19144500
2017-03-23 00:00:00-04:00,29.180421061108202,29.180421061108202,28.793978883854844,28.99953269958496,20640400
2017-03-24 00:00:00-04:00,29.311978856165492,29.37775445402351,28.876202582282538,28.90909194946289,22188000
2017-03-27 00:00:00-04:00,28.835089301228525,29.188642118656382,28.728200437784622,29.09819793701172,16992200
2017-03-28 00:00:00-04:00,29.057099348097672,29.361318241024822,28.950210442175962,29.2708740234375,18398100
2017-03-29 00:00:00-04:00,29.205096134183908,29.353095181174126,29.139317385964546,29.246206283569336,17202600
2017-03-30 00:00:00-04:00,29.25442426446402,29.509309020881716,29.20509021330122,29.39419937133789,16433000
2017-03-31 00:00:00-04:00,29.394205578447497,29.805313348775435,29.385984803102424,29.65731430053711,21438400
2017-04-03 00:00:00-04:00,29.75597725895304,30.208198284691953,29.69842242595048,29.731311798095703,32013600
2017-04-04 00:00:00-04:00,29.698420783372182,29.91219855398922,29.59153503456665,29.829975128173828,18918000
2017-04-05 00:00:00-04:00,29.9533117850815,30.224641276973045,29.739533992436463,29.78064727783203,22455500
2017-04-06 00:00:00-04:00,29.706639763486283,29.829970176984464,29.62441635131836,29.62441635131836,20198200
2017-04-07 00:00:00-04:00,29.65730571618553,29.862859541851634,29.591530122953657,29.62441635131836,15689500
2017-04-10 00:00:00-04:00,29.616196834359236,29.673751657066415,29.27908867143035,29.4353084564209,19973700
2017-04-11 00:00:00-04:00,29.410642247195703,29.427086929905787,28.950200540820894,29.385976791381836,22711800
2017-04-12 00:00:00-04:00,29.49286790411988,29.607977567585426,29.188649059746208,29.2955379486084,19289800
2017-04-13 00:00:00-04:00,29.22975918150351,29.402423676558488,28.983095169067383,28.983095169067383,15764000
2017-04-17 00:00:00-04:00,29.13931369402224,29.26264726305554,29.04887263143449,29.172203063964844,12560700
2017-04-18 00:00:00-04:00,29.131094954911163,29.443537718187553,29.02420606338181,29.410648345947266,12321100
2017-04-19 00:00:00-04:00,29.575092802867978,29.78064667970414,29.50931405675885,29.525758743286133,16594600
2017-04-20 00:00:00-04:00,29.747753143310543,29.821752654075112,29.484644468703824,29.747753143310547,22968300
2017-04-21 00:00:00-04:00,29.764198569338603,29.94508382732461,29.476421292969654,29.862863540649414,20390500
2017-04-24 00:00:00-04:00,30.150632862544928,30.29863186411284,29.977968406216494,30.216411590576172,26305800
2017-04-25 00:00:00-04:00,30.232850847175126,30.42195995157497,30.142406680613934,30.31507110595703,22066800
2017-04-26 00:00:00-04:00,30.241082553166304,30.611080124474,30.241082553166304,30.364416122436523,27241000
2017-04-27 00:00:00-04:00,30.31508236432277,30.833078969226612,30.241082849336507,30.775524139404297,39890000
2017-04-28 00:00:00-04:00,29.681977841913838,30.002644516677357,29.501092567499615,29.72309112548828,56769300
2017-05-01 00:00:00-04:00,29.690208641843267,29.928651941283814,29.550430345566294,29.854652404785156,24825600
2017-05-02 00:00:00-04:00,29.903969657087494,30.446631630975855,29.887524974666338,30.397300720214844,35813000
2017-05-03 00:00:00-04:00,30.41634706546805,30.7890938765008,30.33351198314443,30.631711959838867,22040300
2017-05-04 00:00:00-04:00,30.640007469516775,30.739406442278206,30.350089322527737,30.524038314819336,16437100
2017-05-05 00:00:00-04:00,30.532317692784606,30.59030067936575,30.234117670461128,30.499183654785156,18119200
2017-05-08 00:00:00-04:00,30.424639662278103,30.524038636085713,30.21755662360768,30.267257690429688,17660200
2017-05-09 00:00:00-04:00,30.217557092219618,30.441207156632395,30.051890026746847,30.126440048217773,17819100
2017-05-10 00:00:00-04:00,30.04360949133896,30.134726539574448,29.761976414900445,29.8282413482666,25133800
2017-05-11 00:00:00-04:00,29.745399701779522,29.819949702429017,29.36436776949791,29.56316566467285,21508900
2017-05-12 00:00:00-04:00,29.588022474806028,29.60458949534339,29.32295646588041,29.43063735961914,19730800
2017-05-15 00:00:00-04:00,29.43064030710805,29.588025438057116,29.3395232649452,29.51347541809082,22120100
2017-05-16 00:00:00-04:00,29.612871576223977,29.728837560738913,29.339520475722125,29.670854568481445,22291800
2017-05-17 00:00:00-04:00,29.54660433034716,29.811673507961682,29.008190364163237,29.024757385253906,26670200
2017-05-18 00:00:00-04:00,29.149006529978504,29.380941675169197,29.057892649900932,29.173858642578125,17171900
2017-05-19 00:00:00-04:00,29.11587685868788,29.44720782872915,29.09930983621035,29.322959899902344,18340100
2017-05-22 00:00:00-04:00,29.38922512637365,29.911075280251282,29.30639317298706,29.62944221496582,14638100
2017-05-23 00:00:00-04:00,29.712267143679423,29.811669256046123,29.45548625298811,29.7039852142334,16903700
2017-05-24 00:00:00-04:00,29.80338560091969,29.96905263633378,29.72883559297514,29.91935157775879,20640600
2017-05-25 00:00:00-04:00,29.91935999456608,30.14301008131616,29.86966208184613,30.03532600402832,13148500
2017-05-26 00:00:00-04:00,30.03532600402832,30.09331216859621,29.92764508657725,30.03532600402832,11145500
2017-05-30 00:00:00-04:00,30.04360901422942,30.184423970294155,29.894508966727614,29.969058990478516,13026900
2017-05-31 00:00:00-04:00,30.07674074246479,30.134723738709685,29.71227258339824,29.911073684692383,17741900
2017-06-01 00:00:00-04:00,29.91935157775879,29.927636667439227,29.654285585030596,29.91935157775879,17510900
2017-06-02 00:00:00-04:00,30.043605999136926,30.093307063261854,29.81995595032911,30.08502197265625,19127400
2017-06-05 00:00:00-04:00,30.06845515990102,30.234122214963964,29.985623212287674,30.10158920288086,11685700
2017-06-06 00:00:00-04:00,29.952478414219396,30.19269539981372,29.80337843418396,29.927629470825195,18420900
2017-06-07 00:00:00-04:00,29.92764508657725,30.29211013914955,29.902792970380506,30.03532600402832,17192000
2017-06-08 00:00:00-04:00,30.101593806125997,30.25897579459328,29.95249374975205,30.217559814453125,17154200
2017-06-09 00:00:00-04:00,30.234125635257673,30.283826705349963,29.248411443868534,29.579742431640625,33322100
2017-06-12 00:00:00-04:00,29.4803379577172,29.82823590402361,29.331237935061303,29.596303939819336,28488300
2017-06-13 00:00:00-04:00,29.554887312553763,29.778537341569756,29.430636243155114,29.72055435180664,20588200
2017-06-14 00:00:00-04:00,29.811672512306284,29.86137041408229,29.173856440880236,29.43063735961914,19149000
2017-06-15 00:00:00-04:00,29.165568454732544,29.389218470025735,29.107585468527173,29.248403549194336,20410000
2017-06-16 00:00:00-04:00,29.2235580267382,29.26497716322116,28.999907961043387,29.16557502746582,30762800
2017-06-19 00:00:00-04:00,29.49690523149082,29.49690523149082,29.256688175165664,29.41407012939453,21583800
2017-06-20 00:00:00-04:00,29.364377988795816,29.364377988795816,28.85909482630614,28.875661849975586,21536500
2017-06-21 00:00:00-04:00,28.436641424431684,28.660288302240303,28.237840337691036,28.64372444152832,27138500
2017-06-22 00:00:00-04:00,28.62715959668762,28.68514259309459,28.403509542045178,28.46149253845215,24602900
2017-06-23 00:00:00-04:00,28.33724573524718,28.61887882883816,28.246128681462334,28.3206787109375,29260900
2017-06-26 00:00:00-04:00,28.37865537827977,28.5857383961476,28.188139381021696,28.22127342224121,18854800
2017-06-27 00:00:00-04:00,28.16330145765641,28.287552580963354,27.87338638305664,27.87338638305664,27078900
2017-06-28 00:00:00-04:00,27.97277922155365,28.362096372941686,27.947930266303054,28.328962326049805,25940100
2017-06-29 00:00:00-04:00,28.09702869263174,28.246128751954167,27.616597625799205,27.782264709472656,25215700
2017-06-30 00:00:00-04:00,28.05560646216704,28.105307524148994,27.773973430608162,27.947925567626953,24432000
2017-07-03 00:00:00-04:00,27.757411768302838,28.188144909121203,27.69114683270439,27.71599578857422,12676900
2017-07-05 00:00:00-04:00,27.765691356488215,28.51947341354794,27.740842405543898,28.444923400878906,30010800
2017-07-06 00:00:00-04:00,28.262692513755287,28.403510624565033,27.798828524820674,27.8568115234375,20733200
2017-07-07 00:00:00-04:00,27.91479043686255,28.262688377650363,27.91479043686255,28.06389045715332,18304500
2017-07-10 00:00:00-04:00,27.54205216079634,27.94793642507334,27.525485133699593,27.87338638305664,29918400
2017-07-11 00:00:00-04:00,27.865094819127528,28.105311916494355,27.691145814759793,28.097026824951172,25737500
2017-07-12 00:00:00-04:00,28.39522554066005,28.48634258417725,28.113592478805256,28.370376586914062,23768300
2017-07-13 00:00:00-04:00,28.43664298845025,28.49462598363949,28.26269084304627,28.362092971801758,15046200
2017-07-14 00:00:00-04:00,28.560891626389008,28.751407638197076,28.38694263645595,28.726558685302734,16316400
2017-07-17 00:00:00-04:00,28.77625853610668,28.77625853610668,28.461491453442473,28.552608489990234,21044400
2017-07-18 00:00:00-04:00,28.519478223655145,28.643729319005136,28.370378173169808,28.602310180664062,14362800
2017-07-19 00:00:00-04:00,28.726561915941897,28.726561915941897,28.544327814658804,28.62716293334961,17036200
2017-07-20 00:00:00-04:00,28.6105874039123,28.8590863664346,28.560886347473545,28.784536361694336,17506200
2017-07-21 00:00:00-04:00,28.61059478131332,28.84252678482766,28.494628779556155,28.767976760864258,22245000
2017-07-24 00:00:00-04:00,28.7679715115871,28.825954501885555,28.47805656009481,28.577455520629883,16146300
2017-07-25 00:00:00-04:00,28.618879895162852,28.77626505205051,28.494631947966024,28.718278884887695,18096700
2017-07-26 00:00:00-04:00,28.74312039457991,28.966770408800702,28.652003371026726,28.784536361694336,15499300
2017-07-27 00:00:00-04:00,28.80939076555656,29.198707881794785,28.718273724748776,28.96677589416504,43062800
2017-07-28 00:00:00-04:00,29.099303538998875,29.70398550930901,28.991619496116428,29.248403549194336,36291500
2017-07-31 00:00:00-04:00,29.380945205688473,29.604595286941784,29.25669410726885,29.380945205688477,27057000
2017-08-01 00:00:00-04:00,29.538328506169204,30.176144730752686,29.46377847576758,30.10987663269043,38710200
2017-08-02 00:00:00-04:00,30.093314751576784,30.374944707394185,29.869664645630284,30.350095748901367,35004300
2017-08-03 00:00:00-04:00,30.502820245017727,30.536203029188336,30.169001953984203,30.452749252319336,26611300
2017-08-04 00:00:00-04:00,30.419358008382755,30.51115904754287,30.127263503459062,30.294174194335938,20520300
2017-08-07 00:00:00-04:00,30.369279507104473,30.502807404017123,30.22740750944061,30.40266227722168,18169300
2017-08-08 00:00:00-04:00,30.352584488517735,30.627987533681747,30.294166239583998,30.385967254638672,22819900
2017-08-09 00:00:00-04:00,30.27748023226998,30.594610199613474,30.060498581070554,30.536191940307617,22796800
2017-08-10 00:00:00-04:00,30.377629371887796,30.511157280143188,30.135609043313508,30.16064453125,22693300
2017-08-11 00:00:00-04:00,30.260799809047832,30.377639553544306,29.86856323783241,29.935325622558594,19275100
2017-08-14 00:00:00-04:00,30.14395263815966,30.436047121254308,30.110573049324145,30.32755470275879,18469400
2017-08-15 00:00:00-04:00,30.29417818294496,30.310869572585943,29.89359438223255,30.043813705444336,21706600
2017-08-16 00:00:00-04:00,30.027120210871495,30.102229867212124,29.676610603653113,29.8852481842041,22014000
2017-08-17 00:00:00-04:00,29.709982517638473,29.776748054264594,29.351125717163086,29.351125717163086,19525000
2017-08-18 00:00:00-04:00,29.451281847545395,29.467973236136963,29.2009173857856,29.217605590820312,16231400
2017-08-21 00:00:00-04:00,29.28437323774522,29.442936665360214,28.958899095844558,29.142498016357422,26493300
2017-08-22 00:00:00-04:00,29.225950367109288,29.367822382619032,28.89212899105864,28.91716766357422,26097800
2017-08-23 00:00:00-04:00,28.825361470316142,29.050690381314805,28.69183358048982,28.925506591796875,19648100
2017-08-24 00:00:00-04:00,28.958893371070097,29.117456767339288,28.833709564213688,28.96723747253418,14301900
2017-08-25 00:00:00-04:00,29.059042696366287,29.150843743490004,28.858752396784457,28.93385887145996,14726800
2017-08-28 00:00:00-04:00,29.025656904767583,29.042348291925773,28.867093502099646,28.91716766357422,20712900
2017-08-29 00:00:00-04:00,28.800330404309552,29.000623883695777,28.758603524641504,28.983932495117188,15843700
2017-08-30 00:00:00-04:00,29.00061991565025,29.175874696410713,28.900474781438046,29.117456436157227,18565000
2017-08-31 00:00:00-04:00,29.159181081585526,29.35947451825865,29.100762825796735,29.26767349243164,16366800
2017-09-01 00:00:00-04:00,29.409558072935912,29.534738725254083,29.267682846706688,29.284374237060547,12822000
2017-09-05 00:00:00-04:00,29.225950241088864,29.484661965590398,29.15084059097917,29.225950241088867,18772000
2017-09-06 00:00:00-04:00,29.392860682782295,29.9937346950823,29.301059646353487,29.843515396118164,28076400
2017-09-07 00:00:00-04:00,29.943670831861436,30.002089108275865,29.48466872422351,29.659923553466797,16297100
2017-09-08 00:00:00-04:00,29.55977074562258,29.65991907597794,29.2760266936195,29.36782455444336,14125000
2017-09-11 00:00:00-04:00,29.618187016871417,30.043806203996613,29.326092546421027,29.85186004638672,20037600
2017-09-12 00:00:00-04:00,29.94366457990685,30.32755694006494,29.826828051472358,30.118919372558594,19489900
2017-09-13 00:00:00-04:00,30.043810740624536,30.377632133387507,30.018775250412176,30.3192138671875,15509800
2017-09-14 00:00:00-04:00,30.202374710252695,30.627997153081253,30.177339219576947,30.444395065307617,18093900
2017-09-15 00:00:00-04:00,30.502804944252777,30.94511865374689,30.22740507188467,30.878353118896484,33596100
2017-09-18 00:00:00-04:00,30.878353118896484,31.153756174820515,30.7114424653264,30.878353118896484,19393800
2017-09-19 00:00:00-04:00,31.04526175904366,31.1287154886384,30.895042498928564,31.070297241210938,23850500
2017-09-20 00:00:00-04:00,31.0703050258083,31.12037918624454,30.594611644111783,30.936777114868164,23957500
2017-09-21 00:00:00-04:00,30.870010436059545,31.103683451652028,30.75317074470723,31.045265197753906,22954200
2017-09-22 00:00:00-04:00,30.836622155953776,31.061951030813876,30.836622155953776,31.028568267822266,21631800
2017-09-25 00:00:00-04:00,30.920087463188562,31.070306769370585,30.75317676925779,31.01188850402832,23180800
2017-09-26 00:00:00-04:00,31.05361072589167,31.412467549796173,30.878355956140044,31.27059555053711,29790400
2017-09-27 00:00:00-04:00,31.395785738994785,31.454204013393873,30.961819140917864,31.329023361206055,25981400
2017-09-28 00:00:00-04:00,31.145420529697017,31.61276989762253,31.12038503655074,31.571043014526367,21171400
2017-09-29 00:00:00-04:00,31.579375386547298,31.83808705932811,31.462538883857878,31.7796688079834,23217300
2017-10-02 00:00:00-04:00,31.813056938201655,32.62257175795529,31.779677345291805,32.58084487915039,37394500
2017-10-03 00:00:00-04:00,32.50572905642789,33.13164167041474,32.50572905642789,32.864585876464844,34002200
2017-10-04 00:00:00-04:00,32.872937971122745,32.88128525746389,32.430627301750775,32.83121109008789,28368800
2017-10-05 00:00:00-04:00,32.96474111782503,33.08992495245482,32.72272073543791,32.989776611328125,17710300
2017-10-06 00:00:00-04:00,33.048180633054166,33.29020091106913,32.89796136970391,33.073219299316406,18887500
2017-10-09 00:00:00-04:00,33.11495555975504,33.28186625344758,32.98142764151235,33.265174865722656,18494100
2017-10-10 00:00:00-04:00,33.32358542152576,33.34027680538911,32.8645835077295,33.08991241455078,29890000
2017-10-11 00:00:00-04:00,32.948044162378466,33.1066075670437,32.59753457831112,32.79782485961914,30754700
2017-10-12 00:00:00-04:00,32.83955974728066,32.87294253016107,32.53077696453034,32.706031799316406,18286900
2017-10-13 00:00:00-04:00,32.914659362194705,33.22344523417434,32.781131455020635,33.106605529785156,16829400
2017-10-16 00:00:00-04:00,33.139993852579316,33.20675940912611,32.914664874569326,33.18172073364258,12489100
2017-10-17 00:00:00-04:00,33.014806615698355,33.27351513675572,32.856240042347,33.20675277709961,15532800
2017-10-18 00:00:00-04:00,33.21510793383759,33.62403906323522,33.048197203806765,33.59065628051758,21424600
2017-10-19 00:00:00-04:00,33.281864203057346,33.65741244484005,33.24013732809404,33.45711898803711,19222700
2017-10-20 00:00:00-04:00,33.65741005604525,33.7575551855608,33.46546071443575,33.74086380004883,18335700
2017-10-23 00:00:00-04:00,33.84102309046149,34.24995424773275,33.715842422073834,34.07469940185547,28647000
2017-10-24 00:00:00-04:00,34.216558263747324,34.258285137113795,33.982885226050016,34.17483139038086,19652400
2017-10-25 00:00:00-04:00,34.12476002342387,34.2666352247421,33.790941825631286,34.032958984375,24031700
2017-10-26 00:00:00-04:00,34.141435671254314,34.70058574970617,33.97452505752741,34.508636474609375,38247400
2017-10-27 00:00:00-04:00,36.13602793193351,37.554764101363034,35.96911723254943,37.05403518676758,90028300
2017-10-30 00:00:00-04:00,37.12079655527933,37.71332649773397,36.62006765418799,37.028995513916016,48161500
2017-10-31 00:00:00-04:00,37.721678959210735,38.22240792900689,37.2626768729714,37.96369934082031,47000900
2017-11-01 00:00:00-04:00,38.36428038312846,38.98184585571289,38.04715036059334,38.98184585571289,47813700
2017-11-02 00:00:00-04:00,38.89838798332828,39.415808251208446,38.56456660714693,39.307315826416016,44602300
2017-11-03 00:00:00-04:00,39.39077125906425,39.47422500814665,38.05548898885061,38.673057556152344,39298100
2017-11-06 00:00:00-05:00,39.12050863050458,39.23804074945832,38.6923671199386,39.20446014404297,34035000
2017-11-07 00:00:00-05:00,39.204456073272425,39.53185893601947,38.944211211959995,39.27161407470703,24461400
2017-11-08 00:00:00-05:00,39.13729893321226,39.20446014404297,38.85187019202734,39.20446014404297,21565800
2017-11-09 00:00:00-05:00,38.65878599574913,38.94421473310379,38.32298955337013,38.86865997314453,25570400
2017-11-10 00:00:00-05:00,38.6503962082191,38.69237036729969,38.09632898205536,38.26422882080078,24095400
2017-11-13 00:00:00-05:00,37.9955822537905,38.56643971039842,37.98718870402685,38.40693664550781,18999000
2017-11-14 00:00:00-05:00,38.36497122256455,38.549658181198,38.045961817763676,38.499290466308594,22201200
2017-11-15 00:00:00-05:00,38.10472582713241,38.45731583922221,37.92003566830331,38.163490295410156,17157200
2017-11-16 00:00:00-05:00,38.306196301593566,38.67557332049799,38.163480342692935,38.3229866027832,26439400
2017-11-17 00:00:00-05:00,38.197065905539276,38.29780452333701,37.45830856936911,37.466705322265625,63798000
2017-11-20 00:00:00-05:00,37.550658066499224,37.87806101478237,37.35757435859951,37.45831298828125,22420000
2017-11-21 00:00:00-05:00,37.54226464447169,37.962012672419995,37.53386789055567,37.726951599121094,21871000
2017-11-22 00:00:00-05:00,37.726949025388954,37.735345778732146,37.39115254739233,37.483497619628906,19538300
2017-11-24 00:00:00-05:00,37.39954021914281,37.5926238841835,37.298801611822135,37.567440032958984,6465800
2017-11-27 00:00:00-05:00,37.29041064819193,37.44991693716678,37.164488170100455,37.349178314208984,18202100
2017-11-28 00:00:00-05:00,37.48349735084172,37.64300043656462,37.20646213611856,37.550655364990234,20194100
2017-11-29 00:00:00-05:00,37.65139564031403,37.85287609645065,36.74474159375724,36.895851135253906,27036900
2017-11-30 00:00:00-05:00,37.24004385224873,37.94522063511309,37.214859996496735,37.643001556396484,34145300
2017-12-01 00:00:00-05:00,37.55065259232571,37.64299765708153,36.54325683509758,37.5086784362793,26656300
2017-12-04 00:00:00-05:00,37.79411016782707,38.02916802220296,37.214859082790895,37.349178314208984,28000800
2017-12-05 00:00:00-05:00,37.44151999646263,37.693371356231346,36.29141138304958,36.46770477294922,30626900
2017-12-06 00:00:00-05:00,36.215859802794924,36.70276905861381,35.821295626695026,36.476104736328125,27710800
2017-12-07 00:00:00-05:00,36.4844953708529,36.60202429839895,35.913637834980825,36.165489196777344,32708400
2017-12-08 00:00:00-05:00,36.39213943481445,36.585226275198075,36.19066224842949,36.39213943481445,23154700
2017-12-11 00:00:00-05:00,36.333391543834175,36.75313960955286,36.308207684666606,36.652400970458984,20425900
2017-12-12 00:00:00-05:00,36.4928951482227,36.618817637132544,36.16549219366439,36.3753662109375,16557400
2017-12-13 00:00:00-05:00,36.643999628520476,36.65239317898419,36.29980641589584,36.38375473022461,21399500
2017-12-14 00:00:00-05:00,36.459305316381986,36.57683422394433,36.11511214319689,36.31658935546875,19644900
2017-12-15 00:00:00-05:00,36.434132187917925,37.64300542458477,36.157096936485225,37.4079475402832,47477000
2017-12-18 00:00:00-05:00,37.90324887404454,38.91064159697164,37.810903793877436,38.835086822509766,50369300
2017-12-19 00:00:00-05:00,38.86866638235016,39.67458181985759,38.52447313076325,39.48989486694336,41421100
2017-12-20 00:00:00-05:00,39.850859752727466,39.993572476861665,39.17086711955983,39.926414489746094,40935000
2017-12-21 00:00:00-05:00,39.90963067195839,39.95160482102313,39.086925181084794,39.25482177734375,42963500
2017-12-22 00:00:00-05:00,38.89384755000793,39.47309858252021,38.63360266167313,39.20446014404297,33913500
2017-12-26 00:00:00-05:00,38.851864186611074,39.01137043646738,38.57483224081282,38.68396759033203,15533300
2017-12-27 00:00:00-05:00,38.70915603637695,38.91903000907262,38.61681097600323,38.70915603637695,13359700
2017-12-28 00:00:00-05:00,38.91903496978293,38.91903496978293,38.57484173878727,38.80150604248047,9504400
2017-12-29 00:00:00-05:00,38.7931147598064,39.02817584998305,38.69237612254414,38.75114059448242,17394500
2018-01-02 00:00:00-05:00,38.93581483585118,39.372353021960954,38.793098889227686,39.33037567138672,23370800
2018-01-03 00:00:00-05:00,38.171882983743004,38.793108211490946,36.64400056640878,37.99558639526367,116479000
2018-01-04 00:00:00-05:00,36.534867788574346,37.48349920379238,35.8380845431034,37.29880905151367,89209100
2018-01-05 00:00:00-05:00,37.298810395546276,37.90324858665831,36.85387850621288,37.55905532836914,41824000
2018-01-08 00:00:00-05:00,37.16449115334619,37.64300365383544,36.90424622052332,37.55905532836914,33733800
2018-01-09 00:00:00-05:00,37.52546581799081,37.64299472674081,36.509676589597234,36.61880874633789,44282300
2018-01-10 00:00:00-05:00,36.37536447912948,36.602025588860684,35.62821032317314,35.67858123779297,45735000
2018-01-11 00:00:00-05:00,35.930415801256316,36.58522463368266,35.636593583285645,36.442508697509766,35371500
2018-01-12 00:00:00-05:00,36.47609806065006,36.60202052614749,36.1067178093763,36.2998046875,29973600
2018-01-16 00:00:00-05:00,36.56004785498253,36.76152829134853,36.005980658004624,36.21585464477539,38367200
2018-01-17 00:00:00-05:00,36.56005522046816,37.31560300602672,36.5264746072381,37.26523208618164,32368600
2018-01-18 00:00:00-05:00,37.27362795777885,37.55905675862613,37.08054103749156,37.34078598022461,26826500
2018-01-19 00:00:00-05:00,37.458301828574854,37.68496607964766,37.14768927818131,37.62620162963867,25780200
2018-01-22 00:00:00-05:00,37.60941491620946,38.440517249407726,37.601021366445806,38.40693664550781,27706800
2018-01-23 00:00:00-05:00,38.4573127380148,38.69237059217065,38.306203202508016,38.66718673706055,22135100
2018-01-24 00:00:00-05:00,38.53286186061026,38.72594552715435,37.74373369025668,38.2054557800293,32464200
2018-01-25 00:00:00-05:00,38.516072516315475,38.92742371104992,37.92002799768908,38.0291633605957,36758700
2018-01-26 00:00:00-05:00,40.61481412886335,42.100722314331584,40.39654339296071,42.04195785522461,86916100
2018-01-29 00:00:00-05:00,41.638990878751926,42.688360640841665,41.4459072268181,41.95800018310547,46304000
2018-01-30 00:00:00-05:00,41.538250565708886,42.02515965240672,40.917025485520476,40.95899963378906,32814600
2018-01-31 00:00:00-05:00,41.32839239434612,41.345182700545784,39.926435452120316,40.4133415222168,41619900
2018-02-01 00:00:00-05:00,40.043961618654656,40.690373951649654,39.83408760933511,40.00198745727539,28840400
2018-02-02 00:00:00-05:00,39.724945475916414,40.11950957115008,38.70075945973848,38.74273681640625,28663000
2018-02-05 00:00:00-05:00,38.91063501515522,39.674576182192574,37.35756882799426,37.374359130859375,47869000
2018-02-06 00:00:00-05:00,37.20531517502072,37.974439000102755,36.36857450968389,37.95753479003906,58145400
2018-02-07 00:00:00-05:00,37.67863044920601,39.13235732162939,37.475783114555604,38.2026481628418,37508400
2018-02-08 00:00:00-05:00,38.270264453355395,38.388590730069076,36.12348080980176,36.13193130493164,43151300
2018-02-09 00:00:00-05:00,36.765823377002576,37.42507159203491,35.53184479147827,37.14616012573242,49301100
2018-02-12 00:00:00-05:00,37.31519657781512,38.1688383583071,37.264483939946224,37.88992691040039,28379500
2018-02-13 00:00:00-05:00,37.687077607476745,37.84766278275354,37.408162950042154,37.57720184326172,19517600
2018-02-14 00:00:00-05:00,37.247584045152394,38.46465847775209,37.22222933535321,38.35478591918945,19922000
2018-02-15 00:00:00-05:00,38.77738253831666,38.870354108668586,37.9913542742586,38.811187744140625,23536800
2018-02-16 00:00:00-05:00,38.72665668834614,39.37745423475143,38.464646281617284,38.50690841674805,21475200
2018-02-20 00:00:00-05:00,38.4224039151852,39.47889326541015,38.36324076950457,39.149269104003906,25512000
2018-02-21 00:00:00-05:00,39.44507611023083,39.77470342289884,38.81118264026368,38.828086853027344,27527500
2018-02-22 00:00:00-05:00,38.99712007063347,39.352102038615214,38.55762027530526,38.709754943847656,16946400
2018-02-23 00:00:00-05:00,39.16616143016055,40.391689349196845,39.1408067251804,40.34097671508789,26040900
2018-02-26 00:00:00-05:00,40.738219374643556,41.524247504333275,40.65369831415882,41.50734329223633,26992300
2018-02-27 00:00:00-05:00,41.72709052546607,43.020235312280306,41.67638111463131,42.183494567871094,43624100
2018-02-28 00:00:00-05:00,42.41169692596532,42.54692739618003,41.65102351591464,41.65947723388672,35541200
2018-03-01 00:00:00-05:00,41.83697766895046,42.02292082365144,40.121240020517334,40.4339599609375,36326600
2018-03-02 00:00:00-05:00,39.89302911806377,41.456631698647506,39.690181791947246,41.39746856689453,33310600
2018-03-05 00:00:00-05:00,41.05093764385733,42.09052246633154,40.60298732520507,42.04826354980469,30826500
2018-03-06 00:00:00-05:00,42.394795092273704,43.38367058080981,42.386344597976326,42.859649658203125,39132300
2018-03-07 00:00:00-05:00,42.41168867773884,43.518890153895434,42.34407184370725,43.375205993652344,31801900
2018-03-08 00:00:00-05:00,43.77246002273348,44.01756628373127,42.65680771822869,42.885009765625,29481200
2018-03-09 00:00:00-05:00,43.33295643893825,44.20350240806106,43.104754411040766,44.110530853271484,32727900
2018-03-12 00:00:00-04:00,43.83161946167016,43.907686804387026,42.682158826903596,43.544254302978516,32044400
2018-03-13 00:00:00-04:00,44.389450593088995,45.45439028755934,43.43438345397925,43.764007568359375,45573900
2018-03-14 00:00:00-04:00,44.000661988946376,44.10208404621903,43.36676848873144,43.83162307739258,24993500
2018-03-15 00:00:00-04:00,44.1443449213207,44.203508059359955,43.00333786010742,43.00333786010742,25631200
2018-03-16 00:00:00-04:00,43.24844741821289,43.69640110471083,43.09631591474437,43.24844741821289,42559800
2018-03-19 00:00:00-04:00,42.88500748401647,43.29914941069729,42.2004013782506,42.96107482910156,31115200
2018-03-20 00:00:00-04:00,43.00333774097931,43.78936597177961,42.97797980749758,43.56961441040039,22215000
2018-03-21 00:00:00-04:00,43.569614060398614,44.09363180200623,43.24844044012013,43.578067779541016,23239500
2018-03-22 00:00:00-04:00,42.88500748401647,43.91613866565467,42.76667799510162,42.96107482910156,30916000
2018-03-23 00:00:00-04:00,42.75822810318553,43.096305913692866,41.71864318847656,41.71864318847656,37683900
2018-03-26 00:00:00-04:00,42.88500562111639,44.36409031473797,42.53002361808986,44.35563659667969,39306200
2018-03-27 00:00:00-04:00,44.80359066406282,45.00643800043684,42.91881439854804,43.265342712402344,38777000
2018-03-28 00:00:00-04:00,42.68216322105663,42.85120213606886,41.42282668957212,41.92148971557617,37970900
2018-03-29 00:00:00-04:00,42.24265926564828,44.01756286621094,42.149687710133,44.01756286621094,45265800
2018-04-02 00:00:00-04:00,43.6879281588588,43.98374698756025,39.96908913753369,41.34674835205078,67187800
2018-04-03 00:00:00-04:00,41.414370129455875,42.22575293370668,40.915707176482194,42.04826354980469,39432400
2018-04-04 00:00:00-04:00,40.653703320003864,42.394798690591685,40.57763596827553,42.25111770629883,30370000
2018-04-05 00:00:00-04:00,42.26801496912581,42.868103235021934,42.23420976789909,42.58073806762695,25115400
2018-04-06 00:00:00-04:00,42.082076386582806,42.597643605073685,40.99177881542823,41.23688507080078,28215200
2018-04-09 00:00:00-04:00,41.54961395993148,43.19773802773436,41.54961395993148,41.87923812866211,31437000
2018-04-10 00:00:00-04:00,43.206182040653246,43.51890516972972,42.54693380211762,43.33296203613281,25906400
2018-04-11 00:00:00-04:00,43.096301693686726,43.72174139048837,42.95261750983859,43.18927001953125,17568400
2018-04-12 00:00:00-04:00,43.5189094644531,45.023349223588966,43.48510103243556,44.558494567871094,29781400
2018-04-13 00:00:00-04:00,44.845853322566285,44.972630088119836,43.61187152512792,43.83162307739258,20884900
2018-04-16 00:00:00-04:00,44.195057151234174,44.397901272858945,43.77246146967519,44.288028717041016,18855500
2018-04-17 00:00:00-04:00,44.71908104699244,45.38678308952786,44.70217683050615,45.25155258178711,21228700
2018-04-18 00:00:00-04:00,45.234639744668236,45.94460058104315,45.082505049434396,45.310707092285156,22164700
2018-04-19 00:00:00-04:00,44.75287635816788,44.761326851858485,43.620319978854944,44.135887145996094,25422400
2018-04-20 00:00:00-04:00,44.09362573878408,44.18659729167109,43.00333148222846,43.552703857421875,26910100
2018-04-23 00:00:00-04:00,43.68793296791838,43.856971856619694,42.97797221469177,43.18927001953125,21706700
2018-04-24 00:00:00-04:00,43.84007095441901,45.33605991249887,43.22308170461471,43.48509216308594,42494700
2018-04-25 00:00:00-04:00,43.83162531181136,44.03446943669711,42.76668237163885,43.425933837890625,25752800
2018-04-26 00:00:00-04:00,44.16970413348099,45.02334931075421,44.00911891731106,44.837406158447266,39575000
2018-04-27 00:00:00-04:00,46.85740813389982,47.15322704625924,44.144344624945894,44.56694030761719,69888100
2018-04-30 00:00:00-04:00,44.423254597967194,45.107857467620605,43.282244441630105,43.6287727355957,36417400
2018-05-01 00:00:00-04:00,43.64567932139101,45.15011884176079,43.47664041228059,45.07405471801758,27600800
2018-05-02 00:00:00-04:00,44.87120417603076,44.96417573060575,44.076725551374146,44.21195602416992,25778300
2018-05-03 00:00:00-04:00,43.85697942953955,44.423259320847954,43.28224904320379,44.18660354614258,28561000
2018-05-04 00:00:00-04:00,43.880569522992126,44.91765494513326,43.35352754705853,44.86664962768555,25642500
2018-05-07 00:00:00-04:00,44.93465682128151,45.546707661039974,44.90915578387708,45.334190368652344,20285700
2018-05-08 00:00:00-04:00,45.30019444367356,45.58921813964844,44.88365905371442,45.58921813964844,21026800
2018-05-09 00:00:00-04:00,45.69972632286295,46.21826913945898,45.21518705815192,46.19276809692383,19827500
2018-05-10 00:00:00-04:00,46.37127494098695,46.75380673555648,45.98874314641742,46.7368049621582,18715900
2018-05-11 00:00:00-04:00,46.430786671088576,46.91532593785007,46.26927466308715,46.473289489746094,15405000
2018-05-14 00:00:00-04:00,46.55829045008674,46.95782401157112,46.532789411781486,46.668800354003906,21878200
2018-05-15 00:00:00-04:00,46.39678803619454,46.54129827339665,45.52971688470998,45.83573913574219,21712600
2018-05-16 00:00:00-04:00,46.048254610873066,46.498793566339685,45.869740827658816,46.44778823852539,16260500
2018-05-17 00:00:00-04:00,46.37128057675632,47.127841749767136,46.26077065761495,46.59230041503906,16872600
2018-05-18 00:00:00-04:00,46.35427667826814,46.36277918698958,45.45320531921287,45.47870635986328,23679900
2018-05-21 00:00:00-04:00,46.209769542853095,46.94082968937361,45.78473487559765,46.17576599121094,25367400
2018-05-22 00:00:00-04:00,46.52429615653294,46.79631809507714,45.9462487264372,46.286277770996094,19009600
2018-05-23 00:00:00-04:00,45.9037366898432,46.949321414203276,45.76772574787986,46.93231964111328,20555400
2018-05-24 00:00:00-04:00,46.906820311057956,47.0088277105561,46.01424826924651,46.541290283203125,19667100
2018-05-25 00:00:00-04:00,46.583805644639476,47.17885491372447,46.362789012397556,47.12784957885742,18550000
2018-05-29 00:00:00-04:00,46.85581102055626,47.442360814183914,46.592291657280285,47.02582550048828,24253500
2018-05-30 00:00:00-04:00,47.51038102419012,47.77390372098596,47.280861883643595,47.33186721801758,24711500
2018-05-31 00:00:00-04:00,47.3233623561229,47.48487761890284,46.8048227414957,46.923831939697266,30962100
2018-06-01 00:00:00-04:00,47.46786630254252,48.53895211387008,47.433862754816104,48.52195358276367,31183200
2018-06-04 00:00:00-04:00,48.46246158613007,48.964002729305335,48.26694598696112,48.309452056884766,22538100
2018-06-05 00:00:00-04:00,48.36893311436413,48.55594611139527,47.790885866617835,48.054405212402344,21687000
2018-06-06 00:00:00-04:00,48.054415583856446,48.504954509423236,47.67188700028576,48.47945022583008,22955400
2018-06-07 00:00:00-04:00,48.38593484548426,48.45394193454709,47.28084559026518,47.50186538696289,27596100
2018-06-08 00:00:00-04:00,47.229851397733036,47.348860580696225,46.46478773188821,46.79631423950195,30822900
2018-06-11 00:00:00-04:00,46.58379395505142,46.83031481424454,46.12475578471049,46.34577560424805,25752400
2018-06-12 00:00:00-04:00,46.64329855954311,46.77930950901641,46.090755496013955,46.60079574584961,23294900
2018-06-13 00:00:00-04:00,46.736813128942046,47.34886410720299,46.677308533028594,46.77931594848633,22631400
2018-06-14 00:00:00-04:00,47.1363422983001,47.48487057393512,46.90682320321016,47.21284866333008,23419800
2018-06-15 00:00:00-04:00,46.89830736487094,47.07682432770689,46.396769744481496,46.84730529785156,39194700
2018-06-18 00:00:00-04:00,46.158761464294834,46.158761464294834,44.49262644621804,45.24068832397461,40764400
2018-06-19 00:00:00-04:00,44.32261557501553,45.011172918779906,44.10159896990692,44.994171142578125,31780900
2018-06-20 00:00:00-04:00,45.215183057656674,45.691223013656554,44.7901484249715,45.4447021484375,21403000
2018-06-21 00:00:00-04:00,46.226769983560224,46.35427843439988,44.15259879189494,44.365116119384766,44435600
2018-06-22 00:00:00-04:00,44.730642808022786,45.130176391248824,44.458620908775174,44.62863540649414,34682100
2018-06-25 00:00:00-04:00,43.4980409553485,43.99108266541651,42.426955152046986,43.10700988769531,45356500
2018-06-26 00:00:00-04:00,42.46096013519003,42.85199121606459,41.95941914267461,42.222938537597656,37543000
2018-06-27 00:00:00-04:00,41.94240915336286,42.554459937640516,41.44086825908117,41.44936752319336,33338800
2018-06-28 00:00:00-04:00,41.29636474885401,42.06992761842371,41.22835765393253,41.865909576416016,29055700
2018-06-29 00:00:00-04:00,42.10393002058435,42.59697175505629,42.07842898009681,42.25694274902344,28906500
2018-07-02 00:00:00-04:00,41.68739324198529,42.73297794115752,41.508879492975616,42.6734733581543,23755500
2018-07-03 00:00:00-04:00,42.996494656910166,43.23451295628057,42.01891393977123,42.05291748046875,16327900
2018-07-05 00:00:00-04:00,42.486464149443364,43.319531692441416,42.29094859531947,43.14101791381836,26163500
2018-07-06 00:00:00-04:00,43.158020005007096,43.77857022291957,42.84349526283385,43.668060302734375,19968000
2018-07-09 00:00:00-04:00,43.897589837109855,44.11010721877112,43.35354585889828,44.0846061706543,21361600
2018-07-10 00:00:00-04:00,44.28860573210598,44.42461667964472,44.067589158389325,44.3396110534668,17362900
2018-07-11 00:00:00-04:00,43.94008411195163,44.093096856384435,43.51504943136211,43.52355194091797,18665600
2018-07-12 00:00:00-04:00,44.24611278692196,44.611642897970874,43.97409083117731,44.50113296508789,20292700
2018-07-13 00:00:00-04:00,44.543626267517176,44.56062479746789,43.99957926915385,44.3906135559082,13749300
2018-07-16 00:00:00-04:00,44.33111722847763,44.475627459266434,44.093095609006106,44.21210479736328,15951500
2018-07-17 00:00:00-04:00,43.39603591047521,44.10159496639114,43.36203236115848,43.991085052490234,15754500
2018-07-18 00:00:00-04:00,44.09308842070044,44.17809728620921,43.75306268693533,43.965579986572266,14649000
2018-07-19 00:00:00-04:00,43.86358007839702,44.21210840535252,43.396042553372446,44.186607360839844,15954600
2018-07-20 00:00:00-04:00,44.05909422441951,44.26310904440637,43.63405956623028,44.127098083496094,17380500
2018-07-23 00:00:00-04:00,44.00808297692335,44.62863310525611,43.6340536954336,44.46712112426758,15945500
2018-07-24 00:00:00-04:00,44.84966320295996,45.308701488804765,44.27161895452584,44.356624603271484,17788700
2018-07-25 00:00:00-04:00,44.38211747444254,44.586135533713964,43.430040764275674,44.56913375854492,19854800
2018-07-26 00:00:00-04:00,44.586131909242255,45.20668206006005,44.093090197691346,44.3396110534668,28282500
2018-07-27 00:00:00-04:00,41.44937653911805,41.82340909653766,40.36128890173071,40.53130340576172,67816700
2018-07-30 00:00:00-04:00,40.48879666024354,40.79482208924244,39.46871297783275,40.539798736572266,35696600
2018-07-31 00:00:00-04:00,41.00734096803098,41.38137026079891,40.53980029862512,40.888328552246094,36581200
2018-08-01 00:00:00-04:00,40.85433788252814,41.576895599321624,40.803332549448626,41.49188995361328,28060700
2018-08-02 00:00:00-04:00,41.22836803348422,42.09543925548429,40.973347848838934,42.06143569946289,26452500
2018-08-03 00:00:00-04:00,42.07842062005624,42.316438931336165,41.797896259399515,42.18893051147461,22008200
2018-08-06 00:00:00-04:00,41.71000487782899,42.17183470373157,41.32514668957684,42.16328048706055,26669000
2018-08-07 00:00:00-04:00,42.27446000891964,42.616556881362996,42.25735483904972,42.505374908447266,28322700
2018-08-08 00:00:00-04:00,42.41984709362261,42.873125917979536,42.28300900348102,42.72773361206055,21990600
2018-08-09 00:00:00-04:00,42.64221367790905,43.27508866069646,42.522480749407514,42.88167953491211,23795600
2018-08-10 00:00:00-04:00,41.487638134408805,42.05209568513282,41.30803874610515,41.778419494628906,28712400
2018-08-13 00:00:00-04:00,41.83828898670242,42.111968459499664,41.37646242083693,41.43632888793945,17070600
2018-08-14 00:00:00-04:00,41.62448315219183,41.701454797476984,40.752142188930804,41.15410232543945,23061600
2018-08-15 00:00:00-04:00,40.86332930734959,41.05148298167546,40.11072113500357,40.58965301513672,26739900
2018-08-16 00:00:00-04:00,40.83765771513454,41.00870614863584,40.23898982911874,40.341617584228516,24358000
2018-08-17 00:00:00-04:00,40.19623094939314,40.52977362038103,39.623222414614496,40.28175354003906,26382000
2018-08-20 00:00:00-04:00,40.23899268663284,40.298859153238,39.503486654080604,39.768611907958984,24334000
2018-08-21 00:00:00-04:00,39.90545369151601,40.923186980122885,39.88834851912622,40.72648239135742,19254300
2018-08-22 00:00:00-04:00,40.410039221250415,40.49556180879113,40.12780880990641,40.238990783691406,23182500
2018-08-23 00:00:00-04:00,40.07649897577735,40.34162097060573,39.94821182426325,40.17912673950195,31343200
2018-08-24 00:00:00-04:00,40.4442588495868,40.95740101763322,40.264659417018386,40.76069641113281,18214700
2018-08-27 00:00:00-04:00,41.05147103725527,41.38501371743652,40.73503352817021,41.35080337524414,17170300
2018-08-28 00:00:00-04:00,41.521858144171155,41.72711696609209,41.31660258472852,41.538963317871094,13472400
2018-08-29 00:00:00-04:00,41.650132691883485,41.78697077753022,41.3935616891055,41.692893981933594,13479100
2018-08-30 00:00:00-04:00,41.49619882913217,41.76132410740965,41.12844577901227,41.25673294067383,16418800
2018-08-31 00:00:00-04:00,41.01726797884883,41.53041341542481,40.98305763058142,41.41923141479492,16484000
2018-09-04 00:00:00-04:00,41.37645973218154,41.419221025550726,40.67516408099859,41.01725769042969,15682900
2018-09-05 00:00:00-04:00,40.837656396988145,41.15409386814129,40.598190555302246,40.8120002746582,20857200
2018-09-06 00:00:00-04:00,40.84620615717843,41.01725458016246,40.375825440830354,40.41858673095703,19318100
2018-09-07 00:00:00-04:00,40.11925827840342,40.60674420996702,39.648877517023514,39.72584915161133,25958300
2018-09-10 00:00:00-04:00,39.81993633452457,39.99098155598523,39.53770584665323,39.597572326660156,21522400
2018-09-11 00:00:00-04:00,39.34098961380117,39.3666457369478,38.391673907645654,38.42588424682617,32455300
2018-09-12 00:00:00-04:00,38.10944676560017,38.46864553956306,37.681827313276244,38.42588424682617,29778700
2018-09-13 00:00:00-04:00,39.067316708094474,39.21270576811228,38.579830752480504,38.97323989868164,18657100
2018-09-14 00:00:00-04:00,39.15284159899411,39.31533910205576,38.78508855650866,38.94758605957031,22998700
2018-09-17 00:00:00-04:00,38.733769111095505,39.25546534252314,38.64824326681707,38.844947814941406,17603200
2018-09-18 00:00:00-04:00,38.9817998391646,39.794274376165674,38.83640749532093,39.42652130126953,20528100
2018-09-19 00:00:00-04:00,39.41796472961371,39.717297067705466,39.24691628107078,39.46928024291992,15918900
2018-09-20 00:00:00-04:00,40.00808077835255,40.50412098172891,39.785720066048725,40.36728286743164,21999300
2018-09-21 00:00:00-04:00,40.29885804400165,40.555429074172686,39.65742883733523,39.90544891357422,52650600
2018-09-24 00:00:00-04:00,39.606113051406666,40.1962266943424,39.46927496337183,40.11925506591797,17847000
2018-09-25 00:00:00-04:00,39.52915577570924,39.674544869702046,39.16995362514595,39.26403045654297,23389900
2018-09-26 00:00:00-04:00,39.37520829960101,39.5975690264546,38.98179910306409,39.08442687988281,23957700
2018-09-27 00:00:00-04:00,39.264017481462226,39.48637815834656,39.11007421958942,39.23836135864258,15415500
2018-09-28 00:00:00-04:00,39.01599754578488,40.83765730886786,38.879159452840646,40.44424819946289,46223500
2018-10-01 00:00:00-04:00,40.01663051977888,40.38438352253424,39.512039418031584,39.72584915161133,23796200
2018-10-02 00:00:00-04:00,40.632390978544265,41.80407039777023,40.469896792929305,41.13698196411133,42121100
2018-10-03 00:00:00-04:00,41.58171741522754,42.522482230830036,41.53040516549787,41.70145034790039,39211900
2018-10-04 00:00:00-04:00,41.7698660549497,41.786971223647825,40.72647360170573,41.16264724731445,30108300
2018-10-05 00:00:00-04:00,41.24817304575023,41.34224984968936,39.905448191747844,40.221885681152344,28901400
2018-10-08 00:00:00-04:00,40.162019217277916,40.49556187671477,39.78571526399898,40.221885681152344,19376800
2018-10-09 00:00:00-04:00,40.35017227967293,40.72647622786471,39.80281989594759,39.811370849609375,23285700
2018-10-10 00:00:00-04:00,39.392299971559304,39.443612211142884,38.314697265625,38.314697265625,43109500
2018-10-11 00:00:00-04:00,38.61403471218314,39.00744379335933,37.39959386977664,37.827213287353516,43648800
2018-10-12 00:00:00-04:00,38.71666797642258,38.77653444241673,37.82721867811266,38.38312530517578,32087400
2018-10-15 00:00:00-04:00,38.16931950214663,38.60548997972402,38.00682199556682,38.08379364013672,21633000
2018-10-16 00:00:00-04:00,38.40022317024832,39.349535491469915,38.34035671564363,39.289669036865234,21472000
2018-10-17 00:00:00-04:00,39.34099453789211,39.6232249777403,38.947585375507884,39.246917724609375,23124400
2018-10-18 00:00:00-04:00,39.04165716603525,39.12717975121083,38.34036152766748,38.4600944519043,26638800
2018-10-19 00:00:00-04:00,38.502856321825675,38.63969441764493,37.51077931151667,37.63051223754883,28368500
2018-10-22 00:00:00-04:00,38.058126674227125,38.77652739812736,37.71602984856907,38.49429702758789,34508800
2018-10-23 00:00:00-04:00,37.78446355109493,38.56273099854935,37.553548603501426,38.05813980102539,38590300
2018-10-24 00:00:00-04:00,37.76735706654537,37.938405532433414,36.227927398509294,36.279239654541016,33631800
2018-10-25 00:00:00-04:00,37.23710690432238,38.4344395488076,37.014742936968545,37.8956413269043,48255300
2018-10-26 00:00:00-04:00,38.99034791501489,39.71729979310853,38.22918569236958,39.075870513916016,67280400
2018-10-29 00:00:00-04:00,39.76861971317847,39.982429496582654,38.00682592343576,38.827857971191406,35732200
2018-10-30 00:00:00-04:00,38.93902075529372,40.94883385330977,38.87915430146759,40.8462028503418,43975200
2018-10-31 00:00:00-04:00,41.299491895230354,41.53040681562195,40.05084374420425,40.093605041503906,33369100
2018-11-01 00:00:00-04:00,40.15347014409499,41.45343376513931,40.07649850658323,41.2396240234375,28335300
2018-11-02 00:00:00-04:00,41.16265407953865,41.2652818462843,39.98242334329101,40.29030990600586,30759800
2018-11-05 00:00:00-05:00,40.48701636137156,41.26528375875782,40.12781426739742,41.02581787109375,23751200
2018-11-06 00:00:00-05:00,41.13769342873625,41.24096705531455,40.4750146990908,40.66435241699219,23839600
2018-11-07 00:00:00-05:00,40.99138527143617,41.95528001615452,40.95695963837254,41.92946243286133,29913200
2018-11-08 00:00:00-05:00,41.7315165582854,42.42001274827075,41.7056956940924,42.161827087402344,26581700
2018-11-09 00:00:00-05:00,41.9897025675644,42.196249784769435,41.197929480254885,41.40447998046875,21761400
2018-11-12 00:00:00-05:00,41.060239995924775,41.13769604153034,40.10494986112594,40.14798355102539,24412800
2018-11-13 00:00:00-05:00,40.44058554237977,41.524966646553445,40.44058554237977,40.78483200073242,29315900
2018-11-14 00:00:00-05:00,41.18071621846945,41.28399310896098,40.35452079258997,40.52664566040039,25632700
2018-11-15 00:00:00-05:00,40.45779483875104,41.51636163820996,40.20821722487902,41.40447998046875,29581000
2018-11-16 00:00:00-05:00,41.111875917964426,42.213470024837555,41.043024644780154,42.02413558959961,31670600
2018-11-19 00:00:00-05:00,41.83479387041491,42.29953007093475,41.12047675298527,41.309814453125,26859000
2018-11-20 00:00:00-05:00,40.79344004992132,41.41308498815963,40.52664633621573,40.78483200073242,29200800
2018-11-21 00:00:00-05:00,41.18072673107552,41.206547601794334,40.46641277937423,40.47501754760742,19011400
2018-11-23 00:00:00-05:00,40.18240160112433,40.50943856786195,40.03609757677363,40.05331039428711,8906900
2018-11-26 00:00:00-05:00,40.68156329831801,40.84508013953237,40.191009491665675,40.83647537231445,20723000
2018-11-27 00:00:00-05:00,40.39756083690483,41.49915828417982,40.096344708554,41.37006378173828,27621000
2018-11-28 00:00:00-05:00,41.25817648588297,42.06716246284737,41.008598849062274,42.049949645996094,28003200
2018-11-29 00:00:00-05:00,41.731515708172516,41.79175891838097,40.99138108788725,41.0516242980957,23592500
2018-11-30 00:00:00-05:00,41.26679131188583,42.44584155422267,40.93114953569583,42.43723678588867,43313700
2018-12-03 00:00:00-05:00,43.03105884899027,43.46136943748017,42.626565845246795,43.142940521240234,30870400
2018-12-04 00:00:00-05:00,42.6179576527348,42.68680563419497,41.03441468304321,41.09465789794922,35397700
2018-12-06 00:00:00-05:00,40.27706760219036,41.64545530896968,40.0360947400938,41.62824249267578,31661700
2018-12-07 00:00:00-05:00,41.258181360778856,41.361458274089294,39.78651981770505,39.795127868652344,34016400
2018-12-10 00:00:00-05:00,39.829546820939356,40.84508006733923,39.5971787103554,40.62992477416992,23289000
2018-12-11 00:00:00-05:00,41.22375323776183,41.81758063266239,40.56107457695502,40.77622985839844,23851000
2018-12-12 00:00:00-05:00,41.808982952019534,41.86061812719166,40.80205435703805,41.163516998291016,31305000
2018-12-13 00:00:00-05:00,41.53357778260512,41.80897958773711,41.18933127145649,41.55939865112305,19526000
2018-12-14 00:00:00-05:00,41.21514864006021,41.963888162952635,41.180723004223715,41.1893310546875,26372100
2018-12-17 00:00:00-05:00,41.18933469048029,41.66267573448136,40.15658850529001,40.51805114746094,26598700
2018-12-18 00:00:00-05:00,40.853691440826374,41.69709986469667,40.75902257884949,41.0860595703125,29014300
2018-12-19 00:00:00-05:00,40.87090018787552,41.07744742705736,39.05498902143862,39.218505859375,39717600
2018-12-20 00:00:00-05:00,39.080810123262495,39.85537054743577,38.73656031629449,39.192691802978516,37750900
2018-12-21 00:00:00-05:00,39.373413134009446,40.1479733941115,38.555822477903675,38.590248107910156,52768300
2018-12-24 00:00:00-05:00,38.40953138855729,38.87426441785764,37.4714539950466,37.51448440551758,19241600
2018-12-26 00:00:00-05:00,37.867334917298535,39.760702319765365,37.44562906119533,39.75209426879883,28677600
2018-12-27 00:00:00-05:00,39.261541974377934,39.915615987329616,38.44395109969315,39.89840316772461,29970700
2018-12-28 00:00:00-05:00,40.02748119309582,41.08604791022919,39.84675157134468,40.234031677246094,24758700
2018-12-31 00:00:00-05:00,40.52666108203757,40.86230289633506,40.06192474700564,40.38896179199219,20490400
2019-01-02 00:00:00-05:00,39.55415295701155,40.853692918970616,39.390636096868526,40.51805114746094,18774600
2019-01-03 00:00:00-05:00,39.71767070903514,39.82954910412985,38.2029755198096,38.289039611816406,32267300
2019-01-04 00:00:00-05:00,39.450876358050074,40.93975065589179,39.19269065191157,40.63853454589844,35447300
2019-01-07 00:00:00-05:00,40.53526185709107,41.309822339154096,40.234045715738624,40.82787322998047,22736800
2019-01-08 00:00:00-05:00,41.13769474374753,41.33563723560397,40.25986068224755,41.0860595703125,22749200
2019-01-09 00:00:00-05:00,41.275390008796535,41.800369441208915,41.12047793749422,41.31842041015625,22554500
2019-01-10 00:00:00-05:00,41.09466275869691,41.86922316054626,40.80205141611042,41.79176712036133,27202600
2019-01-11 00:00:00-05:00,41.395881745158924,42.42002315687658,41.35285133829061,42.110198974609375,21751300
2019-01-14 00:00:00-05:00,41.70571472228206,42.02414702287935,41.568015421459826,41.611045837402344,19193900
2019-01-15 00:00:00-05:00,41.92085981016262,42.28232243810759,41.68849168141431,41.82619094848633,22480800
2019-01-16 00:00:00-05:00,41.82619696180469,42.07577794519524,41.37867674173814,41.42170715332031,19057700
2019-01-17 00:00:00-05:00,41.309812909054855,42.03273476628367,41.23235687853001,41.71430587768555,17448700
2019-01-18 00:00:00-05:00,42.2651058714957,42.4974739796388,41.903643275603365,42.333953857421875,29874600
2019-01-22 00:00:00-05:00,42.13602193619817,42.15323475774276,41.19794450158342,41.54219436645508,25940700
2019-01-23 00:00:00-05:00,41.662675573330375,41.998317343541785,40.896723167871585,41.258182525634766,18960700
2019-01-24 00:00:00-05:00,41.91225604660604,43.06548866709697,41.826191950742796,42.82451248168945,50578300
2019-01-25 00:00:00-05:00,40.32009577100218,40.81925756688568,39.373413908269185,40.48361587524414,86455700
2019-01-28 00:00:00-05:00,39.700456889501204,40.21682829648293,39.631605617632,40.199615478515625,35928700
2019-01-29 00:00:00-05:00,40.25985763843036,40.423377763303804,39.87258073490944,40.05331039428711,20988300
2019-01-30 00:00:00-05:00,40.173801785727235,41.0344230694266,39.97585928443754,40.913936614990234,26931700
2019-01-31 00:00:00-05:00,40.191015603301835,40.604113435773556,39.67464085045488,40.55247497558594,43051300
2019-02-01 00:00:00-05:00,40.50083632425585,42.213470735947375,40.45780263628605,41.938072204589844,37442900
2019-02-04 00:00:00-05:00,41.843400865248256,42.37698836077931,41.51636718051417,42.35977554321289,20905000
2019-02-05 00:00:00-05:00,42.32535882855867,43.650716513421145,42.32535882855867,43.0396728515625,31641600
2019-02-06 00:00:00-05:00,43.26051583523157,43.85810734796643,43.1479249807792,43.21721267700195,21647800
2019-02-07 00:00:00-05:00,42.87077335142196,43.17389871015709,42.16059110768369,42.636932373046875,27825900
2019-02-08 00:00:00-05:00,42.23855398260575,42.455073121349585,41.58033395068537,42.29917907714844,18851200
2019-02-11 00:00:00-05:00,42.455067388314184,42.714889658957006,42.07399494495934,42.238548278808594,18004100
2019-02-12 00:00:00-05:00,42.74952569756641,43.42506413855722,42.67157870023525,43.31247329711914,18050100
2019-02-13 00:00:00-05:00,43.41641036006187,44.00534256962563,43.30381950428135,43.71087646484375,17712800
2019-02-14 00:00:00-05:00,43.65891628363554,44.204545404339775,43.606950504200015,44.005348205566406,17545400
2019-02-15 00:00:00-05:00,44.386413493395054,44.7501639791175,44.247841407812345,44.74150466918945,22520400
2019-02-19 00:00:00-05:00,44.473028064553745,44.784816140954376,44.46436875301806,44.516334533691406,15611800
2019-02-20 00:00:00-05:00,44.71551967491154,44.802125982184776,44.2218564550526,44.507659912109375,21607700
2019-02-21 00:00:00-05:00,44.447031645218,44.897391679107095,44.351762731765874,44.52497863769531,16162100
2019-02-22 00:00:00-05:00,45.6422214511321,45.88472175674314,45.08793315041038,45.46034622192383,31934100
2019-02-25 00:00:00-05:00,45.95401835738105,46.43035975169448,45.78080240386175,45.9886589050293,20711800
2019-02-26 00:00:00-05:00,45.91071181588335,46.222499870943125,45.82410549117542,46.10124969482422,16082200
2019-02-27 00:00:00-05:00,45.69418947764372,46.23115922518475,45.477670377324706,46.10990905761719,17590300
2019-02-28 00:00:00-05:00,45.83276108913971,46.057942801249254,45.7374954612064,45.86740493774414,18388800
2019-03-01 00:00:00-05:00,46.28312303484764,46.490982830852516,45.80678166111821,46.16187286376953,18359300
2019-03-04 00:00:00-05:00,46.55160649395295,46.85473191238587,46.08392444509708,46.71615982055664,21706100
2019-03-05 00:00:00-05:00,46.63821728663354,46.75947076945839,45.997322539371595,46.49098587036133,21057700
2019-03-06 00:00:00-05:00,46.44768164896139,46.46500357468466,45.85008677487705,45.85874938964844,14740500
2019-03-07 00:00:00-05:00,45.70284534119373,45.89338317855298,45.34775420127255,45.55561065673828,17803000
2019-03-08 00:00:00-05:00,45.009985592724114,45.52097073307287,44.7761445992948,45.451683044433594,16793900
2019-03-11 00:00:00-04:00,45.79811984094882,46.46499904915499,45.52963497411698,46.20517349243164,18963000
2019-03-12 00:00:00-04:00,46.19651662493276,46.733483083169,46.057944529135696,46.395713806152344,20782100
2019-03-13 00:00:00-04:00,46.76812610938969,47.26178939846104,46.46500068761582,47.08857345581055,25522300
2019-03-14 00:00:00-04:00,47.02794151916018,47.15785428317369,46.18784977101433,46.28311538696289,26647100
2019-03-15 00:00:00-04:00,46.490984979959315,47.36572075732958,46.490984979959315,47.05393600463867,46512500
2019-03-18 00:00:00-04:00,47.13187286338026,47.20981986617671,46.65553153687712,46.85472869873047,16274000
2019-03-19 00:00:00-04:00,47.17517356647174,47.33106755304022,46.76811667889642,46.915348052978516,18274800
2019-03-20 00:00:00-04:00,46.82009200071755,47.11455811281587,46.430356954731636,46.61223220825195,24325300
2019-03-21 00:00:00-04:00,46.69883456286409,47.625539284111774,46.62955017380445,47.322410583496094,19127200
2019-03-22 00:00:00-04:00,47.114545969065034,47.30508048391072,46.08391319045633,46.12721633911133,21438400
2019-03-25 00:00:00-04:00,45.876062500735905,46.37838503491618,45.36507735344867,45.71150588989258,16971400
2019-03-26 00:00:00-04:00,46.17918715804338,46.56892214626508,45.93668685595825,46.28311538696289,17724300
2019-03-27 00:00:00-04:00,46.41302814786076,46.64686914077808,45.85007724226511,46.04061508178711,19656000
2019-03-28 00:00:00-04:00,46.118564610814694,46.28311792427656,45.702848368527604,45.997314453125,13607900
2019-03-29 00:00:00-04:00,46.594910916756916,46.8027707120472,46.317766725582786,46.508304595947266,18736100
2019-04-01 00:00:00-04:00,47.062588401877825,47.26178556342537,46.85472862680006,47.20981979370117,17830400
2019-04-02 00:00:00-04:00,47.22714549662414,47.46098652336924,46.96732323484713,47.07991409301758,13704500
2019-04-03 00:00:00-04:00,47.6601840807364,48.49161995039687,47.538933911195315,48.04991912841797,24552800
2019-04-04 00:00:00-04:00,47.86804820255713,48.62153382699561,47.86804820255713,48.43099594116211,16520500
2019-04-05 00:00:00-04:00,48.283763347838786,48.45697930312409,47.521615126875176,48.15385055541992,19268400
2019-04-08 00:00:00-04:00,47.876701213742216,48.27509885931636,47.807416821350536,48.2231330871582,11758800
2019-04-09 00:00:00-04:00,47.93732767046128,48.00661536865876,47.547595931468024,47.911346435546875,13339700
2019-04-10 00:00:00-04:00,47.911343163275575,48.37902518270867,47.911343163275575,48.283756256103516,13084000
2019-04-11 00:00:00-04:00,48.29241685180778,48.56090171540616,48.1798293026574,48.32706069946289,10845800
2019-04-12 00:00:00-04:00,48.68214987897592,48.924653498782774,48.36170256087499,48.8640251159668,12910200
2019-04-15 00:00:00-04:00,48.89867662141801,48.985286250564734,48.4309945354843,48.74278259277344,11676900
2019-04-16 00:00:00-04:00,49.07188925359822,49.773412335003854,48.56090403959594,49.11519241333008,30301900
2019-04-17 00:00:00-04:00,50.61349477148241,51.60948377875571,50.33635063627602,50.71742630004883,38788400
2019-04-18 00:00:00-04:00,50.84734915346949,50.994583872492726,50.33636390007045,50.65681457519531,20464200
2019-04-22 00:00:00-04:00,50.36234211369021,50.95127430815345,50.12850109790459,50.94261169433594,12327500
2019-04-23 00:00:00-04:00,51.003235540539976,51.08118254391405,50.665466293858636,50.90796661376953,17739900
2019-04-24 00:00:00-04:00,50.68279068374034,51.34966989976815,50.35368073083147,50.85600662231445,17723700
2019-04-25 00:00:00-04:00,50.49225246455979,50.5615401610281,49.565550999120966,49.89466094970703,27949900
2019-04-26 00:00:00-04:00,45.676874942953546,45.9800003889882,44.62026058165633,45.408390045166016,72364500
2019-04-29 00:00:00-04:00,45.18320225155368,45.40838395597111,44.169894493132645,44.26516342163086,42142300
2019-04-30 00:00:00-04:00,44.169892592058346,44.54230567625769,44.05730174469554,44.20453643798828,27130900
2019-05-01 00:00:00-04:00,44.25650223776684,44.689540433063264,43.94471751236157,43.9620361328125,20467600
2019-05-02 00:00:00-04:00,43.99667808489729,44.45570079872263,43.40774590037425,43.78015899658203,22655400
2019-05-03 00:00:00-04:00,44.23919588049136,44.88009073704837,43.936067077464536,44.81946563720703,25656600
2019-05-06 00:00:00-04:00,43.7868592135438,44.684379841189454,43.734575199913685,44.63209915161133,26245200
2019-05-07 00:00:00-04:00,44.09184651564561,44.33583528581694,43.508023248417466,43.987281799316406,29713400
2019-05-08 00:00:00-04:00,43.74330089379309,44.25741551151815,42.758640017664895,42.906776428222656,36812400
2019-05-09 00:00:00-04:00,41.73912566592551,42.07896351593843,40.12706980881826,40.623756408691406,59642200
2019-05-10 00:00:00-04:00,40.46690378344486,40.7806012531235,39.29925393744791,40.257774353027344,42522800
2019-05-13 00:00:00-04:00,39.499676815310075,39.76980262345861,38.95070620911866,39.002986907958984,39091900
2019-05-14 00:00:00-04:00,39.36897186167204,39.63910101748737,39.0988427058567,39.36025619506836,24706500
2019-05-15 00:00:00-04:00,39.14240204341873,39.865649298365774,39.0029813263756,39.75236892700195,23407900
2019-05-16 00:00:00-04:00,39.621669496535695,40.03993170701298,39.57809781548493,39.6739501953125,19954700
2019-05-17 00:00:00-04:00,39.36897696678299,39.84823564649363,39.00299537518629,39.116275787353516,22500400
2019-05-20 00:00:00-04:00,38.34073494922013,38.793853124779,37.86147642716532,37.95732879638672,28675000
2019-05-21 00:00:00-04:00,38.637008612298125,39.02041480695422,38.49758787569113,38.741573333740234,25543400
2019-05-22 00:00:00-04:00,38.47144477465322,38.74157056272882,38.21002800366709,38.340736389160156,16932500
2019-05-23 00:00:00-04:00,37.79177287013266,38.985566596335,37.34737025989045,38.802574157714844,35783900
2019-05-24 00:00:00-04:00,38.85485323929997,39.255687436569204,38.76771652652058,38.837425231933594,27168100
2019-05-28 00:00:00-04:00,38.91585018906769,38.94199053848464,37.73077226272845,37.96604537963867,34779900
2019-05-29 00:00:00-04:00,37.77434104476627,38.80257023806711,37.756916360993976,38.54115676879883,28450300
2019-05-30 00:00:00-04:00,38.60216228476479,39.23826976292556,38.541165904944805,38.97685623168945,21618900
2019-05-31 00:00:00-04:00,38.49757634115508,39.18596747617129,38.279731297723494,38.37558364868164,25532500
2019-06-03 00:00:00-04:00,38.55859260138309,38.85486214642364,37.64364361124567,37.870201110839844,31155700
2019-06-04 00:00:00-04:00,38.480154682933424,39.09012156991611,38.140316891000076,39.02912521362305,28094900
2019-06-05 00:00:00-04:00,39.307966234679554,39.36896259032928,38.506294622629916,38.81999206542969,20802000
2019-06-06 00:00:00-04:00,38.99427355558724,39.360251734195046,38.785140793488154,39.29925537109375,19076200
2019-06-07 00:00:00-04:00,39.42996257486023,40.18806258202895,39.299254186980065,40.10963821411133,24370300
2019-06-10 00:00:00-04:00,40.28391871436935,41.120443167488446,40.257778363975845,40.78060531616211,20806100
2019-06-11 00:00:00-04:00,41.18143113094071,41.23371514511132,40.53661157643,40.82416534423828,18415500
2019-06-12 00:00:00-04:00,40.667324667311405,40.667324667311405,40.30134646790491,40.362342834472656,15900600
2019-06-13 00:00:00-04:00,40.606333763346676,40.92003130449707,40.54533738857334,40.69347381591797,12267600
2019-06-14 00:00:00-04:00,39.93536363130349,40.44947485437645,39.69137486931118,40.24905776977539,15381100
2019-06-17 00:00:00-04:00,40.20548586933097,40.54532364906609,39.909216439091026,40.196773529052734,12643300
2019-06-18 00:00:00-04:00,40.73703163960073,41.82625708450984,40.606323256590734,41.277286529541016,25732300
2019-06-19 00:00:00-04:00,41.373142615063315,41.46028265291092,40.95488040555249,41.01587677001953,17436400
2019-06-20 00:00:00-04:00,41.71298813646692,41.86983690943309,40.841607541789635,41.12044906616211,20126800
2019-06-21 00:00:00-04:00,40.91131789764555,41.590993669765645,40.780609484213365,41.35572052001953,31096300
2019-06-24 00:00:00-04:00,41.30343573440938,41.695554287870905,41.10301530052779,41.50385284423828,14479900
2019-06-25 00:00:00-04:00,41.44284787774172,41.547412582030915,40.78059699445545,40.82416534423828,16665600
2019-06-26 00:00:00-04:00,41.521274616076475,42.24451857125785,41.44285025235298,41.991817474365234,21886300
2019-06-27 00:00:00-04:00,41.956975232943954,42.192245058637035,41.16401905745283,41.35572052001953,23062900
2019-06-28 00:00:00-04:00,41.62584165360695,42.00053548745096,41.54741728549884,41.71297836303711,26646200
2019-07-01 00:00:00-04:00,42.95034433488545,43.08976507767781,41.60841760797598,41.86983108520508,27423300
2019-07-02 00:00:00-04:00,41.747846586124645,42.017975782844736,41.556141780448876,41.93083572387695,15381600
2019-07-03 00:00:00-04:00,41.983107517646324,42.31423299706623,41.82625878129229,42.27937698364258,10739100
2019-07-05 00:00:00-04:00,41.85240533499732,41.9831137426906,41.33829069495152,41.89597702026367,14339200
2019-07-08 00:00:00-04:00,41.49512256350914,41.78267961375989,41.015864137142756,41.66939926147461,16564300
2019-07-09 00:00:00-04:00,41.26857209189415,41.6519782323642,41.068155019099436,41.6084098815918,17853200
2019-07-10 00:00:00-04:00,41.756541929431606,42.35779645733061,41.73911724878562,42.00924301147461,16032300
2019-07-11 00:00:00-04:00,42.31423788277644,42.50593933063607,42.09639275980425,42.349090576171875,16615100
2019-07-12 00:00:00-04:00,42.69763739406038,43.50802139011673,42.53207632327284,43.499305725097656,20148700
2019-07-15 00:00:00-04:00,43.56901926886439,43.786864365208714,43.3686021791139,43.673583984375,14345100
2019-07-16 00:00:00-04:00,43.490606351170065,43.56903073946323,42.66279410230961,42.84578323364258,17131400
2019-07-17 00:00:00-04:00,43.13333178088514,43.30760853369924,42.90677432906363,43.037479400634766,11928600
2019-07-18 00:00:00-04:00,42.94162415779287,43.560306755242664,42.60178634068871,43.5167350769043,15671600
2019-07-19 00:00:00-04:00,43.53416924757342,44.14413626610181,43.49060088711843,43.804298400878906,29141100
2019-07-22 00:00:00-04:00,43.5777305798498,44.89351679213039,43.47316586681136,44.74538040161133,21688000
2019-07-23 00:00:00-04:00,45.3117935254378,45.3117935254378,44.701826409323154,45.09394836425781,18413500
2019-07-24 00:00:00-04:00,45.29435271868453,46.157020775850036,45.13750398101807,46.11344909667969,20896400
2019-07-25 00:00:00-04:00,45.75618420873817,45.83460857918682,45.207216939650095,45.451202392578125,27765400
2019-07-26 00:00:00-04:00,45.9130384219925,46.618857840156714,44.90223715131757,44.95452117919922,36401500
2019-07-29 00:00:00-04:00,44.90222748237182,45.79975148544903,44.24869223281717,45.75617980957031,21897500
2019-07-30 00:00:00-04:00,45.05907778904815,45.58190800146623,44.92837272898285,45.05036544799805,16487700
2019-07-31 00:00:00-04:00,44.884799312491104,45.067791707976056,43.612584829121936,44.048274993896484,24169800
2019-08-01 00:00:00-04:00,44.02213973659937,45.21592999534738,43.10719094961656,43.133331298828125,34020800
2019-08-02 00:00:00-04:00,42.776073897358344,43.01134705885192,42.26195920906939,42.41880798339844,27881600
2019-08-05 00:00:00-04:00,41.61712561645534,41.7914023578112,40.580184157669144,40.92873764038086,38936600
2019-08-06 00:00:00-04:00,41.362986573217555,41.72266457183268,41.02962541585615,41.19630432128906,26119600
2019-08-07 00:00:00-04:00,40.61730608909886,41.126120609452656,40.327810826462745,40.994529724121094,29440400
2019-08-08 00:00:00-04:00,40.49450008983007,41.55598856896444,40.27518412241407,41.38053512573242,30643700
2019-08-09 00:00:00-04:00,41.17876227249663,41.231399306136595,40.16113638092841,40.33658981323242,24975500
2019-08-12 00:00:00-04:00,40.143585477462224,40.41553842945747,39.86286136091668,40.00322341918945,18494300
2019-08-13 00:00:00-04:00,39.90672921880187,41.275258518774656,39.79268399497227,41.091033935546875,28959500
2019-08-14 00:00:00-04:00,40.40676401863268,40.906804020212235,40.04708606404922,40.240081787109375,25650200
2019-08-15 00:00:00-04:00,40.44186116519024,40.51204387780554,39.86286717209779,40.09095764160156,21896000
2019-08-16 00:00:00-04:00,40.652396894205594,40.950666663337685,40.406764147801,40.79275894165039,22701800
2019-08-19 00:00:00-04:00,41.63493293151863,41.75774930975099,41.26648379682154,41.433162689208984,21403600
2019-08-20 00:00:00-04:00,41.25771302901244,41.33666690025245,40.757672959990906,40.880489349365234,23113300
2019-08-21 00:00:00-04:00,41.32789616484006,41.485803908961586,41.134897067248055,41.36298751831055,15915000
2019-08-22 00:00:00-04:00,41.47702292371477,41.60861380544288,40.95943725354341,41.03839111328125,19783000
2019-08-23 00:00:00-04:00,40.66116838539804,40.90680448027517,39.3014104123628,39.4417724609375,32814000
2019-08-26 00:00:00-04:00,40.196226762356915,40.196226762356915,39.696186667633455,39.9681396484375,22080500
2019-08-27 00:00:00-04:00,40.24007833103943,40.45939421979056,39.915491752706316,40.169898986816406,16925500
2019-08-28 00:00:00-04:00,40.0909451330062,40.275169676398384,39.80144655353716,40.169898986816406,14888800
2019-08-29 00:00:00-04:00,40.75767730523941,41.42439969934567,40.70504361646512,41.11735534667969,17803800
2019-08-30 00:00:00-04:00,41.44194266014132,41.924437072409184,41.371759951049974,41.5910758972168,16922600
2019-09-03 00:00:00-04:00,41.33666832231037,41.424396708092644,40.79276571644327,41.21385192871094,15003800
2019-09-04 00:00:00-04:00,41.722657662696534,42.94205352079312,41.70511198926769,42.915733337402344,23450700
2019-09-05 00:00:00-04:00,43.80177164110355,44.88957662672978,43.74913462057517,43.950904846191406,30014200
2019-09-06 00:00:00-04:00,44.08249637109304,44.73167291448837,43.92458865368594,44.67026138305664,17067900
2019-09-09 00:00:00-04:00,44.79308129363791,45.64402472280449,44.75798994595194,45.25802993774414,20749700
2019-09-10 00:00:00-04:00,45.02995097581812,45.47735402661045,44.59131909027847,45.459808349609375,18532000
2019-09-11 00:00:00-04:00,45.26681807974938,46.31076431274414,45.07382228807937,46.31076431274414,18968900
2019-09-12 00:00:00-04:00,46.49498249636071,46.78448116350514,45.67912687540301,46.503753662109375,23308700
2019-09-13 00:00:00-04:00,46.28442638177282,46.49497111967825,45.819477741454456,46.0914306640625,18010800
2019-09-16 00:00:00-04:00,45.52999625160471,45.87212862591625,45.35454280807425,45.793174743652344,13354600
2019-09-17 00:00:00-04:00,45.661569931494135,45.74052378973571,45.04748473922576,45.57384490966797,19641100
2019-09-18 00:00:00-04:00,45.731757858677575,45.731757858677575,44.88081099432101,45.389625549316406,14906800
2019-09-19 00:00:00-04:00,45.354535180807034,45.60894246381775,45.17908176678256,45.2404899597168,11428400
2019-09-20 00:00:00-04:00,45.26680547105747,45.51244158207559,44.35445376861799,44.494815826416016,37067900
2019-09-23 00:00:00-04:00,44.5913055979596,44.94220899231847,44.20530751372173,44.652713775634766,18916600
2019-09-24 00:00:00-04:00,44.8281768471219,44.89835955431766,43.54737255926028,43.70528030395508,28197400
2019-09-25 00:00:00-04:00,43.64386655453361,44.9246706794073,43.35436794393456,44.757991790771484,19486700
2019-09-26 00:00:00-04:00,44.72289840435737,44.872034958128566,44.16145022979659,44.67026138305664,11351800
2019-09-27 00:00:00-04:00,44.41586346803665,44.93344920121111,44.161456183858654,44.54745101928711,14845700
2019-09-30 00:00:00-04:00,44.90713254952186,45.26681057231854,44.687816600341066,45.20540237426758,13652100
2019-10-01 00:00:00-04:00,45.591398925254126,45.82826054331776,44.24041192437073,44.5299072265625,18413100
2019-10-02 00:00:00-04:00,44.13514073044003,44.187774413996706,42.96837832966409,43.32805633544922,20078700
2019-10-03 00:00:00-04:00,43.42455099723493,43.924591013725895,42.573604179541945,43.88949966430664,16320100
2019-10-04 00:00:00-04:00,44.170221393432506,44.71412724072146,43.889497306152116,44.67026138305664,12644900
2019-10-07 00:00:00-04:00,44.47727193836572,44.942220646039516,44.354455551168535,44.40708923339844,12081400
2019-10-08 00:00:00-04:00,44.003547361269405,44.28427147948361,43.52105299224471,43.62632369995117,17409100
2019-10-09 00:00:00-04:00,44.27550388962104,44.5562280305005,43.99477974874158,44.28427505493164,11834900
2019-10-10 00:00:00-04:00,44.222863133389914,45.424713469454545,44.21409196881811,44.83694839477539,13907900
2019-10-11 00:00:00-04:00,45.61771665799712,46.310755848844906,45.45980890953824,45.69667053222656,24072500
2019-10-14 00:00:00-04:00,45.52999323642947,45.573855757783306,45.12644933908486,45.301902770996094,15016800
2019-10-15 00:00:00-04:00,45.55630394427621,46.55638402103171,45.46857891338361,46.18793487548828,18878100
2019-10-16 00:00:00-04:00,45.92475331164137,46.108981231798346,45.72298306241748,46.012481689453125,14769300
2019-10-17 00:00:00-04:00,46.17916829308522,46.35462173148975,45.073817320179835,45.494903564453125,16533900
2019-10-18 00:00:00-04:00,45.39839911210248,45.459807306949926,44.766768140533756,45.05626678466797,16974100
2019-10-21 00:00:00-04:00,45.19662671938976,45.76684612272262,45.038718983944854,45.73175811767578,12189000
2019-10-22 00:00:00-04:00,45.52999152717607,45.89844070851135,45.52121701533719,45.626487731933594,13114300
2019-10-23 00:00:00-04:00,45.06502986157187,45.58261551560236,44.91589665699285,45.372074127197266,15887500
2019-10-24 00:00:00-04:00,45.69666832260751,45.99493812788553,45.117674388420234,45.81948471069336,23413000
2019-10-25 00:00:00-04:00,47.5389151050184,49.661894838729964,47.3020535223422,49.530303955078125,59767700
2019-10-28 00:00:00-04:00,49.46012595371134,49.83734959420815,49.17940185099212,49.79348373413086,32307500
2019-10-29 00:00:00-04:00,49.45135040763504,50.21457218326111,49.337308544008785,49.42503356933594,18155800
2019-10-30 00:00:00-04:00,49.40748539784736,49.67943831700897,48.79340021210842,49.65311813354492,15248000
2019-10-31 00:00:00-04:00,49.41626670045375,49.65312495872281,48.79340691911191,49.59171676635742,19249700
2019-11-01 00:00:00-04:00,49.07413668074185,49.69699653367277,48.793412527236036,49.57417678833008,17953500
2019-11-04 00:00:00-05:00,49.94262964495396,50.70584823293412,49.87244693288889,50.53916931152344,19068000
2019-11-05 00:00:00-05:00,50.416347131734625,51.18833679696732,50.18825669016933,50.48652648925781,20865400
2019-11-06 00:00:00-05:00,50.711463473261816,50.905521397999316,50.26159473178247,50.80849075317383,17721000
2019-11-07 00:00:00-05:00,51.16132515947636,51.64647498369565,51.03783284402926,51.20542907714844,16962800
2019-11-08 00:00:00-05:00,51.02901004516451,51.42595203406779,50.55268302339381,51.39949035644531,11888900
2019-11-11 00:00:00-05:00,51.134862168833436,51.60236974099676,51.07311601269538,51.470054626464844,11228900
2019-11-12 00:00:00-05:00,51.5141647071619,51.866999423564565,51.187788304224945,51.337745666503906,11952500
2019-11-13 00:00:00-05:00,51.04665448160029,51.134865685659385,50.587966315233125,51.06429672241211,15332700
2019-11-14 00:00:00-05:00,50.81730580159259,51.19660551989479,50.78202132432891,50.99372482299805,12119000
2019-11-15 00:00:00-05:00,51.311283716698455,51.77879470736473,50.82613384932494,51.12604522705078,16112100
2019-11-18 00:00:00-05:00,50.89669000691871,51.584720432407835,50.78201714769963,51.381839752197266,16097500
2019-11-19 00:00:00-05:00,51.58472750139829,51.73468485552867,50.94080089816347,51.470054626464844,17061900
2019-11-20 00:00:00-05:00,51.39067036074037,51.478881565821794,50.605609142539514,51.0731201171875,18542300
2019-11-21 00:00:00-05:00,50.71146199392499,51.4259542396816,50.640893030687444,51.35538864135742,16139000
2019-11-22 00:00:00-05:00,51.46124468469801,51.73469440156116,50.71146787043749,50.817317962646484,15690200
2019-11-25 00:00:00-05:00,51.1613321122324,51.90228947052335,51.1613321122324,51.87582778930664,15011700
2019-11-26 00:00:00-05:00,51.99931174126493,52.15808853280388,51.55826584585965,51.95520782470703,22338700
2019-11-27 00:00:00-05:00,51.62883685205107,51.68176357641719,51.081940826588536,51.6111946105957,18184200
2019-11-29 00:00:00-05:00,51.29364027740582,51.425952030422046,50.97608668630571,51.20542907714844,9481100
2019-12-02 00:00:00-05:00,51.64647707001854,51.769969390454264,50.693819623147675,50.86141586303711,19154500
2019-12-03 00:00:00-05:00,50.1557384975972,50.1557384975972,49.17661609613119,49.458885192871094,25737400
2019-12-04 00:00:00-05:00,49.97931783812274,49.97931783812274,49.27364511932673,49.41477966308594,18881400
2019-12-05 00:00:00-05:00,49.75880479928703,49.75880479928703,49.18544370847094,49.467716217041016,17673700
2019-12-06 00:00:00-05:00,49.97932580216812,50.27041773781957,49.76762227033856,50.11164093017578,16476800
2019-12-09 00:00:00-05:00,49.87347352908537,50.24395048737997,49.83818904784398,49.86465072631836,14298600
2019-12-10 00:00:00-05:00,50.023429734360555,50.12928318275569,49.78526452284172,49.917579650878906,16157900
2019-12-11 00:00:00-05:00,50.199853579415986,50.42919600968932,49.90876498080314,50.34098815917969,20051100
2019-12-12 00:00:00-05:00,50.058712417360105,51.2054311477707,49.935220096919274,50.76438522338867,27883300
2019-12-13 00:00:00-05:00,50.7643859502426,51.46123932832308,50.614431948964054,50.97608947753906,22795200
2019-12-16 00:00:00-05:00,51.34656333959568,51.66411692888341,50.85259408062652,50.896697998046875,19131200
2019-12-17 00:00:00-05:00,51.161326345624495,51.249534183013694,50.39390739261585,50.543861389160156,21653100
2019-12-18 00:00:00-05:00,50.623256710739895,50.685002878337855,50.22631465838605,50.429195404052734,28261000
2019-12-19 00:00:00-05:00,50.429191825141686,51.15251027193868,50.252776138761156,51.12604522705078,18865100
2019-12-20 00:00:00-05:00,51.443602114724115,52.08752883268103,51.06430230806386,51.99932098388672,49953000
2019-12-23 00:00:00-05:00,52.09634194092974,52.73144573686068,52.0786997014715,52.24629592895508,23593000
2019-12-24 00:00:00-05:00,52.26394051614954,52.46682123166315,52.18455211747784,52.40507507324219,6313200
2019-12-26 00:00:00-05:00,52.405073758423846,52.79319293946259,52.35214703899954,52.76673126220703,11480300
2019-12-27 00:00:00-05:00,52.84612873892744,53.348920882652195,52.83730929996462,52.99608612060547,14085800
2019-12-30 00:00:00-05:00,52.91669702810899,52.96962039103117,52.37862040564205,52.5903205871582,12750500
2019-12-31 00:00:00-05:00,52.590320703417675,52.86377041713707,52.36097827878256,52.7932014465332,14432900
2020-01-02 00:00:00-05:00,53.13720446603246,53.78113099085172,53.11956222858241,53.66645812988281,18056000
2020-01-03 00:00:00-05:00,52.75792117051298,53.54298247402007,52.75792117051298,53.01372528076172,15293900
2020-01-06 00:00:00-05:00,52.563854347981525,53.10193092379282,52.334511943739265,52.863765716552734,17755200
2020-01-07 00:00:00-05:00,52.73144706852624,52.749089308430015,51.946385899831135,51.98167037963867,21876100
2020-01-08 00:00:00-05:00,51.94639117725853,52.32569096144104,51.62001811816435,52.01696014404297,23133500
2020-01-09 00:00:00-05:00,52.087525276447536,52.493286737060295,51.89346734936646,52.308048248291016,18813300
2020-01-10 00:00:00-05:00,52.54620488554135,52.99607355903001,51.9287399921741,51.99048614501953,15200600
2020-01-13 00:00:00-05:00,52.19337388554858,52.73145046002449,52.11398884824566,52.5638542175293,16453300
2020-01-14 00:00:00-05:00,52.475644769589586,52.69616772844413,52.211014527033484,52.4227180480957,17051200
2020-01-15 00:00:00-05:00,52.308039711032,52.61677384017211,51.822889925140935,51.99048614501953,18498800
2020-01-16 00:00:00-05:00,52.27276082639262,52.784375707464505,52.10516458858286,52.6255989074707,21365500
2020-01-17 00:00:00-05:00,52.9078696484167,52.925511889502815,52.255123552797684,52.57267379760742,21803400
2020-01-21 00:00:00-05:00,52.75791748635443,54.02812860462908,52.74027524465309,53.41066360473633,28358500
2020-01-22 00:00:00-05:00,53.84288794660064,55.4394720597931,53.78114178558841,55.333621978759766,29475100
2020-01-23 00:00:00-05:00,55.44829585668264,56.19807260522174,55.404191935870955,55.85405731201172,42778700
2020-01-24 00:00:00-05:00,58.72086302848364,61.12015429858162,58.623832371984996,60.3968391418457,84711000
2020-01-27 00:00:00-05:00,58.85316791765251,59.470629506126805,57.86522264626708,57.94461441040039,30764000
2020-01-28 00:00:00-05:00,58.65911153311504,59.61177240324745,58.165142221117705,59.37360382080078,30915400
2020-01-29 00:00:00-05:00,59.65587066499656,60.03517043777867,58.36801734411073,58.5091552734375,18055800
2020-01-30 00:00:00-05:00,57.90050682380156,58.659106331283986,57.27422243596403,58.63264465332031,18522400
2020-01-31 00:00:00-05:00,58.04164990123488,58.20042671294582,56.162789841017585,56.39213562011719,25268400
2020-02-03 00:00:00-05:00,56.85964056112615,57.37125545574237,56.71850936285463,56.82435607910156,16646600
2020-02-04 00:00:00-05:00,58.015179879777854,58.27098733208663,57.2654031291222,57.74173355102539,20970800
2020-02-05 00:00:00-05:00,58.82670068073345,59.629400669899056,58.3327247268056,59.400054931640625,23401400
2020-02-06 00:00:00-05:00,59.65713908929345,59.74578132716633,59.18732237892564,59.47098159790039,17408000
2020-02-07 00:00:00-05:00,59.267093354440945,59.65712723916946,58.513624337734605,58.522483825683594,18134600
2020-02-10 00:00:00-05:00,58.114728168525744,58.85933774810406,58.00836020213481,58.85047149658203,22299300
2020-02-11 00:00:00-05:00,59.240515646326145,60.02057684087195,59.01004040769938,59.7546501159668,17975600
2020-02-12 00:00:00-05:00,59.92306211738746,60.357413790328536,59.66599490928838,59.7989616394043,15586600
2020-02-13 00:00:00-05:00,59.38233076933972,59.967381628007544,59.16072182523249,59.78123092651367,11602700
2020-02-14 00:00:00-05:00,59.85214025367951,60.15353193241929,59.23163791946262,59.630531311035156,13405500
2020-02-18 00:00:00-05:00,59.08981469959113,59.11640669197762,58.39838908269955,58.62886428833008,12758400
2020-02-19 00:00:00-05:00,58.85048117035692,59.56849211339496,58.66433043560519,59.48871612548828,13551200
2020-02-20 00:00:00-05:00,59.42665596127536,59.64826490798523,57.22829223420736,58.01721954345703,26452600
2020-02-21 00:00:00-05:00,57.77789291518438,57.83994315839876,56.767356518282085,57.03328323364258,20775900
2020-02-24 00:00:00-05:00,54.61331350625872,55.64157896164464,54.35624629704113,54.74627685546875,26903100
2020-02-25 00:00:00-05:00,54.95015854378814,55.20722236434595,52.7074735963466,52.94681167602539,34495700
2020-02-26 00:00:00-05:00,53.28366763980211,53.91303637807309,52.53906127657795,52.87590789794922,26190100
2020-02-27 00:00:00-05:00,51.3512216090449,51.865352569063475,49.4631125757274,49.489707946777344,42226900
2020-02-28 00:00:00-05:00,48.13346346661413,49.977251561499216,47.51295772770149,49.21491622924805,60721700
2020-03-02 00:00:00-05:00,49.45426035508563,51.60829989233278,48.32848634077042,51.57284164428711,43140300
2020-03-03 00:00:00-05:00,51.439867028365235,52.31743993495573,49.10854337083223,49.61381149291992,49740300
2020-03-04 00:00:00-05:00,50.535710135856895,52.042651870920835,49.78224095906726,52.01605987548828,29223100
2020-03-05 00:00:00-05:00,50.58003967237683,51.998335928056,50.181142793753,50.49139404296875,29099200
2020-03-06 00:00:00-05:00,48.91352997081297,49.64926996037955,48.346211573681046,49.436527252197266,36259200
2020-03-09 00:00:00-04:00,46.02375401059889,46.72403923954032,44.32179856867453,45.07526779174805,56197000
2020-03-10 00:00:00-04:00,46.768347441477154,47.86752923017105,44.70295395713957,47.84980010986328,36569000
2020-03-11 00:00:00-04:00,46.44037940015288,47.45978210667636,45.21709682862166,45.79328155517578,38563500
2020-03-12 00:00:00-04:00,42.54005446473247,44.40156824553008,40.217590292213835,40.3682861328125,50661700
2020-03-13 00:00:00-04:00,42.77939549843081,48.75397501545012,42.31845180126395,48.24870681762695,48805100
2020-03-16 00:00:00-04:00,42.11456931980219,46.31627709324348,38.67520036458056,39.543907165527344,53878900
2020-03-17 00:00:00-04:00,40.563305427991565,45.76668661257327,40.06690348652823,44.3927116394043,52085200
2020-03-18 00:00:00-04:00,41.405411609213374,44.36610704495165,40.06689516181984,42.20320510864258,49309900
2020-03-19 00:00:00-04:00,42.407083787487494,43.63922886259969,40.03143585417674,40.72285461425781,44538000
2020-03-20 00:00:00-04:00,41.22812800625633,43.807656076283095,40.306237334432616,40.6253547668457,52344000
2020-03-23 00:00:00-04:00,40.7937768559093,44.756146054718,40.69626837463899,43.94948959350586,46698500
2020-03-24 00:00:00-04:00,47.105194561066135,48.434848167636616,45.51847377900254,46.44923400878906,50019800
2020-03-25 00:00:00-04:00,46.52014276667642,47.68137469201198,44.24200340394039,45.438690185546875,41106100
2020-03-26 00:00:00-04:00,45.864195009077,49.596089341014164,45.793278513879,49.23265075683594,41459800
2020-03-27 00:00:00-04:00,47.353394773765125,48.434847439594954,46.15670789843312,46.422637939453125,31633500
2020-03-30 00:00:00-04:00,46.97223447709828,49.72904697155534,46.83040488451694,49.188323974609375,31628600
2020-03-31 00:00:00-04:00,48.80715545664227,49.463116042798426,47.17611347974965,47.97390365600586,48074700
2020-04-01 00:00:00-04:00,46.53788197247491,48.479175260278055,45.589395886602276,45.9882926940918,29586600
2020-04-02 00:00:00-04:00,45.4652926053736,48.36393805240308,45.40324237042213,48.17778396606445,27810000
2020-04-03 00:00:00-04:00,47.73456849325739,48.869208664583,46.74176130214631,47.98277282714844,23906100
2020-04-06 00:00:00-04:00,50.19886124415437,52.09583335076486,49.74677708402763,51.7944450378418,32323400
2020-04-07 00:00:00-04:00,53.132965279303875,54.506943594598084,51.599431617027555,51.76785659790039,41410000
2020-04-08 00:00:00-04:00,52.29085630408322,52.75180000585492,51.33350388928506,52.28199005126953,26719500
2020-04-09 00:00:00-04:00,52.618824492689974,52.937941890577044,49.693587314531676,50.650936126708984,40499700
2020-04-13 00:00:00-04:00,50.145677404592895,52.095837014692975,50.145677404592895,52.03378677368164,23251900
2020-04-14 00:00:00-04:00,53.22160521939928,53.98394053376695,52.75179195503075,53.77119445800781,25674000
2020-04-15 00:00:00-04:00,52.95568427299316,53.035463642445094,51.758993731214154,52.18448257446289,22841600
2020-04-16 00:00:00-04:00,52.84044562314045,54.037132760075835,52.13129756490153,53.88644027709961,24433500
2020-04-17 00:00:00-04:00,54.976759302251246,55.07426780005458,53.03546574397671,53.50527572631836,27385600
2020-04-20 00:00:00-04:00,52.54791652510553,53.22160967011093,52.20220708188528,52.45927429199219,26420300
2020-04-21 00:00:00-04:00,51.51078489788196,51.9451365464097,49.578354582656274,49.95952224731445,25248000
2020-04-22 00:00:00-04:00,51.65262331361344,53.62937508021338,51.24486358736982,53.27479934692383,23350400
2020-04-23 00:00:00-04:00,52.893630579212044,53.274798301498876,52.131298516123124,52.33517837524414,35092000
2020-04-24 00:00:00-04:00,49.81769061117981,52.65428573216748,49.72904500589277,52.530181884765625,50187000
2020-04-27 00:00:00-04:00,52.9379480655456,53.03545654643877,51.75898680599617,52.716339111328125,25902200
2020-04-28 00:00:00-04:00,53.17728786285833,53.38116770155847,51.64375087433727,52.07810592651367,28784700
2020-04-29 00:00:00-04:00,52.689745334299616,54.98561430483375,52.58337397986699,54.781734466552734,30451500
2020-04-30 00:00:00-04:00,54.40056800848072,54.55126386368171,52.964542856101644,53.16842269897461,26279900
2020-05-01 00:00:00-04:00,52.14901940795155,52.58337105357879,50.80163659467803,50.94346618652344,21194800
2020-05-04 00:00:00-04:00,50.633209768464184,51.475324418492015,49.915198965538075,51.40441131591797,18957200
2020-05-05 00:00:00-04:00,52.113564171892236,52.56564496527351,51.72353023569684,52.07810592651367,17252100
2020-05-06 00:00:00-04:00,52.63079849266885,53.44201153221524,52.54165214730997,52.75559997558594,17848700
2020-05-07 00:00:00-04:00,53.42418366828152,53.57572735849942,52.52382425969542,52.74668502807617,14733500
2020-05-08 00:00:00-04:00,53.192405700683594,53.29046498127175,52.63971195624221,53.192405700683594,20384500
2020-05-11 00:00:00-04:00,53.25480816000634,54.2353941337214,53.22806255668245,53.60247039794922,18684400
2020-05-12 00:00:00-04:00,53.68269569001485,54.05710009779994,51.935464918596125,52.051353454589844,16754900
2020-05-13 00:00:00-04:00,52.10484758516819,52.80017208442209,50.72311152101103,51.471923828125,21065000
2020-05-14 00:00:00-04:00,51.09752382679226,52.72886651107762,50.00996203726869,52.666465759277344,21569400
2020-05-15 00:00:00-04:00,51.168825517086354,52.03352284636365,50.77658845170479,51.95329284667969,21373300
2020-05-18 00:00:00-04:00,53.25481512104276,53.73619183618555,52.91606577287242,53.4152717590332,20428700
2020-05-19 00:00:00-04:00,53.60246737314771,55.06443331717007,53.35286102619345,53.74509811401367,21865000
2020-05-20 00:00:00-04:00,54.520655164900596,56.59771904131417,54.39585368574163,56.25005340576172,30584000
2020-05-21 00:00:00-04:00,56.250059476124896,56.87407033984664,55.10901337143528,55.251644134521484,20987700
2020-05-22 00:00:00-04:00,55.251644419464164,55.55473521765864,54.75243504579513,55.50124740600586,14103000
2020-05-26 00:00:00-04:00,56.76710096200285,57.17716400134875,55.3764484017943,55.572566986083984,20933600
2020-05-27 00:00:00-04:00,55.554731030970544,56.68686412124284,54.44042720990553,56.66012191772461,19886300
2020-05-28 00:00:00-04:00,56.16091623215493,56.5620663139303,54.81483862507048,55.00204086303711,17253500
2020-05-29 00:00:00-04:00,55.18033675656345,56.749275329732725,54.930730342210644,56.0985221862793,33393900
2020-06-01 00:00:00-04:00,55.70627480901554,55.85781848739506,54.96637548351031,55.1446647644043,14317700
2020-06-02 00:00:00-04:00,55.00203750250859,55.42101342846585,54.22648299218497,55.376441955566406,20702400
2020-06-03 00:00:00-04:00,55.67062404648983,55.75085406406607,54.850494600089796,55.20707321166992,16737300
2020-06-04 00:00:00-04:00,55.037703457728185,56.57989975185004,54.68112482531068,56.134178161621094,22010100
2020-06-05 00:00:00-04:00,56.48184294455707,58.041868579039566,56.30355362049902,57.35545349121094,26813100
2020-06-08 00:00:00-04:00,57.02562201810849,57.18608206454001,56.107433218953496,56.75818634033203,21546200
2020-06-09 00:00:00-04:00,56.1520075005331,56.793844278832886,56.07177747817239,56.19657897949219,23594100
2020-06-10 00:00:00-04:00,55.973713248882376,57.310877903271816,55.93805470862479,56.93647003173828,21367800
2020-06-11 00:00:00-04:00,56.223316687055444,56.42834819432676,53.05869432603077,53.219154357910156,26998200
2020-06-12 00:00:00-04:00,53.58464876317732,54.34237408712569,51.810675382774235,52.88932418823242,30419800
2020-06-15 00:00:00-04:00,52.88932870189427,53.80751414466411,52.22074627643987,53.57573699951172,29651700
2020-06-16 00:00:00-04:00,54.81483949794248,54.957470262557685,53.03195323995956,53.84316635131836,23226600
2020-06-17 00:00:00-04:00,54.14625784933029,54.627634560747175,53.54007624175348,53.923397064208984,20454800
2020-06-18 00:00:00-04:00,53.79858993522118,53.94122069575572,52.8804046268167,53.55790328979492,24899700
2020-06-19 00:00:00-04:00,54.06602733114416,54.279971778555975,52.68428775568947,53.1478385925293,60336100
2020-06-22 00:00:00-04:00,53.24588678836729,53.976869732477844,52.44359017683825,53.56680679321289,22846000
2020-06-23 00:00:00-04:00,53.65596181689746,53.90556821056359,53.36178734656497,53.4152717590332,22809600
2020-06-24 00:00:00-04:00,53.16566610378677,53.317213199558395,52.300965205934,52.67537307739258,27764500
2020-06-25 00:00:00-04:00,52.57731215816619,52.675371440514965,51.24014754559659,52.15833282470703,21906900
2020-06-26 00:00:00-04:00,52.14051442841326,52.35445889275871,50.87466331212326,51.25798416137695,38477500
2020-06-29 00:00:00-04:00,51.23122802561904,52.01569538239949,50.59830093925034,51.94438171386719,22150300
2020-06-30 00:00:00-04:00,52.33662609257882,53.46875929189546,52.18508239059864,53.335044860839844,31542100
2020-07-01 00:00:00-04:00,53.40635973930389,53.5133319666598,52.38119874200353,52.42577362060547,14748100
2020-07-02 00:00:00-04:00,52.76451727848987,53.31721446371969,52.56840210363361,52.71103286743164,15578600
2020-07-06 00:00:00-04:00,52.34554352160036,53.14784032644765,52.238567893818754,53.0765266418457,20536700
2020-07-07 00:00:00-04:00,52.65753667395936,53.103258164953154,51.82849442866411,51.98004150390625,15996500
2020-07-08 00:00:00-04:00,52.10484392671661,52.32770467627435,51.64129315956629,52.247474670410156,13277900
2020-07-09 00:00:00-04:00,51.881986950340796,52.37227995490795,51.43626541880966,52.078102111816406,20683700
2020-07-10 00:00:00-04:00,51.6591258039842,53.210234817957144,51.55215358936875,53.067604064941406,17742300
2020-07-13 00:00:00-04:00,53.34395424608935,54.0392787629463,52.05136109505655,52.22073745727539,19082900
2020-07-14 00:00:00-04:00,51.58781384913315,52.81800634140066,51.12426300566154,52.57731628417969,24190900
2020-07-15 00:00:00-04:00,52.62187957763672,52.89822813382106,52.07809879965942,52.62187957763672,19986300
2020-07-16 00:00:00-04:00,52.185075728435976,52.91605874009401,52.06027424848245,52.719940185546875,12425900
2020-07-17 00:00:00-04:00,52.96954510157521,53.89664670201746,52.84474361701287,53.4865837097168,16322800
2020-07-20 00:00:00-04:00,53.557901633690875,54.716776952272724,52.89823226125079,54.51174545288086,16868700
2020-07-21 00:00:00-04:00,54.84157875758338,55.207070284812566,53.87881859771011,54.110595703125,19803700
2020-07-22 00:00:00-04:00,54.654376899476254,55.06443990344048,54.0392789929444,54.42259979248047,18959900
2020-07-23 00:00:00-04:00,54.60980458575906,55.03770028019034,53.4687584688374,53.84316635131836,43518600
2020-07-24 00:00:00-04:00,46.48875490658675,46.51549710903016,44.12642954064153,45.09810256958008,182269900
2020-07-27 00:00:00-04:00,45.490345208908856,45.588404504573845,44.09969599936438,44.188838958740234,107526500
2020-07-28 00:00:00-04:00,44.10860539527403,44.77718773869578,43.80551459689941,43.89466094970703,62362600
2020-07-29 00:00:00-04:00,44.11752420231689,44.12643713780414,42.700129418836724,42.8516731262207,60500800
2020-07-30 00:00:00-04:00,42.637722793897986,43.234988006239284,42.423774965238415,42.78035354614258,39735200
2020-07-31 00:00:00-04:00,42.905154935101905,43.074527890337635,41.87108113345218,42.54857635498047,46536000
2020-08-03 00:00:00-04:00,43.02995564263661,43.35087567884635,42.55749192298632,43.056697845458984,31767100
2020-08-04 00:00:00-04:00,43.324133187621676,43.80551327651616,43.23499023808664,43.796600341796875,29045800
2020-08-05 00:00:00-04:00,44.322551261751414,44.322551261751414,43.37762036771002,43.60939407348633,29438600
2020-08-06 00:00:00-04:00,43.78889643500925,43.81582025987414,43.1696210736713,43.59144592285156,23795500
2020-08-07 00:00:00-04:00,43.555541081489054,43.663243218108,42.81062013344995,43.10679244995117,36765200
2020-08-10 00:00:00-04:00,43.25936851764706,44.32738902207576,43.13371944932373,44.1748161315918,37442600
2020-08-11 00:00:00-04:00,44.54279512352891,44.632543490435616,43.13372453627305,43.250396728515625,35348100
2020-08-12 00:00:00-04:00,43.6811929804149,44.210716536881975,43.2952722820764,44.147891998291016,30659800
2020-08-13 00:00:00-04:00,44.21071530864154,44.273543269167625,43.429893619503034,43.58246994018555,24774500
2020-08-14 00:00:00-04:00,43.735047405128995,44.165845741499815,43.66324939424095,43.87864685058594,22321200
2020-08-17 00:00:00-04:00,44.07610059717032,44.25560077304635,43.73505060537397,43.91455078125,20018300
2020-08-18 00:00:00-04:00,44.21072050871908,44.48894593581774,43.636322719323914,43.66324996948242,19251400
2020-08-19 00:00:00-04:00,43.78889315456042,43.95941640539777,43.30424380121584,43.37604522705078,27775000
2020-08-20 00:00:00-04:00,44.70434117350072,45.05436456823304,43.9773671372779,44.129940032958984,55081300
2020-08-21 00:00:00-04:00,43.9953090251218,44.255584010373724,43.66323605092302,44.22865676879883,34621500
2020-08-24 00:00:00-04:00,44.210718438904706,44.336370945172995,43.815820833103686,44.10301971435547,36295300
2020-08-25 00:00:00-04:00,44.29148745677572,44.767163322424636,44.165838390873084,44.36328887939453,38384300
2020-08-26 00:00:00-04:00,44.32739740520827,44.5786955893801,44.1837979537271,44.47099685668945,28616600
2020-08-27 00:00:00-04:00,44.68639580932579,44.812044895966864,44.129944963228425,44.33637237548828,24420600
2020-08-28 00:00:00-04:00,44.48894725696085,45.59286868317687,44.39022199203664,45.26079559326172,35384700
2020-08-31 00:00:00-04:00,45.77236365302593,46.221112316290885,45.16206519709113,45.72748947143555,46114100
2020-09-01 00:00:00-04:00,45.69159154940129,45.77236645067324,45.07231958877021,45.583892822265625,30472800
2020-09-02 00:00:00-04:00,45.96083569433652,47.28015781468578,45.85313697747549,46.89423370361328,53000700
2020-09-03 00:00:00-04:00,47.11861562446724,47.22631435869248,45.000521117178415,45.22489547729492,47394300
2020-09-04 00:00:00-04:00,45.350541615166634,45.97879046727903,44.41714693991936,44.94667053222656,43318400
2020-09-08 00:00:00-04:00,44.210721544452184,44.785122770984835,43.842747738020265,43.89659881591797,39752700
2020-09-09 00:00:00-04:00,44.45304620105709,44.84794725775943,44.01327438168707,44.53382110595703,33437300
2020-09-10 00:00:00-04:00,44.87486530518747,44.955640199684034,43.71709295863031,43.94146728515625,32649100
2020-09-11 00:00:00-04:00,44.210706415642164,44.919729958771285,43.932484500913375,44.22865676879883,29333600
2020-09-14 00:00:00-04:00,43.84274101647775,44.62356611972166,43.84274101647775,44.345340728759766,27212500
2020-09-15 00:00:00-04:00,44.68638906936394,45.41335965347709,44.63253800163395,44.87486267089844,27598300
2020-09-16 00:00:00-04:00,45.332596426676226,45.799295529365324,45.027447145059554,45.206947326660156,26531400
2020-09-17 00:00:00-04:00,44.30944422654974,45.31464374664146,44.246619684504104,45.16206741333008,26959900
2020-09-18 00:00:00-04:00,45.171035447747485,45.32360832746359,44.01326324502608,44.7761344909668,50123500
2020-09-21 00:00:00-04:00,44.32738992927845,44.65048949653976,43.82479364569899,44.623565673828125,27377100
2020-09-22 00:00:00-04:00,44.776143127072714,45.06334201084423,44.39919587600288,44.829994201660156,22290900
2020-09-23 00:00:00-04:00,44.72229688859122,45.00949578143308,43.672223154897424,43.81582260131836,30078800
2020-09-24 00:00:00-04:00,43.55554736376475,44.55177001725883,43.45682210279783,44.1209716796875,29343400
2020-09-25 00:00:00-04:00,43.94147119166025,45.126167467145144,43.75299756230602,44.82101821899414,26633400
2020-09-28 00:00:00-04:00,45.3325952335755,46.185218505977446,45.01847249180268,46.158294677734375,29652200
2020-09-29 00:00:00-04:00,46.0505923190998,46.43651647074183,45.727492710871054,45.94289016723633,19558200
2020-09-30 00:00:00-04:00,45.98776991288692,47.01091643737299,45.90699500707586,46.472415924072266,27711300
2020-10-01 00:00:00-04:00,47.02886862275834,47.31606753819689,46.66089479837262,46.88526916503906,22127600
2020-10-02 00:00:00-04:00,46.22111294039433,46.65191125210389,45.76339080410311,45.78133773803711,25811800
2020-10-05 00:00:00-04:00,46.04161248281101,46.499338039749524,46.014688658407785,46.39163589477539,20883200
2020-10-06 00:00:00-04:00,46.409584183504066,47.29810800969016,45.97878589385278,46.104434967041016,25642800
2020-10-07 00:00:00-04:00,46.53523922806265,47.477614245260256,46.48139157474684,47.27118682861328,21978700
2020-10-08 00:00:00-04:00,47.48658517214368,48.0879101835499,47.27118429936276,47.89943313598633,22369500
2020-10-09 00:00:00-04:00,48.06098785340563,48.330236404177214,47.27118913728539,47.40581512451172,24343900
2020-10-12 00:00:00-04:00,48.06098668038916,48.64436137922349,47.75583741731414,48.35716247558594,27303500
2020-10-13 00:00:00-04:00,48.70718399790708,48.7251343566342,48.12380932215885,48.312286376953125,20005800
2020-10-14 00:00:00-04:00,48.47382970415886,48.82385654176372,48.02508103529589,48.06098175048828,21874200
2020-10-15 00:00:00-04:00,47.342985001757526,48.446906326501846,47.2263093881463,48.330230712890625,18272900
2020-10-16 00:00:00-04:00,48.3751116530327,49.093108894583125,48.3751116530327,48.60845947265625,23414400
2020-10-19 00:00:00-04:00,48.886687330098646,50.46628133997705,48.32126297642943,48.98541259765625,43537200
2020-10-20 00:00:00-04:00,49.00335550698532,49.09310729906277,47.80968577364204,47.953285217285156,27224900
2020-10-21 00:00:00-04:00,47.69300986440944,48.527682695386034,47.40581097887779,48.016109466552734,21866000
2020-10-22 00:00:00-04:00,47.67506409434121,48.66231335408958,47.63018990609835,48.37511444091797,41522700
2020-10-23 00:00:00-04:00,43.39399908528384,43.681197987098194,42.774727095186826,43.259376525878906,97322500
2020-10-26 00:00:00-04:00,42.945241653355325,42.95421854303484,41.50924743585724,41.93107223510742,54161300
2020-10-27 00:00:00-04:00,41.26692979925417,41.65285395288638,40.71048237314668,40.9617805480957,50130500
2020-10-28 00:00:00-04:00,40.28865015197751,40.64765041385117,39.66937829510968,39.71425247192383,45066000
2020-10-29 00:00:00-04:00,39.70528339965776,39.911707374789074,39.41808110417006,39.58860778808594,36796800
2020-10-30 00:00:00-04:00,39.57963442686208,40.207883298841665,39.139862613053005,39.74118423461914,46781300
2020-11-02 00:00:00-05:00,40.351481540875525,40.4412333334349,39.70528575285209,39.902732849121094,33856700
2020-11-03 00:00:00-05:00,40.14505168508155,40.80022426842779,40.11812786308988,40.252750396728516,34349500
2020-11-04 00:00:00-05:00,40.486109016575334,41.41950715166018,40.18993322568688,41.01563262939453,34748200
2020-11-05 00:00:00-05:00,41.720764685486124,41.92869006928119,41.16026657412639,41.29587173461914,31103200
2020-11-06 00:00:00-05:00,41.169308008367345,41.404353040551555,40.59073243814552,41.0337028503418,36233700
2020-11-09 00:00:00-05:00,42.16373985271517,42.805596994334586,41.16931339241982,41.22355270385742,48481700
2020-11-10 00:00:00-05:00,41.042752434414474,42.019098023075955,40.907147251936166,41.07891082763672,39224500
2020-11-11 00:00:00-05:00,41.49476075885629,42.00101269669751,41.458598920844004,41.90156936645508,31496900
2020-11-12 00:00:00-05:00,41.70268683576955,41.75692614509129,40.274325248196135,40.63593673706055,42881300
2020-11-13 00:00:00-05:00,40.6720953632944,41.2054703705218,40.65401444542098,41.09698486328125,30884700
2020-11-16 00:00:00-05:00,41.62132576397905,42.263182901236334,41.395319438303986,41.756927490234375,36306300
2020-11-17 00:00:00-05:00,41.35915735991104,41.69364575437707,41.05178862082303,41.16027069091797,31118000
2020-11-18 00:00:00-05:00,41.17835641097468,41.304919415603045,40.717304972888016,40.73538589477539,32817900
2020-11-19 00:00:00-05:00,40.60881219539323,41.286831126560514,40.409928987287,41.24163055419922,29469100
2020-11-20 00:00:00-05:00,41.277790065638335,41.4766767111205,40.97946354599752,41.0337028503418,24199300
2020-11-23 00:00:00-05:00,41.11506799604678,41.77500601535692,41.08794834206693,41.639404296875,35489600
2020-11-24 00:00:00-05:00,41.847330320382994,42.76039432013018,41.594200901292695,42.498226165771484,33901200
2020-11-25 00:00:00-05:00,42.516304763020266,42.65190992471959,42.10045399173002,42.534385681152344,28126900
2020-11-27 00:00:00-05:00,42.81464511082931,43.483622000857885,42.81464511082931,42.8960075378418,15921400
2020-11-30 00:00:00-05:00,42.86888511578282,43.84523425555648,42.73328336764763,43.70962905883789,46332700
2020-12-01 00:00:00-05:00,44.07123554392571,45.409192639942106,44.03507370248615,44.803497314453125,57768000
2020-12-02 00:00:00-05:00,44.496125267275424,45.25550663840712,44.45996342851136,45.110862731933594,33753500
2020-12-03 00:00:00-05:00,45.12893844465847,46.204730690192335,45.00237546249746,46.096248626708984,50261200
2020-12-04 00:00:00-05:00,46.15952714632093,47.59692732712912,46.10528439377976,47.00027084350586,39767700
2020-12-07 00:00:00-05:00,46.1052881506006,46.36745630303837,44.803493020779285,45.3820686340332,51040300
2020-12-08 00:00:00-05:00,45.047576337860185,45.85215819562867,45.029495420445095,45.825035095214844,28956500
2020-12-09 00:00:00-05:00,45.45439758298456,45.96065306601111,44.95718428547784,45.26455307006836,34068400
2020-12-10 00:00:00-05:00,44.89389978598284,45.85216792073417,44.83061828589939,45.43631362915039,33706000
2020-12-11 00:00:00-05:00,45.3278264308012,45.3278264308012,44.40572024269473,44.957176208496094,29398800
2020-12-14 00:00:00-05:00,45.03853805641576,46.412656861757114,44.96621782907289,45.626155853271484,33436400
2020-12-15 00:00:00-05:00,46.087206310697894,46.11432596434518,45.391106462229175,45.80695724487305,25465600
2020-12-16 00:00:00-05:00,45.84312158942549,46.521140556351426,45.81600193429495,46.21377182006836,28351000
2020-12-17 00:00:00-05:00,46.2408920106724,46.394574644840745,45.40014826876325,45.78887939453125,26399000
2020-12-18 00:00:00-05:00,45.716564094840194,45.81600744038017,42.588637045839796,42.90504455566406,119298400
2020-12-21 00:00:00-05:00,41.87444836212825,41.99197260758763,40.89810290735457,41.91061019897461,53775700
2020-12-22 00:00:00-05:00,41.81116186082543,41.89252425968708,41.37723021642402,41.73883819580078,32171200
2020-12-23 00:00:00-05:00,41.73884475302444,42.51630703126889,41.64844360612366,42.10045623779297,22564200
2020-12-24 00:00:00-05:00,42.12757438408588,42.57054826464085,41.89252934140825,42.552467346191406,11865600
2020-12-28 00:00:00-05:00,42.6609494083055,43.06776145196157,42.3626228753461,42.552467346191406,21269200
2020-12-29 00:00:00-05:00,42.68807746731436,45.806962117490734,42.02813938589759,44.649810791015625,84531400
2020-12-30 00:00:00-05:00,44.39668149049393,44.4690017187153,43.8994682825054,44.071231842041016,37385400
2020-12-31 00:00:00-05:00,44.071236830220855,45.37303212279284,44.044117172641165,45.038543701171875,28576800
2021-01-04 00:00:00-05:00,45.10182169776617,46.45785964874451,44.658851231652974,44.90293502807617,46102500
2021-01-05 00:00:00-05:00,44.70405069443499,45.95160654389077,44.59556862665967,45.75271987915039,24866600
2021-01-06 00:00:00-05:00,45.59903737713279,47.14492334535654,45.382073224507614,46.19569396972656,36809600
2021-01-07 00:00:00-05:00,46.548261140460276,47.63308866995505,46.37649413771027,47.18107604980469,32092300
2021-01-08 00:00:00-05:00,47.41613268207868,47.48845292045296,46.34938243953831,46.69291305541992,34625400
2021-01-11 00:00:00-05:00,46.367453780837906,47.22627841880005,46.33129194483092,46.59346008300781,32925000
2021-01-12 00:00:00-05:00,46.91891226046976,48.681758754359336,46.611543534866485,48.130306243896484,39883900
2021-01-13 00:00:00-05:00,53.789505309127456,54.467524283612256,51.43904091034662,51.4842414855957,124070700
2021-01-14 00:00:00-05:00,52.840276131461685,54.3680775503064,52.28882018157958,53.56349563598633,74680900
2021-01-15 00:00:00-05:00,53.20188872416388,53.9251117393238,51.98145592110162,52.05377960205078,50265400
2021-01-19 00:00:00-05:00,52.37922682141954,52.74083833590907,51.61984539985793,52.42443084716797,35647100
2021-01-20 00:00:00-05:00,52.65043398325351,53.53637834649362,52.51482881141172,53.039161682128906,28701300
2021-01-21 00:00:00-05:00,53.37365487895273,57.81241899222635,52.63235440412696,56.46541976928711,86519500
2021-01-22 00:00:00-05:00,53.20189069964345,53.89799063600339,51.21303767985282,51.222076416015625,85729300
2021-01-25 00:00:00-05:00,50.9689495382672,51.0774316132585,48.87161102932623,50.119163513183594,61968500
2021-01-26 00:00:00-05:00,49.97450584561484,50.80621072124415,49.585774781230825,49.911224365234375,31485900
2021-01-27 00:00:00-05:00,49.36882253496453,49.58578667729714,48.18454814207421,48.44671630859375,49722900
2021-01-28 00:00:00-05:00,49.53154654544956,51.8910531078713,49.45018413127699,50.688697814941406,49202600
2021-01-29 00:00:00-05:00,50.6073346960304,51.67408480095659,50.046839988748374,50.18244171142578,37256200
2021-02-01 00:00:00-05:00,50.580214515985844,51.88200966251801,50.36324693393912,51.24919128417969,26926600
2021-02-02 00:00:00-05:00,51.70121364685248,52.686601513914425,51.42096796768275,52.433475494384766,23580900
2021-02-03 00:00:00-05:00,52.33401712863429,52.731790415004596,51.87296580412061,52.14417266845703,21893200
2021-02-04 00:00:00-05:00,52.39702024036156,53.55210163223287,52.015023152967714,53.470245361328125,29853800
2021-02-05 00:00:00-05:00,53.6612512128285,53.73401389678972,52.86087903683377,52.91545104980469,23432600
2021-02-08 00:00:00-05:00,53.09735154040298,53.861342334851784,52.706260808154454,53.80677032470703,34358300
2021-02-09 00:00:00-05:00,53.452053709312125,53.94319132569838,52.69715661714268,53.46114730834961,28754100
2021-02-10 00:00:00-05:00,53.93410464358802,54.04324520063118,52.860879335702315,53.53392028808594,16325100
2021-02-11 00:00:00-05:00,53.752205970484276,55.47118810496523,53.5339248378466,55.17104721069336,27539100
2021-02-12 00:00:00-05:00,55.11646326119576,56.853632222738476,54.96184778150815,56.216976165771484,26214200
2021-02-16 00:00:00-05:00,56.38978108144681,57.18105607031898,56.1169279959235,56.81725311279297,26326300
2021-02-17 00:00:00-05:00,55.925935288638264,56.56259137842572,55.67126938320781,56.25335693359375,21055400
2021-02-18 00:00:00-05:00,55.16194105577823,56.371591020111794,55.152843986770876,56.035072326660156,17846100
2021-02-19 00:00:00-05:00,56.30792902602466,57.53576973759639,56.25335701702674,57.30839157104492,28290100
2021-02-22 00:00:00-05:00,56.28064235083271,57.02644242768457,55.1710358352415,55.21651077270508,32288200
2021-02-23 00:00:00-05:00,55.007328917925406,55.93503230915076,53.81586600507882,55.58941650390625,27374600
2021-02-24 00:00:00-05:00,55.05279960807,57.55395939619764,54.91637479224502,57.472103118896484,24669900
2021-02-25 00:00:00-05:00,56.76268543265786,57.79043571826617,54.68899766126718,54.934566497802734,36394000
2021-02-26 00:00:00-05:00,55.38022883885903,56.1078383192897,54.27971928286292,55.280181884765625,38216800
2021-03-01 00:00:00-05:00,56.13512426375227,57.372062075659755,56.07145865309664,57.19015884399414,28495400
2021-03-02 00:00:00-05:00,57.11739638698148,57.42663084116816,55.58032118590048,55.69855880737305,23320000
2021-03-03 00:00:00-05:00,55.15285008337119,55.9532222382438,54.2979093864835,54.47981262207031,28740400
2021-03-04 00:00:00-05:00,54.416152908005444,54.789053020093625,52.66988651442264,53.051883697509766,40210400
2021-03-05 00:00:00-05:00,53.89771931181504,55.64398544282323,53.2155848091353,55.24380111694336,39511700
2021-03-08 00:00:00-05:00,54.9982380285101,56.11693831349888,54.31610345452798,54.4343376159668,33112400
2021-03-09 00:00:00-05:00,55.643977578316154,57.453905593356076,55.33474317536006,56.999149322509766,36387500
2021-03-10 00:00:00-05:00,57.49939690019195,58.31795975922497,56.5080278684812,56.61716842651367,27160300
2021-03-11 00:00:00-05:00,57.24472704613977,58.29066455037643,56.74449576415567,57.58124923706055,30701800
2021-03-12 00:00:00-05:00,56.98096535753643,57.572146461466964,56.6080653330674,57.208343505859375,20173000
2021-03-15 00:00:00-04:00,57.85410968428681,58.0996785562941,56.82635925022281,58.017822265625,21247400
2021-03-16 00:00:00-04:00,58.34524145758024,59.78227319793204,58.28157584574345,58.91823196411133,30186600
2021-03-17 00:00:00-04:00,58.40890223268684,60.29159309999411,57.945048848268904,59.82773971557617,32394700
2021-03-18 00:00:00-04:00,59.69131355455781,59.75497916338515,57.89048236828096,57.96324157714844,30094200
2021-03-19 00:00:00-04:00,57.46300876592099,59.10922442077035,57.22653353703205,57.99052429199219,54951700
2021-03-22 00:00:00-04:00,58.954600344020015,60.37343763247321,58.718125149601235,59.69130325317383,34380100
2021-03-23 00:00:00-04:00,60.02783503128827,60.07331343950007,57.45391256079138,57.735862731933594,35160000
2021-03-24 00:00:00-04:00,60.55535486365655,61.337536310195794,56.38069159510502,56.42616653442383,74584700
2021-03-25 00:00:00-04:00,56.080549138256764,56.789967885879,55.462080266657495,56.40797424316406,35401400
2021-03-26 00:00:00-04:00,56.20788072788104,59.09103761466749,56.18059645879501,59.00008773803711,34705800
2021-03-29 00:00:00-04:00,58.21790354301957,59.23655321533646,57.85409711475047,58.6635627746582,26161600
2021-03-30 00:00:00-04:00,57.9996223449707,58.20880983898771,57.43572547111983,57.9996223449707,20709500
2021-03-31 00:00:00-04:00,58.21790596824485,58.65446814912957,57.82681525589396,58.20880889892578,33013200
2021-04-01 00:00:00-04:00,58.86365707338173,59.01827255130448,57.826813255853125,58.709041595458984,31416300
2021-04-05 00:00:00-04:00,59.072845540812764,60.7008740638183,58.84546737177341,60.51897430419922,27947500
2021-04-06 00:00:00-04:00,60.08240372708654,60.5553541932154,59.38208203639646,59.627647399902344,28771400
2021-04-07 00:00:00-04:00,59.727699455836756,60.54626230259057,59.44575272935601,60.255218505859375,17793300
2021-04-08 00:00:00-04:00,60.91005974506918,61.201103498613584,60.355256505651646,60.98282241821289,22224200
2021-04-09 00:00:00-04:00,60.75545196374595,62.21067091577521,60.60082952897462,62.08333969116211,27177100
2021-04-12 00:00:00-04:00,62.02875244692463,62.292511916185,58.854555625532605,59.49121856689453,51266900
2021-04-13 00:00:00-04:00,59.673125976540646,59.69131317650573,58.39980686902733,59.318416595458984,26822000
2021-04-14 00:00:00-04:00,59.4002682141396,59.463933821288585,58.06328699449556,58.38161849975586,25768400
2021-04-15 00:00:00-04:00,58.18152483077533,59.31841563350572,57.917765331858185,59.13650894165039,24927700
2021-04-16 00:00:00-04:00,59.41847214673945,59.59127485803796,58.727240484449695,58.890953063964844,24625500
2021-04-19 00:00:00-04:00,58.84547412238797,58.881855466291576,57.36297078823323,57.87229919433594,23997700
2021-04-20 00:00:00-04:00,57.88138798979805,57.990528542931266,56.762687779014655,57.02644729614258,19872100
2021-04-21 00:00:00-04:00,57.10829869562083,58.00871425363679,56.662635981697896,57.93595504760742,24364200
2021-04-22 00:00:00-04:00,57.61762184301144,58.12695014822095,56.64444363822105,56.908203125,38257600
2021-04-23 00:00:00-04:00,53.8067653721586,54.570756096287234,52.66078102072327,53.8795280456543,77479500
2021-04-26 00:00:00-04:00,53.752200928005855,54.13419807856082,53.17011333622279,53.44296646118164,39645900
2021-04-27 00:00:00-04:00,53.26106175721665,53.324727364825726,52.54254593475373,52.724449157714844,38167700
2021-04-28 00:00:00-04:00,52.31517422704778,52.89726183671752,51.97865547824167,52.406124114990234,30387400
2021-04-29 00:00:00-04:00,52.6425942613672,53.02458791703914,52.26969420579985,53.00639724731445,23290600
2021-04-30 00:00:00-04:00,52.39701574773641,53.142815721137616,51.90587816441907,52.32425308227539,30731800
2021-05-03 00:00:00-04:00,52.624403067652985,52.64259373719654,51.69669973802421,52.07869338989258,22281700
2021-05-04 00:00:00-04:00,51.73307962515644,51.824029500806155,50.75990138373999,51.75127029418945,35323600
2021-05-05 00:00:00-04:00,51.80584606166941,52.115080539355944,51.35108968092544,51.7057991027832,21001900
2021-05-06 00:00:00-04:00,51.81377328571852,52.39029630106427,51.475181955194145,52.33538818359375,25529300
2021-05-07 00:00:00-04:00,52.80209874866605,53.085781963298274,52.38114698503588,52.77464294433594,19959000
2021-05-10 00:00:00-04:00,52.298795200282434,52.37200254520282,51.13659936351118,51.21895980834961,35046500
2021-05-11 00:00:00-04:00,50.377058087803896,50.907826232018586,49.69072213704121,50.3679084777832,35968100
2021-05-12 00:00:00-04:00,49.773074212016375,50.011005923123264,48.88541208137491,49.06843566894531,30232300
2021-05-13 00:00:00-04:00,49.452779290062125,49.773067909590914,48.922011302403966,49.425323486328125,29192500
2021-05-14 00:00:00-04:00,49.96525253430055,51.109145710368644,49.654113450774624,50.651588439941406,28158300
2021-05-17 00:00:00-04:00,50.59667629374889,51.14574354043296,50.111663285264065,50.63328170776367,20010200
2021-05-18 00:00:00-04:00,51.20065306427348,51.37452354928085,50.14827007326353,50.18487548828125,18703400
2021-05-19 00:00:00-04:00,49.480230163997646,50.72478617663276,49.26975429287318,50.660728454589844,23769700
2021-05-20 00:00:00-04:00,50.85290861519181,51.46603709878521,50.66073542263092,51.200653076171875,23145200
2021-05-21 00:00:00-04:00,51.630749938071375,51.896133937315206,51.22810088089344,51.31961441040039,17723100
2021-05-24 00:00:00-04:00,51.84123663700462,52.51841939663843,51.612458017231226,52.12491989135742,19164400
2021-05-25 00:00:00-04:00,52.673995676809824,52.673995676809824,51.630762139203995,52.042564392089844,22309900
2021-05-26 00:00:00-04:00,52.20727609176197,52.37199696388441,51.786324303397684,52.08831024169922,15173600
2021-05-27 00:00:00-04:00,52.26219309099907,52.966831721251665,52.16152993083656,52.82956314086914,32387600
2021-05-28 00:00:00-04:00,52.6648312451049,52.756344776548204,52.1066109213957,52.271331787109375,20303900
2021-06-01 00:00:00-04:00,52.71974319085835,52.91191638451259,51.786326047686224,52.06085968017578,20326400
2021-06-02 00:00:00-04:00,52.07916550682539,52.792953692224074,51.9418969369173,52.60078048706055,18483600
2021-06-03 00:00:00-04:00,52.14322434726896,52.25303711099252,51.32877299212335,51.466041564941406,21831300
2021-06-04 00:00:00-04:00,51.74972087945211,52.84785890553627,51.74057127104209,52.50011444091797,21493800
2021-06-07 00:00:00-04:00,52.53672139033819,52.56417370725438,51.960198298905404,52.2438850402832,17364400
2021-06-08 00:00:00-04:00,52.57332409857395,52.74719458156094,51.79547474746646,52.161521911621094,33254500
2021-06-09 00:00:00-04:00,52.49096366118337,52.60077641407598,52.13406959611906,52.161521911621094,13904800
2021-06-10 00:00:00-04:00,52.298790003958054,53.104088172493114,52.097463716382066,52.5092658996582,26738100
2021-06-11 00:00:00-04:00,52.59162443665439,53.021725820643184,52.1157645410443,52.93936538696289,18119700
2021-06-14 00:00:00-04:00,53.094939577466114,53.25966045391958,52.371998340907496,53.25050735473633,21784500
2021-06-15 00:00:00-04:00,53.26881243351843,53.46098563430737,52.89361564064659,53.06748962402344,20806500
2021-06-16 00:00:00-04:00,53.213910787629075,53.41523360842893,51.951051771317,52.36285400390625,21879700
2021-06-17 00:00:00-04:00,52.207286110749344,52.98513559857729,51.886997403981134,52.32625198364258,21498800
2021-06-18 00:00:00-04:00,51.86869129604559,51.93274903320342,50.42280867817484,50.94442367553711,55118300
2021-06-21 00:00:00-04:00,51.01762865385974,51.283012672113614,50.669884198592065,51.12744140625,19254600
2021-06-22 00:00:00-04:00,51.19149913605135,51.50263817689412,50.788850050030774,51.12744140625,18682800
2021-06-23 00:00:00-04:00,51.12744185334773,51.21895539021026,50.54176918096552,50.56922149658203,20287900
2021-06-24 00:00:00-04:00,50.77970597757057,51.33792289942382,50.6424374039552,51.31047058105469,21209700
2021-06-25 00:00:00-04:00,51.26470656406206,51.62160060381782,51.01762526941172,51.16404342651367,21101200
2021-06-28 00:00:00-04:00,51.57585323530363,52.829559109650866,51.557550526590234,52.60078048706055,22480900
2021-06-29 00:00:00-04:00,52.66483003815989,52.92106442944463,51.13659075236498,51.9327392578125,26360000
2021-06-30 00:00:00-04:00,51.55754674566915,51.59415216041152,50.68818734540258,51.3745231628418,29891600
2021-07-01 00:00:00-04:00,51.36537043678014,51.83207722832107,51.12743874628141,51.25555419921875,24871600
2021-07-02 00:00:00-04:00,51.749713733819384,52.15236626595298,51.53923786060595,51.94188690185547,17219400
2021-07-06 00:00:00-04:00,52.08830899157893,52.1706694256635,50.97187181840226,51.328765869140625,26186600
2021-07-07 00:00:00-04:00,51.58500132527703,51.65821215797489,50.98102591905827,51.20980453491211,14857400
2021-07-08 00:00:00-04:00,50.614979307918404,50.9901760766358,50.139119395491676,50.68818664550781,19162000
2021-07-09 00:00:00-04:00,50.798004690980875,51.34707548909998,50.61498458249264,51.23726272583008,18708000
2021-07-12 00:00:00-04:00,51.484331481369274,51.94188865358184,51.34706642423602,51.91443634033203,15392800
2021-07-13 00:00:00-04:00,51.813785750584934,52.4360639347491,51.55755478918264,52.042564392089844,15716000
2021-07-14 00:00:00-04:00,52.3170932846217,52.582477322337326,51.54840047063389,51.72227096557617,16263600
2021-07-15 00:00:00-04:00,51.612454109932216,51.612454109932216,50.85290747416106,51.07253646850586,18917000
2021-07-16 00:00:00-04:00,51.29215850300878,52.09746010663019,50.23977909742577,50.303836822509766,25263800
2021-07-19 00:00:00-04:00,49.791378034263985,50.15742521759744,49.38872892530491,50.001853942871094,27007700
2021-07-20 00:00:00-04:00,50.25808635866339,50.84376256744403,49.66326403181247,50.550926208496094,19867000
2021-07-21 00:00:00-04:00,50.49602053848161,51.50264513497164,50.340449251600106,51.45689010620117,18497200
2021-07-22 00:00:00-04:00,51.30131807578444,51.74057259931766,50.95357360223889,51.20980453491211,36691000
2021-07-23 00:00:00-04:00,49.946950689388686,50.0659130600079,47.87878998090021,48.501068115234375,67742300
2021-07-26 00:00:00-04:00,48.327191858332846,49.91033932317588,48.28143334644187,49.69986343383789,32881200
2021-07-27 00:00:00-04:00,48.61087861943106,48.68408945107506,47.86963814890082,48.66578674316406,39878000
2021-07-28 00:00:00-04:00,48.52851147156189,49.342962661160996,48.44615104278872,48.56511688232422,28478800
2021-07-29 00:00:00-04:00,48.94032104001591,49.507691029369475,48.79390286563807,49.14164733886719,16886600
2021-07-30 00:00:00-04:00,49.09589252296488,49.324671139584694,48.72984534001933,49.159950256347656,16465700
2021-08-02 00:00:00-04:00,49.407034997024084,49.84628955239641,48.995232760461,49.123348236083984,18098100
2021-08-03 00:00:00-04:00,49.315517137708795,49.56259845804355,48.738994056927694,49.47108840942383,16375900
2021-08-04 00:00:00-04:00,49.64495753654643,49.818828020509,49.141645301173085,49.324668884277344,17612700
2021-08-05 00:00:00-04:00,49.728102197633554,49.75573291288271,49.35046719709131,49.63599395751953,15310000
2021-08-06 00:00:00-04:00,49.608358569823764,49.857045524353474,49.488619625738394,49.66361999511719,19256000
2021-08-09 00:00:00-04:00,49.810993754130976,50.11494213754646,49.58072844316751,49.78335952758789,14670100
2021-08-10 00:00:00-04:00,49.95835851041347,50.096515575292926,49.28598077643614,49.682037353515625,16215700
2021-08-11 00:00:00-04:00,49.976771613272554,50.068879827494456,49.58992765424791,49.86624526977539,18590800
2021-08-12 00:00:00-04:00,49.893883735059056,49.903096314698224,49.05571817994685,49.31361770629883,15070100
2021-08-13 00:00:00-04:00,49.276771931816405,49.33203686615766,48.871506287355636,49.26756286621094,15281100
2021-08-16 00:00:00-04:00,49.02808546720252,49.26756333807209,48.81624182055299,49.249141693115234,17690300
2021-08-17 00:00:00-04:00,48.97281722135388,48.98202979999421,48.097811983263014,48.53070831298828,22014900
2021-08-18 00:00:00-04:00,48.447813907377075,48.843870473339166,47.996495922442186,48.0701789855957,15061700
2021-08-19 00:00:00-04:00,47.94123226945256,48.51228920001898,47.508335917144386,48.300445556640625,22999400
2021-08-20 00:00:00-04:00,48.042552830098714,48.24518742172516,47.36096598508137,47.90439224243164,25728300
2021-08-23 00:00:00-04:00,48.43860900579038,49.313617854957734,48.337291710871995,49.0280876159668,23976300
2021-08-24 00:00:00-04:00,49.33203255178196,49.70966745283045,49.101767282519,49.56229782104492,20348800
2021-08-25 00:00:00-04:00,49.81098473347722,49.9491417868935,49.48861124836757,49.56229782104492,15048400
2021-08-26 00:00:00-04:00,49.507030983052424,49.507030983052424,48.788604494989286,48.93597412109375,19570000
2021-08-27 00:00:00-04:00,49.14783258241056,49.68204632079149,48.742563353049064,49.63599395751953,16525000
2021-08-30 00:00:00-04:00,49.976776641541825,50.53862450733223,49.516246064804704,49.682037353515625,14581300
2021-08-31 00:00:00-04:00,50.14256123923875,50.19782616595767,49.42413475973777,49.79256057739258,22350100
2021-09-01 00:00:00-04:00,49.83862260490997,49.88467496266799,49.304405416921966,49.433353424072266,18615000
2021-09-02 00:00:00-04:00,49.55308712541986,49.63598276604687,49.1386089222848,49.48861312866211,15869500
2021-09-03 00:00:00-04:00,49.221506225673615,49.810988308695386,49.110979872293655,49.285980224609375,13456200
2021-09-07 00:00:00-04:00,49.341249481251324,49.69125373011876,49.22151053834962,49.41493606567383,13915000
2021-09-08 00:00:00-04:00,49.48860955594497,49.66360988971521,48.80702634983427,49.34123992919922,18235100
2021-09-09 00:00:00-04:00,49.424140027432486,49.63598366541345,49.12940074732251,49.18466567993164,13495800
2021-09-10 00:00:00-04:00,49.599144368792366,50.63994451182806,49.56230459099075,49.589935302734375,20324700
2021-09-13 00:00:00-04:00,50.29914286230647,51.109677543672504,50.11492995560024,50.649147033691406,22639200
2021-09-14 00:00:00-04:00,50.99915577359874,51.06362977412809,49.98598989650644,50.21625518798828,22072700
2021-09-15 00:00:00-04:00,50.354412154304825,50.796524605009346,50.12414686328225,50.768890380859375,18796200
2021-09-16 00:00:00-04:00,50.52941217209711,50.61230781108854,49.958355277694636,50.50178146362305,19863100
2021-09-17 00:00:00-04:00,50.28073182495103,50.28073182495103,49.43335368081006,49.97677993774414,35359200
2021-09-20 00:00:00-04:00,49.009664695345364,49.27677328162395,48.189920804794156,48.797821044921875,35051900
2021-09-21 00:00:00-04:00,49.00045455573499,49.23071984639768,48.65966290935366,48.696502685546875,17968900
2021-09-22 00:00:00-04:00,49.18466683579979,49.61756318725187,48.81624097021941,49.276771545410156,18594100
2021-09-23 00:00:00-04:00,49.50703853317368,50.013621480566655,49.36887795044397,49.76493453979492,16474300
2021-09-24 00:00:00-04:00,49.53466464570885,50.124143185301115,49.48861229359744,49.93993377685547,12976200
2021-09-27 00:00:00-04:00,49.68203823307401,50.538625402055416,49.57151187649982,50.3452033996582,13899900
2021-09-28 00:00:00-04:00,49.903095984210566,50.28073093481362,49.70046139632662,49.7373046875,24691300
2021-09-29 00:00:00-04:00,49.73730251061843,49.78335486578473,48.98203264246867,49.26756286621094,20514300
2021-09-30 00:00:00-04:00,49.516251436051505,49.71888603613874,49.05572080935859,49.07414245605469,20534100
2021-10-01 00:00:00-04:00,49.414934468328,49.83862177435245,48.862295643732544,49.60835647583008,19895100
2021-10-04 00:00:00-04:00,49.672828986414295,50.04125485841231,48.8899284003804,49.249141693115234,27353300
2021-10-05 00:00:00-04:00,49.32282019481265,50.05045929220643,49.25834620021514,49.691246032714844,18129400
2021-10-06 00:00:00-04:00,49.25834913170652,49.801775342489904,48.880714206488875,49.71887969970703,20059600
2021-10-07 00:00:00-04:00,50.032039424435034,50.649152197785234,49.847826498946795,49.90309143066406,20704400
2021-10-08 00:00:00-04:00,50.24388105046455,50.27151527200315,49.460980540398154,49.56229782104492,16068000
2021-10-11 00:00:00-04:00,49.56230319132862,50.11493849201241,49.20308638095764,49.22150802612305,14398800
2021-10-12 00:00:00-04:00,49.3412487263034,49.4794093131968,47.90439197417682,48.051761627197266,32784300
2021-10-13 00:00:00-04:00,48.245184868491364,48.42939780444197,47.77544170613886,48.1346549987793,18534000
2021-10-14 00:00:00-04:00,48.724137645461305,49.73730353424968,48.56755541838991,49.645198822021484,26586700
2021-10-15 00:00:00-04:00,49.92152110125809,50.18862971048493,49.562307771262624,50.16099548339844,25231100
2021-10-18 00:00:00-04:00,49.91230843516073,50.253103631272005,49.47941203200918,50.17020797729492,22407600
2021-10-19 00:00:00-04:00,50.31757012821138,50.860996331269305,50.07809226865671,50.851783752441406,18392900
2021-10-20 00:00:00-04:00,50.88862298037887,51.10967917820973,50.732044288490854,50.999149322509766,16850300
2021-10-21 00:00:00-04:00,50.59389437718762,51.64390363241234,50.50178965828257,51.579429626464844,38390900
2021-10-22 00:00:00-04:00,46.41227416360024,46.55964381778107,45.26094764232192,45.555686950683594,109971900
2021-10-25 00:00:00-04:00,45.89647578058053,46.11752847448239,45.41752359236754,45.50962829589844,43178800
2021-10-26 00:00:00-04:00,45.500417197958654,45.53725696958344,44.146456332421806,44.46882629394531,68405400
2021-10-27 00:00:00-04:00,44.68988480021579,44.96620242630607,44.09119368237915,44.109615325927734,41081500
2021-10-28 00:00:00-04:00,44.33987979375731,44.54251435553826,44.10040545911825,44.28461837768555,31317200
2021-10-29 00:00:00-04:00,44.30304346257424,45.38989598782286,44.137252161192606,45.13199996948242,42301000
2021-11-01 00:00:00-04:00,45.50042705790092,45.684636496650214,45.132001153262685,45.63858413696289,28013700
2021-11-02 00:00:00-04:00,45.693845120527726,45.96095370258553,45.34384089278197,45.924110412597656,27193300
2021-11-03 00:00:00-04:00,45.98858231744198,46.46753452474836,45.78594774531292,46.412269592285156,23962100
2021-11-04 00:00:00-04:00,46.595912901976654,46.69793123276029,46.12290306269151,46.66083526611328,24806000
2021-11-05 00:00:00-04:00,46.88342003838998,47.838712718581654,46.87414693225358,47.22658157348633,36816200
2021-11-08 00:00:00-05:00,47.72741427571384,48.218973813622846,47.356429883748234,47.81088638305664,31647800
2021-11-09 00:00:00-05:00,47.80162491920469,48.01494179258987,47.08747527978266,47.48628616333008,22508400
2021-11-10 00:00:00-05:00,47.282233576763325,47.66249463454768,47.03181724046583,47.078189849853516,25040700
2021-11-11 00:00:00-05:00,47.310059238366165,47.36570849573113,46.753580816730626,46.86487579345703,25420000
2021-11-12 00:00:00-05:00,46.92979782982067,47.208040576695936,46.540263645000906,46.66083526611328,23884800
2021-11-15 00:00:00-05:00,46.753580912382475,46.95762465180126,46.48461480824017,46.670108795166016,24695800
2021-11-16 00:00:00-05:00,46.716478178745504,47.43990432395882,46.68865532093074,46.93907165527344,30927800
2021-11-17 00:00:00-05:00,46.92979715769325,47.24513586669924,46.35476899586001,46.58663558959961,23546900
2021-11-18 00:00:00-05:00,46.5959167654005,46.5959167654005,45.4180339301111,46.076534271240234,30658200
2021-11-19 00:00:00-05:00,46.002334208670604,46.122905837035496,45.66844926074303,45.928138732910156,27607600
2021-11-22 00:00:00-05:00,45.95595567440371,47.161661188732545,45.82611095504568,46.21564865112305,33389600
2021-11-23 00:00:00-05:00,46.52171662457985,46.790682742085295,45.11196720710729,45.53860092163086,44713300
2021-11-24 00:00:00-05:00,45.31600493887673,46.16927225461333,45.10268810994258,46.15072250366211,26035800
2021-11-26 00:00:00-05:00,45.3531121843784,45.61280166602842,44.629685925775924,45.24181365966797,25269000
2021-11-29 00:00:00-05:00,45.724086801554655,46.493885510599355,45.186158200032075,46.373313903808594,31478900
2021-11-30 00:00:00-05:00,45.90958303111033,46.744304137786365,45.149060928584724,45.631343841552734,49460800
2021-12-01 00:00:00-05:00,46.22492718268544,46.660837538549416,45.00067177362425,45.074867248535156,35093500
2021-12-02 00:00:00-05:00,45.08414705723731,46.17855780848509,44.82445756982391,45.90959167480469,37240800
2021-12-03 00:00:00-05:00,46.076529941788685,46.42896815606743,45.22325903427229,45.67771911621094,32224900
2021-12-06 00:00:00-05:00,45.89103164066608,47.49554789906532,45.61279246104828,47.291507720947266,40336000
2021-12-07 00:00:00-05:00,50.69531333632711,51.0106520541822,48.423019946312834,48.75690841674805,91731500
2021-12-08 00:00:00-05:00,48.75691354210075,49.04442943031123,47.65322968258988,47.99639129638672,37143400
2021-12-09 00:00:00-05:00,47.57902651284896,47.84799262306009,46.772131720219186,46.818504333496094,31694200
2021-12-10 00:00:00-05:00,47.15239502715652,47.36571188866405,46.41969567371515,46.920528411865234,23783600
2021-12-13 00:00:00-05:00,47.16165882497211,47.31932993200666,46.3269412975054,46.373313903808594,35726900
2021-12-14 00:00:00-05:00,46.206376308012736,46.62373690051859,45.74264310256259,46.0950813293457,34120400
2021-12-15 00:00:00-05:00,46.25274429733826,47.09673850536818,45.7519151743998,46.99471664428711,32590300
2021-12-16 00:00:00-05:00,47.059643884774914,47.671771530730446,46.91124941114943,47.14311599731445,33132300
2021-12-17 00:00:00-05:00,46.92052232626106,47.319333135876505,46.3825901503134,46.94834518432617,50102300
2021-12-20 00:00:00-05:00,46.28985046846996,46.49389422003003,45.408756631646796,46.00233459472656,30140300
2021-12-21 00:00:00-05:00,46.31766842192668,47.15238955531079,46.31766842192668,47.087467193603516,31956300
2021-12-22 00:00:00-05:00,46.96689886122837,47.31933709085788,46.56808801828005,47.27296447753906,23307900
2021-12-23 00:00:00-05:00,47.3749819656778,47.97783295904328,47.34715556985861,47.58829879760742,25198200
2021-12-27 00:00:00-05:00,47.625394517555726,48.28389829917935,47.57902190876616,48.17259979248047,20985400
2021-12-28 00:00:00-05:00,48.163328316872565,48.339545651441455,47.88508911670991,48.00565719604492,19290400
2021-12-29 00:00:00-05:00,48.05202977844055,48.35809181450542,47.912908419681806,48.070579528808594,14174800
2021-12-30 00:00:00-05:00,48.15404699672882,48.35809070810577,47.90363421749735,47.98710632324219,18359400
2021-12-31 00:00:00-05:00,48.12623006118308,48.376646409223184,47.72741923334181,47.76451873779297,16319000
2022-01-03 00:00:00-05:00,47.90363771933385,49.36903269197348,47.85726157208307,49.35048294067383,33857600
2022-01-04 00:00:00-05:00,49.68437526163446,50.02753684242391,48.83110786334639,49.28556442260742,45681400
2022-01-05 00:00:00-05:00,50.259404943574296,52.095788064135945,49.92551999820246,49.962615966796875,59109300
2022-01-06 00:00:00-05:00,50.648931045286545,50.70457675438995,49.54524397469745,50.09244918823242,35757900
2022-01-07 00:00:00-05:00,50.25940444729399,50.44489844044916,49.29484205129368,49.563804626464844,30717200
2022-01-10 00:00:00-05:00,50.0553575821502,51.2981625716041,49.44322996274773,51.205413818359375,49260800
2022-01-11 00:00:00-05:00,51.47438370396257,52.01231589856995,50.76023417215799,51.854644775390625,39795200
2022-01-12 00:00:00-05:00,52.06796012378698,52.19780484620986,50.83443172276632,51.69697570800781,29136800
2022-01-13 00:00:00-05:00,51.93811358285694,52.13288065967188,50.797330441222435,50.95499801635742,29605400
2022-01-14 00:00:00-05:00,50.87153674878944,51.724807779269305,50.57474774810182,51.65988540649414,30151500
2022-01-18 00:00:00-05:00,51.298172445338935,51.613511191060205,50.71386757044285,50.788063049316406,35313800
2022-01-19 00:00:00-05:00,50.667486378720916,50.871526564593466,49.67509769296664,49.730743408203125,30595100
2022-01-20 00:00:00-05:00,49.95334278620211,50.16665964182413,48.172605390134336,48.26535415649414,28582600
2022-01-21 00:00:00-05:00,48.30245366303806,49.27629271279209,48.181882035772155,48.26535415649414,46372400
2022-01-24 00:00:00-05:00,47.74596613081122,48.3488206590854,46.262021421525446,48.17259979248047,64198400
2022-01-25 00:00:00-05:00,47.31005435626881,47.87580936475128,46.6051815257353,47.30078125,44095400
2022-01-26 00:00:00-05:00,47.421363512866755,48.89603540111757,47.068925249422094,47.94074249267578,54895400
2022-01-27 00:00:00-05:00,46.35476470718482,46.42896370855836,44.31433816345296,44.564754486083984,89642800
2022-01-28 00:00:00-05:00,44.24941365998018,44.703873676342205,42.941686397227976,44.26796340942383,61945400
2022-01-31 00:00:00-05:00,44.22159295744623,45.325276568046625,43.87843142104158,45.27890396118164,51828400
2022-02-01 00:00:00-05:00,45.24181159324788,45.47367820213169,44.85227738856484,45.39948272705078,35386100
2022-02-02 00:00:00-05:00,44.750251526553136,45.98378347412771,44.60185705161216,45.91885757446289,37962700
2022-02-03 00:00:00-05:00,45.67771581089341,46.08579971399993,44.75024950001232,44.778072357177734,42145800
2022-02-04 00:00:00-05:00,44.72668564125954,45.081808668843806,44.044477959949866,44.86686325073242,32431500
2022-02-07 00:00:00-05:00,44.97900045804897,45.474300994257604,44.82012825504803,45.025726318359375,27558500
2022-02-08 00:00:00-05:00,44.83882378891271,45.735973230281395,44.76406311794282,45.61448669433594,28051200
2022-02-09 00:00:00-05:00,46.10044484738698,46.69854449201897,45.63317905439885,46.64247131347656,35217300
2022-02-10 00:00:00-05:00,45.960255057940024,46.66115361588142,45.56775001171655,45.66120529174805,32762700
2022-02-11 00:00:00-05:00,45.74531915931439,45.89484406168886,44.39024772625868,44.51173782348633,37208200
2022-02-14 00:00:00-05:00,44.782752734250515,45.025732947566375,44.02578441689031,44.46501541137695,28456900
2022-02-15 00:00:00-05:00,44.57715592053723,45.287398334299496,44.10054283074843,45.268707275390625,35837900
2022-02-16 00:00:00-05:00,44.91358770707936,45.31543655994511,44.483700483462655,45.07245635986328,26022900
2022-02-17 00:00:00-05:00,44.72668059371241,45.10049107507641,44.278105877102625,44.455665588378906,32030600
2022-02-18 00:00:00-05:00,43.16601008482041,43.18470114321391,41.59599682931479,42.09130096435547,76520100
2022-02-22 00:00:00-05:00,41.76421356201172,42.43707741679785,40.979206919746204,41.76421356201172,57093300
2022-02-23 00:00:00-05:00,42.21278659149934,42.7174344624404,41.63337805354189,41.72683334350586,38176700
2022-02-24 00:00:00-05:00,41.025937186220446,43.72673284241282,40.77361323552689,43.66131591796875,72740100
2022-02-25 00:00:00-05:00,43.85756105849812,44.66125867268031,43.22207938984032,44.58649444580078,39266300
2022-02-28 00:00:00-05:00,43.92297198660713,44.68928738287927,43.782790862795906,44.577144622802734,41946100
2022-03-01 00:00:00-05:00,44.42762450449613,44.76405638565044,43.19404331689994,43.7547607421875,53853000
2022-03-02 00:00:00-05:00,44.40893896854757,45.78270146570743,44.371556851560456,45.670555114746094,46936500
2022-03-03 00:00:00-05:00,45.0257318944638,45.37150758152813,44.50239292529356,44.79209899902344,36389900
2022-03-04 00:00:00-05:00,44.268755108939104,45.10983486501204,44.268755108939104,44.92292785644531,38310700
2022-03-07 00:00:00-05:00,44.86686144538575,45.36216562746827,44.48370362431543,44.558467864990234,43813700
2022-03-08 00:00:00-05:00,44.5678032210109,45.53037303120486,43.820178779807726,44.39024353027344,44813900
2022-03-09 00:00:00-05:00,45.240671276942486,45.28739714050547,43.82018292190762,44.51173782348633,36076500
2022-03-10 00:00:00-05:00,44.193991848128995,44.21268290438305,43.13797034197875,43.6052360534668,36456000
2022-03-11 00:00:00-05:00,44.06315963810996,44.184646160792845,42.773505228836,42.8295783996582,27082100
2022-03-14 00:00:00-04:00,42.894999533239236,42.96976020339688,41.399746915581915,41.493202209472656,35993900
2022-03-15 00:00:00-04:00,41.58665198222509,41.960466010294425,41.18480314978474,41.87635803222656,34448900
2022-03-16 00:00:00-04:00,42.334277028541415,43.577205657958984,42.30624222380277,43.577205657958984,38885500
2022-03-17 00:00:00-04:00,43.28749839657241,44.193995084018454,42.736124674046685,44.05381393432617,28555000
2022-03-18 00:00:00-04:00,43.754761501233176,44.483694879743226,43.31553058600045,44.3435173034668,46237100
2022-03-21 00:00:00-04:00,44.352865805324726,44.754714650660034,43.988399076986866,44.28744888305664,32910900
2022-03-22 00:00:00-04:00,44.390244796513215,45.29674146261697,44.296793075555044,45.22197723388672,27923300
2022-03-23 00:00:00-04:00,45.287396282526515,46.334074144273124,44.913585816149705,45.10983657836914,37126400
2022-03-24 00:00:00-04:00,45.47430418467416,48.26855503271474,45.40888726265911,48.240516662597656,51677900
2022-03-25 00:00:00-04:00,47.371398712671365,48.5769451590064,47.14711315727927,48.436767578125,33239800
2022-03-28 00:00:00-04:00,47.99753680464878,48.19378755749413,47.2499123426513,48.13771438598633,22932400
2022-03-29 00:00:00-04:00,48.59563654119318,48.866651523646645,47.922772740606554,48.82926940917969,27303700
2022-03-30 00:00:00-04:00,48.829273347274814,49.07224998099687,47.866706994324645,48.062957763671875,24623300
2022-03-31 00:00:00-04:00,47.8480111090413,47.90408071465325,46.26865067181949,46.31538009643555,43698300
2022-04-01 00:00:00-04:00,46.56771119205296,46.63312811864987,44.231382199434336,44.9603157043457,46598600
2022-04-04 00:00:00-04:00,45.016376896744255,46.00698148767193,44.78274404119141,45.978946685791016,23784900
2022-04-05 00:00:00-04:00,45.63317669561006,45.77335428728764,44.87620486671351,44.97900390625,25779200
2022-04-06 00:00:00-04:00,44.334176082863884,45.016383696328994,44.147272622153984,44.42763137817383,31518700
2022-04-07 00:00:00-04:00,44.324829486462484,44.77340418024935,43.70803883688619,44.446319580078125,24117000
2022-04-08 00:00:00-04:00,44.18464607395416,44.46500836255958,43.78279726290462,43.94166946411133,22167300
2022-04-11 00:00:00-04:00,43.82952669972343,44.20333714304272,43.483747494335994,43.5211296081543,30352500
2022-04-12 00:00:00-04:00,44.22202684985279,44.77340053449828,43.37160339370002,43.455711364746094,29861400
2022-04-13 00:00:00-04:00,43.689346838763264,44.17530363781252,43.5024398291359,43.93232345581055,22171300
2022-04-14 00:00:00-04:00,43.68934558017981,43.68934558017981,42.633324036418124,42.680049896240234,36181800
2022-04-18 00:00:00-04:00,42.54922105764474,43.820184557751254,42.53987731056529,43.586551666259766,25593100
2022-04-19 00:00:00-04:00,43.54917028410226,44.857515924550334,43.30619364142451,44.79209899902344,31483100
2022-04-20 00:00:00-04:00,45.193948603607566,45.55841535606326,44.8388255985421,44.9603157043457,22787100
2022-04-21 00:00:00-04:00,45.43691774795788,45.69858897609489,44.296791811980995,44.39024353027344,27316900
2022-04-22 00:00:00-04:00,44.34352667022677,44.53043370969722,43.45572090645861,43.49310302734375,28219900
2022-04-25 00:00:00-04:00,43.18469958652178,44.05381416323868,43.15666478241954,43.97905349731445,35999300
2022-04-26 00:00:00-04:00,43.633279105661636,43.773460271595646,42.53053153284317,42.539878845214844,35356600
2022-04-27 00:00:00-04:00,42.5024943031655,43.04452431126464,42.063263335564805,42.259517669677734,28320900
2022-04-28 00:00:00-04:00,42.79219546052889,44.17530156287872,42.558562600707205,43.77345275878906,41097000
2022-04-29 00:00:00-04:00,42.04457842904154,42.390354124305325,40.65212477061715,40.73623275756836,70765900
2022-05-02 00:00:00-04:00,40.85771590290056,42.0445712654592,40.66146159014891,42.01653289794922,45446500
2022-05-03 00:00:00-04:00,41.85766903433543,42.51184183317421,41.33433008227342,42.10999298095703,40158400
2022-05-04 00:00:00-04:00,42.10999663919088,43.586554764601345,41.502549652150755,43.49310302734375,44625600
2022-05-05 00:00:00-04:00,42.951493641871934,43.243489748438414,41.56687552015289,42.00957489013672,52996700
2022-05-06 00:00:00-04:00,41.905968057798134,42.52763430819951,41.29371941420716,41.72700119018555,40916600
2022-05-09 00:00:00-04:00,41.265457045785475,41.63280474167557,40.38005122170734,40.56843566894531,44925800
2022-05-10 00:00:00-04:00,41.774094678385566,42.14144600518928,40.97346518670391,41.45384216308594,42770000
2022-05-11 00:00:00-04:00,41.463262507547064,41.717580993258,40.29528171314887,40.34238052368164,40351700
2022-05-12 00:00:00-04:00,40.24818356990879,40.41772921472429,39.57000099064679,40.3517951965332,42329600
2022-05-13 00:00:00-04:00,40.89811180243966,41.29371955943275,40.47425122491599,41.067657470703125,32034100
2022-05-16 00:00:00-04:00,40.89810686913147,41.0770737157857,40.304700694923575,40.577857971191406,25071900
2022-05-17 00:00:00-04:00,41.27487533366183,41.84002509158528,41.11475088639952,41.821189880371094,28596600
2022-05-18 00:00:00-04:00,41.425583440913755,41.425583440913755,39.76780813205948,39.890254974365234,35218400
2022-05-19 00:00:00-04:00,39.862003446612206,40.21993359775014,39.29685360219238,39.57000732421875,29181000
2022-05-20 00:00:00-04:00,39.79606484911842,39.83374245925689,37.968743875018745,39.23091506958008,44802300
2022-05-23 00:00:00-04:00,39.26858893423439,39.796064694722496,38.92950122370773,39.560585021972656,27199500
2022-05-24 00:00:00-04:00,39.278012050118406,39.456975316613445,38.712858652057776,39.249752044677734,29837500
2022-05-25 00:00:00-04:00,39.033109804465205,40.0503837296002,38.986014587887034,39.74897003173828,26283100
2022-05-26 00:00:00-04:00,39.72071309938616,41.143012464740174,39.635943858870014,40.954627990722656,28826700
2022-05-27 00:00:00-04:00,41.05823752065216,41.96247863769531,41.02055990915834,41.96247863769531,30553300
2022-05-31 00:00:00-04:00,41.67989860135776,42.1508579075878,41.11474887113547,41.840023040771484,41111500
2022-06-01 00:00:00-04:00,42.16970086977554,42.32040771890644,41.001720094160056,41.54803466796875,29885500
2022-06-02 00:00:00-04:00,41.623389028863535,42.27331527783515,41.38790933706453,42.23563766479492,28727600
2022-06-03 00:00:00-04:00,41.54802886696152,41.67989689239758,40.82275113392901,40.86984634399414,33174700
2022-06-06 00:00:00-04:00,41.26546067188778,41.482101547651176,40.57786043321227,40.822757720947266,25437100
2022-06-07 00:00:00-04:00,40.559013529654266,41.05822920486638,40.18224467729496,41.001712799072266,25168700
2022-06-08 00:00:00-04:00,39.79606559262382,39.80548319876705,38.64692361387394,38.83530807495117,59649900
2022-06-09 00:00:00-04:00,38.628083537210124,38.94833603256156,37.68616485595703,37.68616485595703,39047200
2022-06-10 00:00:00-04:00,37.5354569427247,37.75210139520741,36.90437316894531,36.90437316894531,43066200
2022-06-13 00:00:00-04:00,36.310966520729075,36.55586740401901,35.48207702773477,35.576271057128906,50335900
2022-06-14 00:00:00-04:00,35.80232993320705,35.98129679444702,35.359630566181806,35.72697830200195,31351700
2022-06-15 00:00:00-04:00,36.32038997612667,36.894957422011096,35.717558929966295,36.4051628112793,37652300
2022-06-16 00:00:00-04:00,35.510333041688625,35.59510586204731,34.78505526598312,35.171241760253906,45576500
2022-06-17 00:00:00-04:00,35.303111779734394,35.90593916147594,34.474222333272465,34.82273483276367,71393200
2022-06-21 00:00:00-04:00,35.19009192239373,35.82117588298896,35.161835504198585,35.53860092163086,34004900
2022-06-22 00:00:00-04:00,35.16183193128943,35.57627492629269,35.05822028425481,35.208927154541016,32571000
2022-06-23 00:00:00-04:00,35.425563263144525,35.43498086926662,34.76621944742186,35.237178802490234,30163000
2022-06-24 00:00:00-04:00,35.651617274819145,36.395733824953076,35.548009247917776,36.36747741699219,38159900
2022-06-27 00:00:00-04:00,36.61238050748308,36.79134736812814,36.23561516644029,36.386322021484375,29585300
2022-06-28 00:00:00-04:00,36.33921963500145,36.75366250633917,35.5480079038046,35.5856819152832,37824200
2022-06-29 00:00:00-04:00,35.3596251581575,35.41613797463434,34.86982705426378,35.1241455078125,25437200
2022-06-30 00:00:00-04:00,35.04879434183594,35.7929109851963,34.59667379214647,35.237178802490234,35141000
2022-07-01 00:00:00-04:00,34.93576723115996,35.0393788704891,33.79604638480931,34.22932815551758,40596300
2022-07-05 00:00:00-04:00,33.843141429279456,34.60609692055034,33.47579368674956,34.558998107910156,33215000
2022-07-06 00:00:00-04:00,34.68144756902255,35.24659737331897,34.342356249190765,34.841575622558594,26258300
2022-07-07 00:00:00-04:00,35.68930210362803,36.10374866764597,35.538595242112876,35.924781799316406,33165400
2022-07-08 00:00:00-04:00,35.472665708991926,35.92478635081898,35.21834717425131,35.78350067138672,22566300
2022-07-11 00:00:00-04:00,35.472657031796935,35.48207463753453,34.87924726255996,35.03937530517578,25904300
2022-07-12 00:00:00-04:00,35.46324031829785,35.510335534439896,34.84157412307266,35.04879379272461,30546300
2022-07-13 00:00:00-04:00,34.54957803397649,35.25601705551123,34.49306161872523,35.04879379272461,27059200
2022-07-14 00:00:00-04:00,34.84157349728046,35.94361662637613,34.18222970373029,35.519752502441406,36690700
2022-07-15 00:00:00-04:00,36.04722960667704,36.42399493629921,35.538592638895636,36.37689971923828,32892300
2022-07-18 00:00:00-04:00,36.82902147201894,37.055083551674116,36.2921280751146,36.461673736572266,30814400
2022-07-19 00:00:00-04:00,37.036240151146465,38.364345272386046,36.96088852936558,37.883968353271484,53095300
2022-07-20 00:00:00-04:00,37.87454993307692,38.30783167121944,37.26230493608459,38.2042236328125,36387900
2022-07-21 00:00:00-04:00,38.157125857148586,38.28899749649604,37.507203232328344,38.251319885253906,29661200
2022-07-22 00:00:00-04:00,38.02525319045422,38.157121220643496,36.67830929386202,36.92321014404297,41350000
2022-07-25 00:00:00-04:00,36.9985654319096,37.121015869138596,36.31096521123621,36.885536193847656,32263400
2022-07-26 00:00:00-04:00,36.82901922536377,37.27172215806789,36.62179955755017,36.69715118408203,35925500
2022-07-27 00:00:00-04:00,36.98914478452229,38.0723490459156,36.951467177221375,37.846290588378906,42571600
2022-07-28 00:00:00-04:00,37.76152127230711,37.78977768383743,36.77250734426379,37.40359115600586,56662300
2022-07-29 00:00:00-04:00,33.53230387845462,34.49306137204714,33.19321616877606,34.20106887817383,125292400
2022-08-01 00:00:00-04:00,33.956166700554874,35.50091271559671,33.956166700554874,34.81331253051758,52513400
2022-08-02 00:00:00-04:00,34.46480206707019,34.53073608228777,33.90906994371176,33.918487548828125,53929400
2022-08-03 00:00:00-04:00,33.99385080480554,34.464810221002274,33.212056449214074,34.39887619018555,59513900
2022-08-04 00:00:00-04:00,34.2609119289219,34.346540572218984,33.64248606458415,33.927913665771484,54046300
2022-08-05 00:00:00-04:00,33.63296634503385,33.95645189476213,33.47122538487396,33.671024322509766,40205100
2022-08-08 00:00:00-04:00,33.642489104537354,34.21334435849481,33.490260794854755,33.66151809692383,41534600
2022-08-09 00:00:00-04:00,33.50928472215435,33.58539705078632,32.72911429928133,32.843284606933594,48202300
2022-08-10 00:00:00-04:00,33.2904567010146,33.680541911444735,32.90988417061068,33.65199661254883,42243300
2022-08-11 00:00:00-04:00,33.90888352656273,34.52731299936226,33.76617154550735,33.86131286621094,35569700
2022-08-12 00:00:00-04:00,34.061116089844305,34.38460170198567,33.93742945388782,34.35606002807617,37675200
2022-08-15 00:00:00-04:00,34.34654584308157,34.66051879315651,33.9754895416544,34.57489013671875,25400600
2022-08-16 00:00:00-04:00,34.40362919525413,34.80323075962041,33.96597327713647,34.43217086791992,25000200
2022-08-17 00:00:00-04:00,34.070629040737956,34.32751496881716,33.55685718457954,34.042083740234375,29176100
2022-08-18 00:00:00-04:00,33.94694562521518,34.56537517304557,33.84228798209842,34.441688537597656,24598200
2022-08-19 00:00:00-04:00,34.06111604881221,34.279944017142874,33.48074448395692,33.66151809692383,31425500
2022-08-22 00:00:00-04:00,33.29996788394663,33.3570548497633,32.09165432805726,32.196311950683594,51006100
2022-08-23 00:00:00-04:00,32.329517473266264,32.71960274135082,32.26291781501347,32.30097579956055,30687100
2022-08-24 00:00:00-04:00,32.320004933297,32.33903392565383,31.967974018809528,32.21534729003906,25105700
2022-08-25 00:00:00-04:00,32.22485579212015,33.23337047977773,32.17728513210235,33.1953125,29799100
2022-08-26 00:00:00-04:00,33.25240198400004,33.328514319901906,31.730115342463677,31.73963165283203,44851500
2022-08-29 00:00:00-04:00,31.6159494536605,31.78720677019605,31.216351468017216,31.34003448486328,32976800
2022-08-30 00:00:00-04:00,31.435178043416702,31.463719718421295,30.588407810459998,30.69306182861328,40182500
2022-08-31 00:00:00-04:00,30.81674397852586,30.81674397852586,30.22685979479974,30.36957359313965,44074500
2022-09-01 00:00:00-04:00,30.036570615122045,30.283942021845167,29.6179419410749,30.217342376708984,36440700
2022-09-02 00:00:00-04:00,30.64548843444026,30.807233047033623,29.551346832111893,29.703575134277344,34893300
2022-09-06 00:00:00-04:00,29.865314825394012,29.865314825394012,28.85680197478343,28.885345458984375,46989600
2022-09-07 00:00:00-04:00,28.942432654658464,29.2944617258229,28.59040358349403,29.1612606048584,37329500
2022-09-08 00:00:00-04:00,28.894861227070713,29.35154610618533,28.45720352355757,29.25640296936035,37359500
2022-09-09 00:00:00-04:00,29.675033068244815,29.969975172940625,29.570375431379905,29.931917190551758,34069500
2022-09-12 00:00:00-04:00,30.19831684196443,30.312488971473055,29.589403657130262,30.02705955505371,38305500
2022-09-13 00:00:00-04:00,29.332516868886895,29.427660004910727,27.82926112676438,27.867319107055664,71417900
2022-09-14 00:00:00-04:00,28.114688218111237,28.32400347656698,27.600918196283516,27.76266098022461,40767200
2022-09-15 00:00:00-04:00,27.73412058280243,27.98149203370225,27.315491833994688,27.439178466796875,39919100
2022-09-16 00:00:00-04:00,27.305975997797965,27.895860161653708,27.039575585753997,27.819746017456055,72748000
2022-09-19 00:00:00-04:00,27.610434817975406,28.067119720267634,27.496262685050105,28.010034561157227,33151900
2022-09-20 00:00:00-04:00,27.65800426660365,27.753147404078266,27.3154896975768,27.553346633911133,31129000
2022-09-21 00:00:00-04:00,27.734117904334347,28.15274661271233,27.077632263990022,27.087146759033203,39977300
2022-09-22 00:00:00-04:00,27.020546463793597,27.115689597251134,26.67803372393253,26.706575393676758,36092700
2022-09-23 00:00:00-04:00,26.54483413922103,26.54483413922103,25.869321300725936,26.183292388916016,43491100
2022-09-26 00:00:00-04:00,26.221348082874012,26.354549200862078,25.555349751751304,25.660005569458008,44786400
2022-09-27 00:00:00-04:00,26.069119271869596,26.25940554253098,25.3270068086398,25.583890914916992,44121400
2022-09-28 00:00:00-04:00,25.555348868692967,25.95494857944029,25.307977446353732,25.812232971191406,40433400
2022-09-29 00:00:00-04:00,25.479235883108505,25.479235883108505,24.917893363563564,25.098663330078125,41831300
2022-09-30 00:00:00-04:00,25.022548923283036,25.27943484950694,24.48974989514429,24.518293380737305,43821000
2022-10-03 00:00:00-04:00,25.05109239478481,25.926405990729734,24.803720963897725,25.660005569458008,44096200
2022-10-04 00:00:00-04:00,26.097661591103822,26.449688816986736,25.77417603425211,26.35454750061035,42427500
2022-10-05 00:00:00-04:00,26.040578349721315,26.487748739507303,25.58389164995404,26.297462463378906,30120000
2022-10-06 00:00:00-04:00,26.10717556342188,26.411632125026106,25.688546883863943,25.859804153442383,33985100
2022-10-07 00:00:00-04:00,24.898865431494915,25.003523069498016,24.404122543285993,24.470722198486328,57215500
2022-10-10 00:00:00-04:00,24.680039060778807,24.727609727635322,23.871325021285752,23.975982666015625,43409300
2022-10-11 00:00:00-04:00,23.795211774255442,24.242382229780254,23.49075513945517,23.823755264282227,48134900
2022-10-12 00:00:00-04:00,23.833266152704105,24.2804383892821,23.462209883802835,24.099666595458984,39634100
2022-10-13 00:00:00-04:00,23.528809073549557,25.536322313541532,23.395609762169638,25.136722564697266,62447000
2022-10-14 00:00:00-04:00,25.174779561532304,25.336522365546806,24.508781168011385,24.6514949798584,48185400
2022-10-17 00:00:00-04:00,25.03206492592475,25.450693666310293,24.89886561454483,25.136722564697266,39416500
2022-10-18 00:00:00-04:00,25.441178811192287,25.650492271076327,24.299466555409587,24.61343765258789,51126900
2022-10-19 00:00:00-04:00,24.489750148446408,24.974978520320015,24.442179486670426,24.73712158203125,33882300
2022-10-20 00:00:00-04:00,24.87983397783286,25.640977226220233,24.689549526764257,24.813234329223633,33247700
2022-10-21 00:00:00-04:00,24.594407513779913,25.73611971629216,24.537322357330403,25.660005569458008,53058700
2022-10-24 00:00:00-04:00,25.450689968272613,26.145231726270282,25.231862041457607,25.859804153442383,43831600
2022-10-25 00:00:00-04:00,25.859806316962064,26.221348060438835,25.688549033055654,26.07863426208496,32205300
2022-10-26 00:00:00-04:00,25.869318544387795,26.449688182111053,25.67903228679392,25.88834571838379,37111100
2022-10-27 00:00:00-04:00,26.116692131689884,26.24989143429279,24.860805993288405,24.994007110595703,56305100
2022-10-28 00:00:00-04:00,26.811232784015203,27.800716644961188,26.506776211416437,27.658002853393555,91695700
2022-10-31 00:00:00-04:00,27.667519016328484,27.7626621546783,26.68754777632292,27.049091339111328,59507700
2022-11-01 00:00:00-04:00,27.40111745222958,27.44868992677808,26.535318377194773,26.925403594970703,44418700
2022-11-02 00:00:00-04:00,26.896862040830722,27.44869004504039,26.078633622114737,26.08814811706543,51956100
2022-11-03 00:00:00-04:00,26.116695437560924,26.525807892299095,25.85029498392955,26.059608459472656,39678200
2022-11-04 00:00:00-04:00,26.585138541087908,27.231204737967765,26.4308542408671,27.19263458251953,43051900
2022-11-07 00:00:00-05:00,27.346917006664487,27.452986306280927,26.893705296545274,27.395130157470703,34389800
2022-11-08 00:00:00-05:00,27.73263159704661,27.91584490623742,26.932281043272926,27.46263313293457,36258000
2022-11-09 00:00:00-05:00,27.211917689778566,27.289059836909928,26.536924362182617,26.536924362182617,30544800
2022-11-10 00:00:00-05:00,27.84834341538586,28.764408105829368,27.626559951961106,28.696908950805664,62943900
2022-11-11 00:00:00-05:00,27.89655519770834,29.535826245436116,27.83869904852623,29.342971801757812,49826500
2022-11-14 00:00:00-05:00,29.256187995145748,29.88296818436314,29.10190369746805,29.265830993652344,39395300
2022-11-15 00:00:00-05:00,29.98903994480018,30.220466396071025,29.092261296616932,29.61297035217285,40933200
2022-11-16 00:00:00-05:00,29.03440541472817,29.15011772183715,28.388339209192143,28.47512435913086,35582800
2022-11-17 00:00:00-05:00,28.031558047239805,28.88012362279766,27.96405888902332,28.822265625,31983300
2022-11-18 00:00:00-05:00,29.179042402227118,29.179042402227118,28.552262286990246,28.802974700927734,27122200
2022-11-21 00:00:00-05:00,28.600477817022007,28.65833396683814,27.87726950707193,27.906198501586914,36086800
2022-11-22 00:00:00-05:00,28.099053475255506,28.793334642947404,28.021911327646837,28.754762649536133,25584100
2022-11-23 00:00:00-05:00,28.667978834252597,29.00547643541131,28.436552380684496,28.610122680664062,23143900
2022-11-25 00:00:00-05:00,28.619766692824296,28.619766692824296,28.291912078857422,28.291912078857422,11314900
2022-11-28 00:00:00-05:00,28.060482686063413,28.147267830060994,27.520487665022543,27.703699111938477,28267900
2022-11-29 00:00:00-05:00,27.819413039092478,28.13762461826266,27.713341899631146,27.867626190185547,24361500
2022-11-30 00:00:00-05:00,27.74227206955256,29.005475441707357,27.21191818898294,28.995832443237305,72072500
2022-12-01 00:00:00-05:00,29.159761881830644,29.391188344478422,28.465482493887304,28.764408111572266,38896300
2022-12-02 00:00:00-05:00,28.127982886029038,28.378695329266066,27.684414151313096,28.35940933227539,31546000
2022-12-05 00:00:00-05:00,28.369050616084017,28.687262190341098,27.857982762004674,28.127981185913086,34040400
2022-12-06 00:00:00-05:00,28.1472664247848,28.26297871819532,27.327630016403024,27.57834243774414,27701200
2022-12-07 00:00:00-05:00,27.26977429221749,27.530127876031965,27.14441715999777,27.3179874420166,28239900
2022-12-08 00:00:00-05:00,27.30834667765227,27.578345120565167,27.06727723051309,27.424060821533203,28486100
2022-12-09 00:00:00-05:00,27.375848206927728,27.75191782780238,27.18299373598998,27.2312068939209,25641300
2022-12-12 00:00:00-05:00,27.125137462882048,27.684418590800828,26.864783818613144,27.66513442993164,35117900
2022-12-13 00:00:00-05:00,28.725834843640268,29.01511743082299,27.35656037516198,27.703699111938477,58546800
2022-12-14 00:00:00-05:00,27.491559632759046,28.079769665058897,27.00942074443822,27.250490188598633,37141100
2022-12-15 00:00:00-05:00,26.941923743458737,26.99977989969243,26.15121619781342,26.180143356323242,45682700
2022-12-16 00:00:00-05:00,26.03549708998257,26.170495375234097,25.505145107168403,25.958354949951172,81104200
2022-12-19 00:00:00-05:00,25.939069478279293,26.00656862226638,25.553358770343273,25.83300018310547,37662500
2022-12-20 00:00:00-05:00,25.59193252269879,25.910144108555976,25.476218382744424,25.49550437927246,31863300
2022-12-21 00:00:00-05:00,25.640147940708683,26.006572711054257,25.63050494159248,25.87157440185547,28100900
2022-12-22 00:00:00-05:00,25.50514828566791,25.50514828566791,24.444442348638713,25.042293548583984,47478300
2022-12-23 00:00:00-05:00,24.994079376869443,25.254434811023486,24.762652937359356,25.15800666809082,23600900
2022-12-27 00:00:00-05:00,24.926581549900387,25.167651000403847,24.733725253812043,25.01336669921875,29548100
2022-12-28 00:00:00-05:00,24.916937623444614,25.186936060072682,24.589083035829773,24.627655029296875,26176900
2022-12-29 00:00:00-05:00,24.849437012352013,25.35086186264532,24.83015101675294,25.273717880249023,30944800
2022-12-30 00:00:00-05:00,24.974794832133654,25.51478988904513,24.878366683595974,25.485862731933594,31030100
2023-01-03 00:00:00-05:00,26.083711241679193,26.102997237232728,25.428003945782972,25.775142669677734,31308000
2023-01-04 00:00:00-05:00,26.430854345730037,26.922636244340204,26.18978489577685,26.69120979309082,37665200
2023-01-05 00:00:00-05:00,26.459782464056307,26.7876370522534,26.401924473752903,26.57549476623535,33552600
2023-01-06 00:00:00-05:00,26.932277653308667,27.800127254070663,26.40192379118857,27.703699111938477,31788600
2023-01-09 00:00:00-05:00,27.80976964037389,28.80297635582074,27.80976964037389,28.26297950744629,37493200
2023-01-10 00:00:00-05:00,28.195481799132445,28.455837238674977,27.88691320673265,28.388338088989258,23008100
2023-01-11 00:00:00-05:00,28.61976411403725,28.812618561855047,27.964054945186252,28.78369140625,30375400
2023-01-12 00:00:00-05:00,28.90904605809714,29.29475678431053,28.41726419246989,29.20797348022461,28963900
2023-01-13 00:00:00-05:00,28.89940271531533,29.09225899572846,28.74511842667035,29.03440284729004,31361900
2023-01-17 00:00:00-05:00,29.10190652038205,29.17904867670377,28.465483270924377,28.542625427246094,34759100
2023-01-18 00:00:00-05:00,28.735476591725053,28.754762588389678,27.6072715358387,27.780841827392578,44199600
2023-01-19 00:00:00-05:00,27.58798891962849,27.732630224266018,27.231205318256215,27.404775619506836,36886600
2023-01-20 00:00:00-05:00,27.404773681659314,28.185838142842474,27.240846390871358,28.17619514465332,35158500
2023-01-23 00:00:00-05:00,28.28226481940884,29.40082680237245,28.137623532497187,29.18868637084961,38795800
2023-01-24 00:00:00-05:00,28.870478472194236,29.111547927414794,28.66797917341769,28.851192474365234,24855100
2023-01-25 00:00:00-05:00,28.465481138851015,28.822262895410606,28.127983540516905,28.63905143737793,28268000
2023-01-26 00:00:00-05:00,28.98618865064606,29.03440364167541,28.282266334542182,29.015117645263672,56088100
2023-01-27 00:00:00-05:00,26.102999338615348,27.231204420328744,25.82335973743222,27.154062271118164,148548200
2023-01-30 00:00:00-05:00,26.729781392428336,27.49156177824858,26.681568235519176,26.951566696166992,55145800
2023-01-31 00:00:00-05:00,26.787637297221977,27.279419184014884,26.546567853061564,27.250490188598633,52621600
2023-02-01 00:00:00-05:00,26.893705254722768,28.37869383918174,26.691207814594986,28.031553268432617,63330600
2023-02-02 00:00:00-05:00,28.205123969761672,29.217614863759888,27.77119824992596,29.11154556274414,62230700
2023-02-03 00:00:00-05:00,28.56190702557509,30.05653676373486,28.47512188318245,29.236900329589844,57603100
2023-02-06 00:00:00-05:00,28.841610115948637,28.939213232302656,27.92414566244483,28.002227783203125,48726400
2023-02-07 00:00:00-05:00,27.963185138968626,28.56832295693167,27.748459777304095,28.353595733642578,50780800
2023-02-08 00:00:00-05:00,28.255993486863996,28.421918216464604,27.53373158510289,27.563013076782227,36479100
2023-02-09 00:00:00-05:00,27.99246768618719,28.129110934064443,26.909076616232884,27.06524085998535,43906400
2023-02-10 00:00:00-05:00,26.967639244428643,27.31900974325662,26.68459223496979,27.133563995361328,31232500
2023-02-13 00:00:00-05:00,27.20188816836254,27.865585327148438,27.055482549088293,27.865585327148438,32347500
2023-02-14 00:00:00-05:00,27.699658993528093,28.03150848482236,27.319008873006595,27.953426361083984,27928900
2023-02-15 00:00:00-05:00,27.68013685643991,28.187669674876624,27.484930637454998,28.158390045166016,23359400
2023-02-16 00:00:00-05:00,27.816780940744902,28.138869908751705,27.455649983101143,27.52397346496582,28972500
2023-02-17 00:00:00-05:00,27.32876831565852,27.397089938587733,26.72363048383983,26.948118209838867,32086200
2023-02-21 00:00:00-05:00,26.460102051152745,26.616266278204687,25.415753084633707,25.435272216796875,63668400
2023-02-22 00:00:00-05:00,25.288867594374018,26.255134413274384,24.693490336229853,24.85941505432129,89195300
2023-02-23 00:00:00-05:00,25.161987971011783,25.45479545717064,24.713014382393666,24.996063232421875,56473200
2023-02-24 00:00:00-05:00,24.61541083915464,24.742295446145526,24.32260335807878,24.537328720092773,44089900
2023-02-27 00:00:00-05:00,24.93749894033127,24.966780432064013,24.283560517962677,24.303081512451172,37657000
2023-02-28 00:00:00-05:00,24.34212553407002,24.51781077588773,24.137158798074474,24.332365036010742,50255300
2023-03-01 00:00:00-05:00,24.42996702389222,25.298630833078455,24.371404038247963,24.722774505615234,47823400
2023-03-02 00:00:00-05:00,24.60565156377673,25.669521652354405,24.517810804390407,25.57192039489746,48309300
2023-03-03 00:00:00-05:00,25.5719179110984,25.845204384032996,25.386472189018157,25.767122268676758,36744900
2023-03-06 00:00:00-05:00,25.835447562251836,25.903771051829636,25.308393674024853,25.366954803466797,37879800
2023-03-07 00:00:00-05:00,25.220550097368804,25.366953846261588,24.888700607012005,24.91798210144043,43164600
2023-03-08 00:00:00-05:00,24.947261385027765,25.3864744871826,24.839899630209082,25.357192993164062,36071900
2023-03-09 00:00:00-05:00,25.357190236490354,26.33321759150499,25.347429739545277,25.806163787841797,54886100
2023-03-10 00:00:00-05:00,25.913528264532957,26.860276090206522,25.689042395989084,26.567466735839844,65187000
2023-03-13 00:00:00-04:00,26.09897309226763,26.655308426042993,25.97209034627264,26.303939819335938,50977000
2023-03-14 00:00:00-04:00,26.694349744796313,27.42637029431564,26.5967466325355,27.33852767944336,47689800
2023-03-15 00:00:00-04:00,27.065240108074672,27.816781673769935,26.99691848603412,27.728939056396484,49322800
2023-03-16 00:00:00-04:00,27.70942040768955,29.544353168635816,27.70942040768955,29.456510543823242,75779500
2023-03-17 00:00:00-04:00,29.202742495057443,30.256852106897263,28.734249747934122,29.095378875732422,80628500
2023-03-20 00:00:00-04:00,29.085617362551254,29.18322048020236,27.943665167769986,28.460960388183594,38780100
2023-03-21 00:00:00-04:00,28.30479619784849,28.470720939680174,27.30924774685839,27.777740478515625,55650800
2023-03-22 00:00:00-04:00,27.797260296726222,28.421919107429034,27.426370698617145,27.455650329589844,37415500
2023-03-23 00:00:00-04:00,27.69965849675871,28.460960585773083,27.543494252082628,28.334077835083008,43785500
2023-03-24 00:00:00-04:00,28.343837595436273,29.09537730527202,28.236473981906343,28.656166076660156,55912100
2023-03-27 00:00:00-04:00,28.665925923718298,29.01729452630721,28.382877080518664,28.480480194091797,34758200
2023-03-28 00:00:00-04:00,28.38287622281206,28.626883068558943,27.943663155817884,28.58784294128418,37407900
2023-03-29 00:00:00-04:00,29.056337210728525,31.125514332127047,29.046576712975515,30.764385223388672,85556200
2023-03-30 00:00:00-04:00,31.086474310596248,31.798975756041244,31.047432319448752,31.320720672607422,70077600
2023-03-31 00:00:00-04:00,31.037671302059724,32.11130370114696,30.96934968031998,31.88681411743164,59765000
2023-04-03 00:00:00-04:00,32.15034405617549,32.755483778380075,31.759935295631553,32.10154342651367,57038300
2023-04-04 00:00:00-04:00,32.062492676288024,33.028761261973365,32.05273404232078,32.30649948120117,55714100
2023-04-05 00:00:00-04:00,32.01369684131975,32.19914442362998,31.56472514680358,32.0429801940918,39615700
2023-04-06 00:00:00-04:00,31.818491804169874,32.208904254125564,31.6818485636601,32.023460388183594,28551900
2023-04-10 00:00:00-04:00,31.81849201498187,31.974656251348996,31.428083285688604,31.74041175842285,30534400
2023-04-11 00:00:00-04:00,31.877053695966687,32.31626675629937,31.545204241854094,31.57448387145996,27059100
2023-04-12 00:00:00-04:00,31.98441808119869,32.101540325723725,31.19383455334442,31.252397537231445,37070800
2023-04-13 00:00:00-04:00,31.057190460861143,31.652567749315725,30.89126573432255,31.359760284423828,29722300
2023-04-14 00:00:00-04:00,31.23287668611058,31.467124899485984,30.930308714468747,31.125513076782227,24623600
2023-04-17 00:00:00-04:00,31.18407632087801,31.85753388966632,31.008391090194262,31.36952018737793,29601100
2023-04-18 00:00:00-04:00,31.65256855808052,31.681848188343167,31.018151126854903,31.066951751708984,26041400
2023-04-19 00:00:00-04:00,30.35445292927733,30.76438451737318,30.334931934219302,30.40325355529785,25746600
2023-04-20 00:00:00-04:00,30.022603718379475,30.500856931673162,29.973801230314056,30.120206832885742,30255100
2023-04-21 00:00:00-04:00,30.100685067139953,30.100685067139953,29.505307759354345,29.57362937927246,28655800
2023-04-24 00:00:00-04:00,29.40770297491424,29.64195117506098,28.900170172261404,28.948970794677734,38732500
2023-04-25 00:00:00-04:00,28.734248368404405,28.861131116549412,28.177913025202002,28.187671661376953,38289900
2023-04-26 00:00:00-04:00,28.5000013355668,29.095376794335365,28.148630869547965,28.353595733642578,41218800
2023-04-27 00:00:00-04:00,28.060787394508164,29.232021004320046,27.826541044870687,29.14417839050293,60186200
2023-04-28 00:00:00-04:00,31.213355899182034,31.789212215845687,30.071403763279058,30.315410614013672,80252400
2023-05-01 00:00:00-04:00,30.3642129110737,30.491095653546697,29.554110246170513,29.57362937927246,36918500
2023-05-02 00:00:00-04:00,29.573630708701103,29.846919062283263,29.036816360963385,29.056337356567383,33463400
2023-05-03 00:00:00-04:00,29.905482650197932,30.364216776545785,29.524832512696314,29.91524314880371,45554500
2023-05-04 00:00:00-04:00,29.83194046852692,31.0863703868526,29.773137664169386,30.61595916748047,46104000
2023-05-05 00:00:00-04:00,30.753159550839502,30.782560950703065,30.116144174445274,30.37095069885254,35024600
2023-05-08 00:00:00-04:00,30.086746422939655,30.22394922525371,29.78293754746141,30.15534782409668,30882800
2023-05-09 00:00:00-04:00,29.773137219066594,29.96914282549875,29.31252647397343,29.49873161315918,30706500
2023-05-10 00:00:00-04:00,29.684935780406107,29.792737178090977,28.90091524959575,29.371326446533203,40526500
2023-05-11 00:00:00-04:00,29.008718397672542,29.087120263507554,28.24429880384525,28.28350067138672,47144400
2023-05-12 00:00:00-04:00,28.450105970430197,28.518707372033433,28.146297092975864,28.3717041015625,24153800
2023-05-15 00:00:00-04:00,28.322703712779337,29.23412666931803,28.303102776902602,29.20472526550293,28717500
2023-05-16 00:00:00-04:00,29.028319875818404,29.30272547676297,28.626508202974787,28.636308670043945,22812000
2023-05-17 00:00:00-04:00,28.930316010753835,28.96951600834132,28.107095499689855,28.29330062866211,41667300
2023-05-18 00:00:00-04:00,28.420703266681524,29.165521921428446,28.29330093657583,29.087120056152344,36529200
2023-05-19 00:00:00-04:00,29.008718684013914,29.63593361688515,28.910715883440798,29.33212661743164,40683000
2023-05-22 00:00:00-04:00,29.253722056289746,29.841736936319005,29.224320658051564,29.675132751464844,28693400
2023-05-23 00:00:00-04:00,29.449727169117445,29.59673229804394,28.90091412733489,28.920515060424805,29400900
2023-05-24 00:00:00-04:00,28.724512816606875,28.900917496484908,28.244301115410053,28.420705795288086,28045800
2023-05-25 00:00:00-04:00,27.724889798704417,27.724889798704417,26.323454677104557,26.8526668548584,78009400
2023-05-26 00:00:00-04:00,26.891868351758603,28.508908135227102,26.558659927377448,28.420705795288086,71910600
2023-05-30 00:00:00-04:00,29.106720307092072,29.439928694012156,28.42070260008063,29.390926361083984,54874800
2023-05-31 00:00:00-04:00,29.106722003928486,31.644985050897073,29.07732060245757,30.81196403503418,136243800
2023-06-01 00:00:00-04:00,31.16477023413201,31.301974899480218,30.400352519575563,30.508153915405273,52667400
2023-06-02 00:00:00-04:00,30.772763113636607,30.958968256854796,30.21414955323008,30.684560775756836,36521000
2023-06-05 00:00:00-04:00,30.68455906496566,30.772761397927788,29.23412360841859,29.263525009155273,48244100
2023-06-06 00:00:00-04:00,29.175323279090467,30.82176436940935,29.106721878535176,30.341550827026367,42295300
2023-06-07 00:00:00-04:00,30.41015482791563,30.74336324083592,30.312152023660012,30.655160903930664,39098000
2023-06-08 00:00:00-04:00,30.802163081396642,31.213773349248747,30.439553279307525,31.184371948242188,35199000
2023-06-09 00:00:00-04:00,31.292175114093027,31.35097604666667,30.067144781529084,30.713960647583008,40218000
2023-06-12 00:00:00-04:00,30.772760403448927,32.63480606389449,30.733560406314766,32.409400939941406,59881600
2023-06-13 00:00:00-04:00,33.095417450379905,33.27182210422168,32.40939976749475,33.23262023925781,51990000
2023-06-14 00:00:00-04:00,33.193425741271795,34.88886752304277,33.124824331607385,34.86927032470703,74404300
2023-06-15 00:00:00-04:00,34.57525529255383,35.69248237005532,34.51645622857749,35.104469299316406,67676300
2023-06-16 00:00:00-04:00,35.63367979668896,36.0648890901967,34.88885932604447,35.64347839355469,110240300
2023-06-20 00:00:00-04:00,36.03549334456329,36.36870175041591,34.02644431155308,34.30084991455078,65970200
2023-06-21 00:00:00-04:00,34.22244345650248,34.349847649977356,32.17419645626733,32.2427978515625,70973500
2023-06-22 00:00:00-04:00,32.03699391346735,32.57601028427737,31.488182682818767,32.05659484863281,45740300
2023-06-23 00:00:00-04:00,31.566584883973874,32.78181677941536,31.390180193692107,32.34080505371094,46327100
2023-06-26 00:00:00-04:00,32.52700228840156,33.311024649713566,32.43879995967875,32.674007415771484,38952400
2023-06-27 00:00:00-04:00,32.556408366607485,33.546231262367364,32.35060042282913,33.418827056884766,33038900
2023-06-28 00:00:00-04:00,32.93861211084072,33.13461768753523,32.37019631227618,32.899410247802734,33906900
2023-06-29 00:00:00-04:00,32.67401239853167,32.67401239853167,31.84099318572252,32.252601623535156,38313000
2023-06-30 00:00:00-04:00,32.69361080430017,32.88961640935033,32.49760519925002,32.772010803222656,33811300
2023-07-03 00:00:00-04:00,32.8700176594415,33.21302468720255,32.47800642328926,32.94841766357422,15753000
2023-07-05 00:00:00-04:00,32.64460658920758,32.66420752131149,31.850785662229015,31.860584259033203,37664700
2023-07-06 00:00:00-04:00,31.26277181933353,31.399976479357655,30.753158783238966,31.33137321472168,41693600
2023-07-07 00:00:00-04:00,31.360776995734906,31.762586801452922,31.18437232605422,31.213773727416992,28356300
2023-07-10 00:00:00-04:00,31.23337653692382,32.1742008752923,31.135373729078424,32.08599853515625,36305700
2023-07-11 00:00:00-04:00,32.16439638362285,32.69361038898678,31.850788914924802,32.63480758666992,28148800
2023-07-12 00:00:00-04:00,33.01701582353505,33.399228423535064,32.399603234257164,33.30122375488281,37762200
2023-07-13 00:00:00-04:00,33.46782974323811,33.61483113812526,32.948414346848494,33.19342041015625,32745800
2023-07-14 00:00:00-04:00,33.10521698018942,33.19341930959561,32.34079928433291,32.4878044128418,30438700
2023-07-17 00:00:00-04:00,32.49760504848202,33.9088386690032,32.40940271354346,33.683433532714844,34111200
2023-07-18 00:00:00-04:00,33.59523025960864,34.00684239065943,33.154222335727155,33.81083679199219,29662200
2023-07-19 00:00:00-04:00,33.71283028057749,34.14403953545988,33.644228893175644,33.771629333496094,26486700
2023-07-20 00:00:00-04:00,33.02682092821433,33.5266316955034,32.5662082931762,32.70341110229492,37878000
2023-07-21 00:00:00-04:00,33.05621567001245,33.565828700360015,32.75240682350843,33.340423583984375,79737000
2023-07-24 00:00:00-04:00,33.164017984128066,33.77163192131636,32.88961241349377,32.958213806152344,25225800
2023-07-25 00:00:00-04:00,33.026819580894006,33.654034533276025,32.732813039276934,33.418827056884766,31771100
2023-07-26 00:00:00-04:00,33.04642240194962,33.84023973578182,33.02682146625675,33.67363739013672,32643200
2023-07-27 00:00:00-04:00,34.12444357049192,34.330247762644376,33.42862726074078,33.85983657836914,58890800
2023-07-28 00:00:00-04:00,36.015887959560686,36.25109540341828,34.80065635353817,36.09429168701172,90863000
2023-07-31 00:00:00-04:00,36.13349474303034,36.447102218638456,34.957464840251916,35.05546951293945,55630700
2023-08-01 00:00:00-04:00,35.10447031949267,35.300475928267105,34.57525629735052,35.084869384765625,24702200
2023-08-02 00:00:00-04:00,34.44785397276639,34.47725350402442,33.59523018132506,33.703033447265625,39052000
2023-08-03 00:00:00-04:00,33.605030748039106,34.3302465631894,33.44822702542588,34.17344284057617,24817900
2023-08-04 00:00:00-04:00,33.91280775321122,34.975043685807705,33.91280775321122,34.56195068359375,26674900
2023-08-07 00:00:00-04:00,34.827510057729505,34.965206476031334,34.17836712005945,34.65047073364258,22486900
2023-08-08 00:00:00-04:00,34.09967539747068,34.52260218148307,33.303002329125064,34.44392013549805,34753600
2023-08-09 00:00:00-04:00,34.4242483221118,34.52260181653971,33.666914408791904,33.71609115600586,28720200
2023-08-10 00:00:00-04:00,34.1291914119928,34.512775375313275,33.912809175475154,34.109519958496094,30957300
2023-08-11 00:00:00-04:00,33.89313607745299,34.37507728487278,33.79478256668778,34.316062927246094,28783700
2023-08-14 00:00:00-04:00,34.09967578017183,35.12256865307454,33.90296878702895,35.09306335449219,36896100
2023-08-15 00:00:00-04:00,34.82750374992072,35.04388594060253,34.17836092982065,34.19803237915039,27420300
2023-08-16 00:00:00-04:00,33.952147893919765,34.06033899883146,32.90958349888829,32.978431701660156,35757300
2023-08-17 00:00:00-04:00,33.00793827167546,33.03744357008837,31.817839959101025,32.04405975341797,39906700
2023-08-18 00:00:00-04:00,31.699819065082128,32.36863342885599,31.65064231079349,32.211265563964844,23701100
2023-08-21 00:00:00-04:00,32.063730695957865,32.6243539342114,31.49327360788662,32.5948486328125,43718200
2023-08-22 00:00:00-04:00,32.67353419723266,33.243991281080426,32.289950274103944,32.348960876464844,23425300
2023-08-23 00:00:00-04:00,32.33913203375682,33.588241253719055,32.260446215831806,33.42103576660156,32324300
2023-08-24 00:00:00-04:00,33.165310519428246,33.52922300529971,31.955544348602118,32.053897857666016,37931000
2023-08-25 00:00:00-04:00,31.99488006649483,32.85057126166723,31.817840767627814,32.70303726196289,27324800
2023-08-28 00:00:00-04:00,32.948930596902564,33.22432344305988,32.66370014798469,33.06695556640625,22341800
2023-08-29 00:00:00-04:00,32.9390909589082,33.91280335214455,32.919419508789375,33.745601654052734,29943600
2023-08-30 00:00:00-04:00,33.499716745329984,34.089845286735404,33.22432017432113,33.96198272705078,26279200
2023-08-31 00:00:00-04:00,33.75543988378352,34.975043685807705,33.73576843111181,34.56195068359375,48157600
2023-09-01 00:00:00-04:00,35.20125600982714,36.14546312570516,35.142241658105185,36.00776672363281,43808500
2023-09-05 00:00:00-04:00,35.978262259449934,36.794606841531916,35.860233553264436,36.10612106323242,43379400
2023-09-06 00:00:00-04:00,35.958591984060924,36.43069556840109,35.437307894562714,36.371681213378906,39643400
2023-09-07 00:00:00-04:00,36.22414618172884,37.70930494398724,36.14546038539832,37.551937103271484,67659700
2023-09-08 00:00:00-04:00,37.492926211374595,38.19124958635702,37.08967084787984,37.384735107421875,44255200
2023-09-11 00:00:00-04:00,37.61095536569803,38.10273038812013,37.217533846982086,37.955196380615234,36349300
2023-09-12 00:00:00-04:00,38.014211915392515,39.410851221541385,38.014211915392515,38.22075653076172,55326600
2023-09-13 00:00:00-04:00,38.161742772262606,38.50598755520661,37.62079097271727,38.07322311401367,35407800
2023-09-14 00:00:00-04:00,38.17157848394199,38.26009813780729,37.66996586139009,38.033878326416016,30616500
2023-09-15 00:00:00-04:00,37.78799208829982,37.88634934698742,37.001152778527945,37.25687789916992,68881200
2023-09-18 00:00:00-04:00,37.00115032324325,37.758484281127345,36.892959221839014,37.36506652832031,29322200
2023-09-19 00:00:00-04:00,37.41424629005267,37.473256894153685,35.42747465982539,35.742210388183594,53288100
2023-09-20 00:00:00-04:00,35.62418060246607,35.65368590051986,34.06033602254477,34.119346618652344,57660800
2023-09-21 00:00:00-04:00,34.00132365845407,34.67013796763067,33.893132556683504,34.08000946044922,45240600
2023-09-22 00:00:00-04:00,34.23737432117086,34.31605636434601,33.57839391884607,33.61773681640625,29232700
2023-09-25 00:00:00-04:00,33.44070265186533,33.804615130179045,33.21448658415974,33.72593307495117,21729400
2023-09-26 00:00:00-04:00,33.57840048571023,34.20787196199683,33.08662542586809,33.273502349853516,34198300
2023-09-27 00:00:00-04:00,33.362016538710535,34.25705070334605,33.322677387430296,34.04066848754883,44369100
2023-09-28 00:00:00-04:00,34.080011321617654,35.073395238410804,33.8144523532997,34.60129165649414,32265300
2023-09-29 00:00:00-04:00,35.06355575891922,35.319277084420065,34.581614652621866,34.9651985168457,28763700
2023-10-02 00:00:00-04:00,35.02422011387612,35.38813260503356,34.404582492324636,34.876686096191406,26086200
2023-10-03 00:00:00-04:00,34.68981222072873,35.93892128872603,34.68981222072873,35.102901458740234,45292600
2023-10-04 00:00:00-04:00,35.91924574959853,35.91924574959853,34.748822623128994,35.338951110839844,39842200
2023-10-05 00:00:00-04:00,35.37829594163346,35.50615474471777,35.01437972746714,35.29961013793945,25771200
2023-10-06 00:00:00-04:00,35.279937456828144,35.86023210702724,34.6012893073867,35.59467315673828,33262200
2023-10-09 00:00:00-04:00,35.11273733222375,35.57500330172597,34.9160265729728,35.46681594848633,19376100
2023-10-10 00:00:00-04:00,35.54549622447423,36.135628472732584,35.220926677085785,35.830726623535156,24044100
2023-10-11 00:00:00-04:00,36.01760554763995,36.420860960239764,35.78155561204039,36.27333068847656,19262600
2023-10-12 00:00:00-04:00,36.1946391857841,36.60773213606729,35.79138383657303,36.23398208618164,23639200
2023-10-13 00:00:00-04:00,36.13563377066977,36.184810527248196,35.27010859749462,35.378299713134766,28390100
2023-10-16 00:00:00-04:00,35.54549471505078,36.33233392737034,35.48648411909264,35.958587646484375,29555800
2023-10-17 00:00:00-04:00,35.3291157906487,35.75204260985726,34.493099753764234,35.46681594848633,24993600
2023-10-18 00:00:00-04:00,34.935701230683776,35.42747629797615,34.86685302141852,35.05372619628906,22086000
2023-10-19 00:00:00-04:00,35.36845948464315,35.76188101195215,34.93569880615984,35.083229064941406,29201800
2023-10-20 00:00:00-04:00,35.063560630992285,35.68319445840024,34.29638904400115,34.34556579589844,32303300
2023-10-23 00:00:00-04:00,34.03082963896319,34.611124308475915,32.84073499957213,33.29316711425781,53924700
2023-10-24 00:00:00-04:00,33.08662280371101,34.13902104821362,33.08662280371101,34.02099609375,52673900
2023-10-25 00:00:00-04:00,33.61774244801486,33.88330142311442,32.01455474735268,32.28995132446289,44658500
2023-10-26 00:00:00-04:00,32.348960764501015,32.673534084145444,31.62113582363375,31.985048294067383,59142500
2023-10-27 00:00:00-04:00,34.089846708185235,35.78155410027395,34.03083235080565,34.95537185668945,84128200
2023-10-30 00:00:00-04:00,34.88652298966338,35.36846043401013,34.34556743710664,35.102901458740234,36656300
2023-10-31 00:00:00-04:00,35.07339587318911,35.96842630026138,35.034052969330894,35.89957809448242,41185200
2023-11-01 00:00:00-04:00,35.899576894944936,36.706087637360646,35.68319468290073,36.67658233642578,41710700
2023-11-02 00:00:00-04:00,36.961816645651155,37.19786658188791,36.30283609043588,37.07984161376953,35440000
2023-11-03 00:00:00-04:00,37.37490353236572,37.68963926195629,37.0503302007559,37.51259994506836,30502700
2023-11-06 00:00:00-05:00,37.51753039356866,37.69515182541967,37.349775146028286,37.448455810546875,23877200
2023-11-07 00:00:00-05:00,37.73462737269627,38.385904758025376,37.47806138691897,38.25762176513672,32052000
2023-11-08 00:00:00-05:00,38.336563335089636,38.37603560514898,37.251102258437705,37.418853759765625,33483400
2023-11-09 00:00:00-05:00,37.54713395026264,38.010923678104184,37.27083560905453,37.300437927246094,48955800
2023-11-10 00:00:00-05:00,37.73462662816008,38.47471472253525,37.73462662816008,38.346431732177734,38862500
2023-11-13 00:00:00-05:00,37.84317119390614,38.060264914615274,37.63594742283806,37.72475814819336,24558300
2023-11-14 00:00:00-05:00,38.28722502524342,38.96810851136614,37.56687303319415,38.889163970947266,45457400
2023-11-15 00:00:00-05:00,39.066786699804304,40.300266952053384,39.05692051407083,40.073307037353516,47392100
2023-11-16 00:00:00-05:00,40.45815070157873,42.82643419957941,40.280529251014535,42.77709197998047,86405700
2023-11-17 00:00:00-05:00,42.34290702568293,43.231014251708984,41.99753408460766,43.231014251708984,49735000
2023-11-20 00:00:00-05:00,43.20140797728784,44.33621123172494,43.20140797728784,44.14872360229492,44564900
2023-11-21 00:00:00-05:00,43.91189408463174,44.06977939593776,42.72775236769523,43.06325912475586,37252100
2023-11-22 00:00:00-05:00,43.44810406483085,44.04017680174799,42.96458194884538,43.09286117553711,31481200
2023-11-24 00:00:00-05:00,43.10273376608708,43.41850440607957,43.03365917385641,43.379032135009766,13037100
2023-11-27 00:00:00-05:00,43.07313047380296,43.96123396715262,43.07313047380296,43.4974479675293,33339900
2023-11-28 00:00:00-05:00,43.11259769740228,43.79348116276332,43.082995377789274,43.64546203613281,24548900
2023-11-29 00:00:00-05:00,44.010574000041906,44.74079596740847,44.010574000041906,44.3460807800293,38982000
2023-11-30 00:00:00-05:00,44.05991066386225,44.494094303784046,43.82308082845238,44.109249114990234,46263000
2023-12-01 00:00:00-05:00,43.77374666363665,43.77374666363665,42.29357039916354,43.16194152832031,43928400
2023-12-04 00:00:00-05:00,42.72775176074531,42.73762170997078,41.13902872088735,41.790306091308594,50417600
2023-12-05 00:00:00-05:00,41.35612349986118,41.731102530170645,41.06008900826224,41.365989685058594,31859300
2023-12-06 00:00:00-05:00,41.91859060045017,42.027137460168056,40.6259019977016,40.72458267211914,31992300
2023-12-07 00:00:00-05:00,41.19823756920078,41.87911726610087,40.6357709143088,41.592952728271484,29118700
2023-12-08 00:00:00-05:00,41.28704997543026,42.39224719590146,41.257447654791754,42.135684967041016,42815000
2023-12-11 00:00:00-05:00,42.58960325966863,44.138854055701096,42.51066248602941,43.95136642456055,48288200
2023-12-12 00:00:00-05:00,43.77374793940317,43.85268871838199,43.05339592141253,43.457977294921875,31452200
2023-12-13 00:00:00-05:00,43.497446358514516,44.128987600899464,42.75735825929165,43.9809684753418,35216100
2023-12-14 00:00:00-05:00,44.41515336581766,46.44793008966711,44.05991423037119,44.582908630371094,70620800
2023-12-15 00:00:00-05:00,45.33286355275876,46.64528830971267,45.06643137433316,45.549957275390625,84583400
2023-12-18 00:00:00-05:00,45.540089950920446,45.61903072535941,44.800001839676554,45.08616638183594,27895700
2023-12-19 00:00:00-05:00,44.99735762171038,46.06308635526833,44.908546893913886,46.04335021972656,35358800
2023-12-20 00:00:00-05:00,46.02361017386815,46.32951460235054,45.09603446791247,45.15523910522461,38159100
2023-12-21 00:00:00-05:00,45.865729041858266,46.497270325887236,45.411809214497815,46.457801818847656,28320500
2023-12-22 00:00:00-05:00,46.625550627708435,47.52352404478188,46.57621217355154,47.365638732910156,30095700
2023-12-26 00:00:00-05:00,48.27347887400653,49.852335774632216,48.06625510566455,49.83259963989258,60287400
2023-12-27 00:00:00-05:00,49.96088169222299,50.60228911990351,49.52669426469732,50.08916091918945,52148000
2023-12-28 00:00:00-05:00,50.13850757372686,50.197712217786155,49.497096325008705,49.724056243896484,27705200
2023-12-29 00:00:00-05:00,49.63524162200012,49.9016737922272,49.11224723097072,49.58590316772461,29288700
2024-01-02 00:00:00-05:00,48.54978086907395,48.727402316983216,46.82290860884264,47.16828155517578,45905700
2024-01-03 00:00:00-05:00,46.47753059186372,47.178150178605605,46.18149610842996,46.428192138671875,35858400
2024-01-04 00:00:00-05:00,45.11577268702602,46.536740512433994,44.64211674522337,46.250572204589844,47797800
2024-01-05 00:00:00-05:00,46.40845480462325,47.197885092412385,46.023609609681465,46.27030563354492,34344000
2024-01-08 00:00:00-05:00,46.44792921427588,48.115593057371974,46.34925230589207,47.8096923828125,42135100
2024-01-09 00:00:00-05:00,47.37550575760561,47.91824005579795,47.16828198790462,47.41497802734375,30097000
2024-01-10 00:00:00-05:00,47.602471844269466,47.66167648760095,46.31964936260299,46.842647552490234,31480200
2024-01-11 00:00:00-05:00,46.81303747245537,47.207752627642286,46.112421648067155,47.01039505004883,31707900
2024-01-12 00:00:00-05:00,46.97092462298027,47.03999921320337,45.994010410234836,46.49726867675781,27587900
2024-01-16 00:00:00-05:00,46.35912384264608,46.595953720102386,45.767054795430106,46.43806838989258,43720700
2024-01-17 00:00:00-05:00,45.80651781369869,45.80651781369869,45.04669734109243,45.45127868652344,33488000
2024-01-18 00:00:00-05:00,46.408456099754304,46.94132042959796,45.55982115169575,46.122291564941406,46681300
2024-01-19 00:00:00-05:00,46.37885337888682,48.115591764024586,45.82625291965619,47.51365661621094,55979800
2024-01-22 00:00:00-05:00,48.20440832614263,48.52017897988624,47.01040030640689,47.58273696899414,45639500
2024-01-23 00:00:00-05:00,47.48405314919019,48.29321586647265,46.6946265669979,48.24387741088867,37224100
2024-01-24 00:00:00-05:00,48.520175364034515,49.1122481188933,47.6320718781706,48.44123458862305,49375800
2024-01-25 00:00:00-05:00,49.33920665843677,49.63524114553085,48.32282020584345,48.8951530456543,84845100
2024-01-26 00:00:00-05:00,43.5961221183612,44.80986611742092,42.77708950325992,43.07312774658203,127665300
2024-01-29 00:00:00-05:00,43.1323333119092,43.40863542733626,42.24422985568122,43.260616302490234,51790900
2024-01-30 00:00:00-05:00,43.09286371528312,43.24088284930683,42.32317325263891,42.35277557373047,47958800
2024-01-31 00:00:00-05:00,42.00740006513206,43.21127790693192,41.80017630149584,42.51066207885742,51584200
2024-02-01 00:00:00-05:00,42.57974063356224,42.99418819944557,41.92846319840053,42.786964416503906,38819900
2024-02-02 00:00:00-05:00,42.43171772242148,42.56986689876739,41.05021843039699,42.03700256347656,53683500
2024-02-05 00:00:00-05:00,42.05674236653994,42.57974056240648,41.86925472004171,42.20476150512695,28890300
2024-02-06 00:00:00-05:00,42.259190564805955,42.3383627277486,41.70497032294128,42.29877853393555,34068200
2024-02-07 00:00:00-05:00,42.44722867727391,42.65505985674417,42.11073848299591,42.33836364746094,34269200
2024-02-08 00:00:00-05:00,42.278986473496566,42.52640562884181,41.89301319520865,42.061256408691406,33206500
2024-02-09 00:00:00-05:00,42.1107358690328,43.07072331744834,41.96228665376166,42.862892150878906,51193000
2024-02-12 00:00:00-05:00,42.94206612066388,44.57503398469183,42.87278906222066,43.57545852661133,51107300
2024-02-13 00:00:00-05:00,42.55609129641815,43.17958857482636,42.31856726525242,42.714439392089844,36622200
2024-02-14 00:00:00-05:00,43.36762733344154,43.83277653306883,42.94206610299881,43.73380661010742,36186200
2024-02-15 00:00:00-05:00,44.29792246284209,44.802659637413264,43.56556390115373,43.595252990722656,44024500
2024-02-16 00:00:00-05:00,43.57546147103312,43.76350244978494,42.67485587510025,43.060829162597656,29975300
2024-02-20 00:00:00-05:00,43.80308389081493,44.703689430093235,42.97175541030291,44.060401916503906,61514100
2024-02-21 00:00:00-05:00,44.020815778072794,44.22864696301597,42.6352707698016,43.021244049072266,57485200
2024-02-22 00:00:00-05:00,44.218751667634606,44.218751667634606,42.090945425277404,42.53630065917969,62809300
2024-02-23 00:00:00-05:00,42.68475009500671,43.060824460813436,42.21960091454698,42.54619598388672,33810700
2024-02-26 00:00:00-05:00,43.05092935658332,43.22907143525656,42.3779490094436,42.54619598388672,27035400
2024-02-27 00:00:00-05:00,42.803511664108804,42.82330564855216,42.07114934097092,42.28887939453125,25126400
2024-02-28 00:00:00-05:00,42.001869966492016,42.011768845825976,41.477342621281004,41.5565185546875,26928500
2024-02-29 00:00:00-05:00,41.93259519224425,42.704545483662436,41.922700087688604,42.60557556152344,48875100
2024-03-01 00:00:00-05:00,42.96186273403715,43.812985247351655,42.684754483308424,43.36763000488281,41426100
2024-03-04 00:00:00-05:00,43.812985667301724,46.12882917502045,43.39731951190769,45.13915252685547,59990800
2024-03-05 00:00:00-05:00,44.09998806070443,44.406785372452866,42.249290209353326,42.714439392089844,56655100
2024-03-06 00:00:00-05:00,43.476492325656736,45.04017935400904,43.11031304928887,44.05050277709961,52652000
2024-03-07 00:00:00-05:00,45.07976813297767,45.94078571326764,44.71358885003174,45.67357635498047,50378200
2024-03-08 00:00:00-05:00,45.960578190502105,46.14861915352694,43.54576873779297,43.54576873779297,54916600
2024-03-11 00:00:00-04:00,43.4171110598047,44.46616960706335,43.20927988143693,44.39689254760742,35051000
2024-03-12 00:00:00-04:00,44.59483001268361,44.80266119753635,44.00102177341143,44.772972106933594,31795800
2024-03-13 00:00:00-04:00,44.0505029236892,44.51565212448583,42.75402901982607,42.78371810913086,53195900
2024-03-14 00:00:00-04:00,42.783718164719176,42.90247829740919,42.07114981794601,42.30867385864258,38100000
2024-03-15 00:00:00-04:00,42.011769033672145,42.70454335281141,41.912799116471504,42.199806213378906,66952900
2024-03-18 00:00:00-04:00,42.64516692858036,42.93217406267901,42.16022370974758,42.26908874511719,27668300
2024-03-19 00:00:00-04:00,41.81383419719672,41.853422165234505,41.01219483335548,41.61589813232422,34673000
2024-03-20 00:00:00-04:00,42.54619626656077,42.5659864751525,40.98250551566579,41.76435089111328,74865000
2024-03-21 00:00:00-04:00,42.546197673998094,43.149897214242884,41.883112404748005,41.982078552246094,50807600
2024-03-22 00:00:00-04:00,41.81383511044879,42.35815646924932,41.65548701015561,42.130531311035156,28503100
2024-03-25 00:00:00-04:00,40.46787585904025,41.78414755859529,40.15117964680319,41.39817428588867,47276500
2024-03-26 00:00:00-04:00,41.51693058798425,41.83362677097765,41.229923492360136,41.5565185546875,39109700
2024-03-27 00:00:00-04:00,42.100843972465064,43.37752770777571,42.061256001916675,43.318145751953125,51017800
2024-03-28 00:00:00-04:00,43.30824490459669,44.139573371770645,43.25876183131705,43.714012145996094,54204200
2024-04-01 00:00:00-04:00,43.832776755512306,44.94121347108948,43.72391172736055,44.060401916503906,31712600
2024-04-02 00:00:00-04:00,43.47649024130356,43.62494323084944,43.05092903160946,43.486385345458984,32748400
2024-04-03 00:00:00-04:00,40.97261569281679,41.22003486058666,39.80479691891767,39.91366195678711,83718000
2024-04-04 00:00:00-04:00,40.170973402908174,40.3590105980652,39.29016183168939,39.31985092163086,57307200
2024-04-05 00:00:00-04:00,38.943775305343,39.0526403426771,38.11244675471166,38.31038284301758,67263000
2024-04-08 00:00:00-04:00,38.24110374178147,38.4588338048539,37.518640266960844,37.58791732788086,56967800
2024-04-09 00:00:00-04:00,37.65719128751643,38.18172241669127,36.94462675169194,37.934303283691406,78671700
2024-04-10 00:00:00-04:00,37.62750590872153,37.82544198969589,36.63782927916647,36.81597137451172,51108400
2024-04-11 00:00:00-04:00,37.04359529776712,37.28111556667766,36.697209999223986,37.24153137207031,41909100
2024-04-12 00:00:00-04:00,36.311232680000735,36.32113156006494,35.23248504731364,35.321556091308594,80254800
2024-04-15 00:00:00-04:00,35.66794464775069,36.32113103584749,35.519491651462836,35.935157775878906,50751600
2024-04-16 00:00:00-04:00,35.895568587837126,36.13308884345184,35.390831437852185,35.88566970825195,30607500
2024-04-17 00:00:00-04:00,35.727323119111105,35.757015983802184,35.00485966690412,35.31166076660156,41173300
2024-04-18 00:00:00-04:00,35.054342816560656,35.29186685801872,34.41105530172058,34.67826843261719,42334400
2024-04-19 00:00:00-04:00,34.76733858919146,34.76733858919146,33.82714510268787,33.84693908691406,59070300
2024-04-22 00:00:00-04:00,34.06466652813322,34.213119527250065,33.72818011072603,34.054771423339844,39909900
2024-04-23 00:00:00-04:00,33.98549508463159,34.242809343199326,33.82714697736298,33.92611312866211,46834000
2024-04-24 00:00:00-04:00,34.50012494991297,34.816821142169815,33.9854926936665,34.14384078979492,53261100
2024-04-25 00:00:00-04:00,34.203222002242924,34.93558051526241,34.14384005173473,34.74754333496094,66549400
2024-04-26 00:00:00-04:00,31.45192381651619,31.907176045518334,30.323691180607266,31.55088996887207,119742500
2024-04-29 00:00:00-04:00,31.531096996193742,31.580580070998817,30.74925157819707,31.036258697509766,58533300
2024-04-30 00:00:00-04:00,30.719562342327688,30.858116461249818,30.105962024307132,30.155445098876953,72346400
2024-05-01 00:00:00-04:00,29.858542429729663,30.719561883042896,29.710091320581384,30.05647850036621,60654800
2024-05-02 00:00:00-04:00,30.274206169169542,30.353380218588107,29.87833592207671,30.195032119750977,50899400
2024-05-03 00:00:00-04:00,30.660179145133664,30.739353193831782,30.383070918519365,30.581005096435547,36794800
2024-05-06 00:00:00-04:00,30.923832433223346,31.003328068462462,30.536289553022886,30.774776458740234,36185600
2024-05-07 00:00:00-04:00,30.894020047360957,31.251751344198457,30.417046248461222,30.486604690551758,44683400
2024-05-08 00:00:00-04:00,29.81089210510254,29.959946186562956,29.5425936212785,29.81089210510254,63734600
2024-05-09 00:00:00-04:00,29.741332600527656,30.198432020098114,29.622088202412307,29.90032386779785,45003400
2024-05-10 00:00:00-04:00,30.138812358464122,30.267992059188092,29.65190133984991,29.66183853149414,42931300
2024-05-13 00:00:00-04:00,29.84070274039695,30.933767233590086,29.810891166912885,30.317676544189453,51459100
2024-05-14 00:00:00-04:00,30.42698497721072,30.913895991776922,30.417047785649103,30.854272842407227,47759900
2024-05-15 00:00:00-04:00,31.182192737724716,31.202067120946793,30.615786083174033,31.072887420654297,36992900
2024-05-16 00:00:00-04:00,31.430616301444132,32.056644199568396,31.32131098625367,31.828094482421875,47752800
2024-05-17 00:00:00-04:00,31.8579079970722,31.907592059017553,31.390869475353796,31.629356384277344,41449800
2024-05-20 00:00:00-04:00,31.649231369928607,32.21563613099912,31.55979854046339,31.897653579711914,31989000
2024-05-21 00:00:00-04:00,31.77840961678809,32.036772797045785,31.420680210618762,31.5399227142334,42975400
2024-05-22 00:00:00-04:00,31.708852003298507,31.867843275827525,30.90395844920465,31.221940994262695,36706400
2024-05-23 00:00:00-04:00,31.25175143532453,31.37099393773446,29.68171125454082,29.8903865814209,62014500
2024-05-24 00:00:00-04:00,30.099064079939822,30.82446197812326,29.94007091639133,30.526351928710938,42434500
2024-05-28 00:00:00-04:00,30.744967620329465,31.172257382164105,30.466731941725964,30.86421012878418,36799100
2024-05-29 00:00:00-04:00,30.277928026901556,30.476668061101428,29.920198618797393,29.94007110595703,35848600
2024-05-30 00:00:00-04:00,30.019567311756507,30.307740177296864,29.870513230933255,29.99969482421875,33351000
2024-05-31 00:00:00-04:00,30.029504942197292,30.76484006095746,29.75127115934644,30.655534744262695,95797500
2024-06-03 00:00:00-04:00,30.83439895760554,30.874145826725712,29.86057507726836,30.099063873291016,35544900
2024-06-04 00:00:00-04:00,30.556164699264862,30.556164699264862,29.75127113543878,29.8407039642334,51027200
2024-06-05 00:00:00-04:00,30.079190259300518,30.645596899838363,29.820828969781854,30.585975646972656,44161700
2024-06-06 00:00:00-04:00,30.35742448048119,30.397173246523653,29.96988348819456,30.22824478149414,34248100
2024-06-07 00:00:00-04:00,30.059315502581093,30.585975266431074,30.019566737614863,30.546226501464844,34085500
2024-06-10 00:00:00-04:00,30.35742334809095,30.75490341238691,30.099063959754154,30.71515464782715,37396500
2024-06-11 00:00:00-04:00,30.57603785729381,30.834399141756844,30.337550955172254,30.7250919342041,25326900
2024-06-12 00:00:00-04:00,31.26168740752887,31.281561790135704,30.198432577294135,30.56610107421875,51323900
2024-06-13 00:00:00-04:00,30.18849638192882,30.387236423902817,29.950009468755333,30.26799201965332,33787200
2024-06-14 00:00:00-04:00,30.099065365610674,30.36736195761891,30.01956783277801,30.258056640625,28125900
2024-06-17 00:00:00-04:00,30.14874866124054,30.804588127819695,29.989757390271375,30.784713745117188,36235300
2024-06-18 00:00:00-04:00,30.79465147966915,31.27162530099019,30.307740466821567,30.436920166015625,33294700
2024-06-20 00:00:00-04:00,30.367361637990363,30.913895798509436,30.258056322146935,30.426984786987305,43826300
2024-06-21 00:00:00-04:00,30.65553318086021,31.162318553482905,30.476667532249213,30.894020080566406,90795200
2024-06-24 00:00:00-04:00,30.943704994449813,31.221940666114026,30.337551485050767,30.37729835510254,40611800
2024-06-25 00:00:00-04:00,30.506479631824043,30.635659327313434,30.099064267547327,30.546226501464844,29323600
2024-06-26 00:00:00-04:00,30.446856525218326,30.48660529023788,30.079189925414628,30.347488403320312,30743000
2024-06-27 00:00:00-04:00,30.228244464597882,30.466731372376067,30.099064766965085,30.397172927856445,30184300
2024-06-28 00:00:00-04:00,30.556163935664028,31.11263338233784,30.526352361702315,30.774776458740234,41467700
2024-07-01 00:00:00-04:00,30.71515590338328,30.824463115065406,30.417047738300834,30.645597457885742,32401800
2024-07-02 00:00:00-04:00,30.66547207706199,31.112634328128223,30.39717358922695,30.874147415161133,35999300
2024-07-03 00:00:00-04:00,30.923832959411207,31.14244548620724,30.71515572877935,31.033138275146484,24065700
2024-07-05 00:00:00-04:00,31.2020665029894,32.13614164734713,31.112633675586775,31.818159103393555,45309400
2024-07-08 00:00:00-04:00,32.82179017277948,33.87510969875,32.613114843025684,33.77574157714844,82315900
2024-07-09 00:00:00-04:00,34.79924945469186,34.99798949894323,33.507444853034585,34.3719596862793,97546900
2024-07-10 00:00:00-04:00,34.22290250728898,34.7495641747144,33.91485905060243,34.65019226074219,52256200
2024-07-11 00:00:00-04:00,34.809184100885474,34.928430399599435,33.10002884981283,33.2888298034668,55213700
2024-07-12 00:00:00-04:00,33.55712801341558,35.25634795426933,33.55712801341558,34.27259063720703,62792600
2024-07-15 00:00:00-04:00,34.48126375284248,35.00792159998404,34.093722786783545,34.242774963378906,39847900
2024-07-16 00:00:00-04:00,34.143409539494236,34.232842368767805,33.626686947097056,34.12353515625,28409900
2024-07-17 00:00:00-04:00,35.85256576329393,36.925755839253235,34.18315560900105,34.242774963378906,112304200
2024-07-18 00:00:00-04:00,34.73962508799172,36.07117841001198,34.31233533453851,34.65019226074219,84188600
2024-07-19 00:00:00-04:00,34.35208356711346,34.362022653681926,32.64292457982029,32.7721061706543,69628700
2024-07-22 00:00:00-04:00,33.07021606470152,33.19939766232487,32.55349346485917,33.15964889526367,48503700
2024-07-23 00:00:00-04:00,32.75223342263411,33.020531913608885,32.623055616004486,32.7422981262207,29466400
2024-07-24 00:00:00-04:00,32.32494148650973,32.59323995949019,31.460426711784343,31.50017547607422,62216700
2024-07-25 00:00:00-04:00,31.17225584068728,31.78834652633028,30.754903291082982,30.90395736694336,49774000
2024-07-26 00:00:00-04:00,31.23187753157216,31.361057227049322,30.824462167334016,31.152381896972656,38352500
2024-07-29 00:00:00-04:00,31.221941203638227,31.27162526588968,30.595913300772725,30.63566017150879,32342200
2024-07-30 00:00:00-04:00,30.655533712816226,30.715154964946016,29.820828601697457,29.94007110595703,48256600
2024-07-31 00:00:00-04:00,30.34748836260998,30.675408092279664,30.08912707630577,30.546226501464844,56110600
2024-08-01 00:00:00-04:00,30.238180548162198,30.516414316046976,28.70788724349436,28.866878509521484,107672500
2024-08-02 00:00:00-04:00,21.801700111553938,21.8414469830145,20.291281089542203,21.3445987701416,300895900
2024-08-05 00:00:00-04:00,20.072667229540986,20.26146817330116,19.168403693593557,19.983234405517578,147385700
2024-08-06 00:00:00-04:00,20.191910941842604,20.4999563012095,19.62550428595571,19.704999923706055,106670400
2024-08-07 00:00:00-04:00,19.920000076293945,20.25,18.950000762939453,18.989999771118164,97972300
2024-08-08 00:00:00-04:00,19.100000381469727,20.549999237060547,18.84000015258789,20.489999771118164,96836800
2024-08-09 00:00:00-04:00,20.079999923706055,20.149999618530273,19.5,19.709999084472656,76394500
2024-08-12 00:00:00-04:00,19.8700008392334,19.969999313354492,19.0,19.360000610351562,54677600
2024-08-13 00:00:00-04:00,19.479999542236328,20.479999542236328,19.469999313354492,20.469999313354492,77511300
2024-08-14 00:00:00-04:00,20.489999771118164,20.5,19.790000915527344,19.920000076293945,56758200
2024-08-15 00:00:00-04:00,20.31999969482422,21.059999465942383,20.229999542236328,20.690000534057617,84814900
2024-08-16 00:00:00-04:00,20.530000686645508,20.899999618530273,20.40999984741211,20.8700008392334,48582700
2024-08-19 00:00:00-04:00,20.889999389648438,21.860000610351562,20.84000015258789,21.520000457763672,65956300
2024-08-20 00:00:00-04:00,21.209999084472656,21.229999542236328,20.81999969482422,20.989999771118164,84161300
2024-08-21 00:00:00-04:00,21.06999969482422,21.440000534057617,21.06999969482422,21.40999984741211,57028900
2024-08-22 00:00:00-04:00,21.389999389648438,21.399999618530273,20.040000915527344,20.100000381469727,81444700
2024-08-23 00:00:00-04:00,20.31999969482422,20.93000030517578,20.260000228881836,20.540000915527344,73398400
2024-08-26 00:00:00-04:00,20.530000686645508,20.559999465942383,19.950000762939453,20.1299991607666,58534800
2024-08-27 00:00:00-04:00,20.1299991607666,20.260000228881836,19.84000015258789,20.06999969482422,43862000
2024-08-28 00:00:00-04:00,19.979999542236328,20.110000610351562,19.510000228881836,19.610000610351562,50144900
2024-08-29 00:00:00-04:00,19.760000228881836,20.600000381469727,19.75,20.1299991607666,64529700
2024-08-30 00:00:00-04:00,21.25,22.1200008392334,21.0,22.040000915527344,177785400
2024-09-03 00:00:00-04:00,21.540000915527344,21.690000534057617,19.989999771118164,20.100000381469727,115305500
2024-09-04 00:00:00-04:00,19.760000228881836,20.049999237060547,19.280000686645508,19.43000030517578,85871900
2024-09-05 00:00:00-04:00,19.280000686645508,19.899999618530273,19.239999771118164,19.399999618530273,65388800
2024-09-06 00:00:00-04:00,19.440000534057617,19.489999771118164,18.639999389648438,18.889999389648438,92686500
2024-09-09 00:00:00-04:00,19.0,19.540000915527344,18.950000762939453,19.06999969482422,64244100
2024-09-10 00:00:00-04:00,19.030000686645508,19.110000610351562,18.510000228881836,18.979999542236328,55621300
2024-09-11 00:00:00-04:00,19.010000228881836,19.690000534057617,18.520000457763672,19.639999389648438,71403100
2024-09-12 00:00:00-04:00,19.43000030517578,19.540000915527344,19.040000915527344,19.360000610351562,51520600
2024-09-13 00:00:00-04:00,19.489999771118164,19.799999237060547,19.489999771118164,19.65999984741211,44236300
2024-09-16 00:00:00-04:00,20.030000686645508,21.06999969482422,19.760000228881836,20.90999984741211,149337000
2024-09-17 00:00:00-04:00,21.709999084472656,22.579999923706055,21.239999771118164,21.469999313354492,196249800
2024-09-18 00:00:00-04:00,21.360000610351562,21.739999771118164,20.719999313354492,20.770000457763672,118727900
2024-09-19 00:00:00-04:00,21.280000686645508,21.690000534057617,21.030000686645508,21.139999389648438,99829200
2024-09-20 00:00:00-04:00,20.889999389648438,23.139999389648438,20.350000381469727,21.84000015258789,260377900
2024-09-23 00:00:00-04:00,22.43000030517578,22.81999969482422,22.030000686645508,22.559999465942383,184439100
2024-09-24 00:00:00-04:00,22.530000686645508,23.110000610351562,22.290000915527344,22.809999465942383,113082500
2024-09-25 00:00:00-04:00,22.799999237060547,24.059999465942383,22.729999542236328,23.540000915527344,117013400
2024-09-26 00:00:00-04:00,24.280000686645508,24.420000076293945,23.25,23.920000076293945,95416900
2024-09-27 00:00:00-04:00,24.15999984741211,24.65999984741211,23.700000762939453,23.90999984741211,85883300
2024-09-30 00:00:00-04:00,23.739999771118164,23.950000762939453,23.09000015258789,23.459999084472656,66308200
2024-10-01 00:00:00-04:00,23.459999084472656,23.719999313354492,22.260000228881836,22.690000534057617,86344400
2024-10-02 00:00:00-04:00,22.670000076293945,23.06999969482422,22.350000381469727,22.389999389648438,59033900
2024-10-03 00:00:00-04:00,22.139999389648438,22.729999542236328,21.649999618530273,22.260000228881836,49565900
2024-10-04 00:00:00-04:00,22.700000762939453,22.90999984741211,22.299999237060547,22.59000015258789,49845500
2024-10-07 00:00:00-04:00,22.399999618530273,22.649999618530273,22.020000457763672,22.3799991607666,54928700
2024-10-08 00:00:00-04:00,22.25,23.420000076293945,22.049999237060547,23.31999969482422,58650500
2024-10-09 00:00:00-04:00,23.25,23.479999542236328,23.059999465942383,23.459999084472656,44759000
2024-10-10 00:00:00-04:00,23.190000534057617,23.530000686645508,22.959999084472656,23.219999313354492,44874600
2024-10-11 00:00:00-04:00,23.049999237060547,23.81999969482422,22.979999542236328,23.559999465942383,43585300
2024-10-14 00:00:00-04:00,23.579999923706055,23.770000457763672,23.270000457763672,23.440000534057617,35403600
2024-10-15 00:00:00-04:00,23.40999984741211,23.719999313354492,22.469999313354492,22.65999984741211,68900600
2024-10-16 00:00:00-04:00,22.3799991607666,22.540000915527344,21.739999771118164,22.309999465942383,62151800
2024-10-17 00:00:00-04:00,22.719999313354492,22.81999969482422,22.399999618530273,22.440000534057617,43807600
2024-10-18 00:00:00-04:00,22.610000610351562,22.81999969482422,22.5,22.770000457763672,39971700
2024-10-21 00:00:00-04:00,22.610000610351562,22.8799991607666,22.25,22.84000015258789,39727000
2024-10-22 00:00:00-04:00,22.729999542236328,22.81999969482422,22.170000076293945,22.399999618530273,50160400
2024-10-23 00:00:00-04:00,22.299999237060547,22.43000030517578,21.579999923706055,21.979999542236328,45799100
2024-10-24 00:00:00-04:00,22.09000015258789,22.3700008392334,21.969999313354492,22.34000015258789,40554400
2024-10-25 00:00:00-04:00,22.420000076293945,23.34000015258789,22.40999984741211,22.68000030517578,67503000
2024-10-28 00:00:00-04:00,22.670000076293945,23.270000457763672,22.559999465942383,22.920000076293945,41915000
2024-10-29 00:00:00-04:00,22.8700008392334,23.139999389648438,22.40999984741211,22.899999618530273,83422200
2024-10-30 00:00:00-04:00,22.420000076293945,22.93000030517578,22.260000228881836,22.299999237060547,50941200
2024-10-31 00:00:00-04:00,22.149999618530273,22.25,21.469999313354492,21.520000457763672,112485500
2024-11-01 00:00:00-04:00,23.0,23.579999923706055,21.90999984741211,23.200000762939453,173471100
2024-11-04 00:00:00-05:00,22.959999084472656,23.0,22.0,22.520000457763672,84616300
2024-11-05 00:00:00-05:00,22.579999923706055,23.579999923706055,22.399999618530273,23.31999969482422,59153300
2024-11-06 00:00:00-05:00,24.299999237060547,25.1200008392334,24.049999237060547,25.049999237060547,116760500
2024-11-07 00:00:00-05:00,25.43000030517578,26.3799991607666,25.190000534057617,26.229999542236328,101489300
2024-11-08 00:00:00-05:00,26.0,26.43000030517578,25.829999923706055,26.200000762939453,76428000
2024-11-11 00:00:00-05:00,25.959999084472656,26.290000915527344,24.829999923706055,25.049999237060547,80185300
2024-11-12 00:00:00-05:00,24.65999984741211,24.959999084472656,23.889999389648438,24.15999984741211,62539700
2024-11-13 00:00:00-05:00,24.059999465942383,25.139999389648438,24.020000457763672,24.920000076293945,58202000
2024-11-14 00:00:00-05:00,25.1200008392334,25.610000610351562,24.93000030517578,25.030000686645508,49252100
2024-11-15 00:00:00-05:00,24.809999465942383,24.81999969482422,24.229999542236328,24.350000381469727,55104900
2024-11-18 00:00:00-05:00,24.329999923706055,25.020000457763672,24.15999984741211,24.84000015258789,59589500
2024-11-19 00:00:00-05:00,24.5,24.540000915527344,24.100000381469727,24.200000762939453,61190900
2024-11-20 00:00:00-05:00,24.06999969482422,24.209999084472656,23.549999237060547,24.010000228881836,50191500
2024-11-21 00:00:00-05:00,24.079999923706055,24.770000457763672,23.829999923706055,24.440000534057617,58928400
2024-11-22 00:00:00-05:00,24.350000381469727,24.68000030517578,24.139999389648438,24.5,36784700
2024-11-25 00:00:00-05:00,25.040000915527344,25.56999969482422,24.760000228881836,24.8700008392334,91128400
2024-11-26 00:00:00-05:00,24.950000762939453,24.989999771118164,23.809999465942383,24.049999237060547,69613600
2024-11-27 00:00:00-05:00,23.829999923706055,23.93000030517578,23.059999465942383,23.649999618530273,53992300
2024-11-29 00:00:00-05:00,23.719999313354492,24.280000686645508,23.600000381469727,24.049999237060547,36616800
2024-12-02 00:00:00-05:00,24.84000015258789,25.479999542236328,23.440000534057617,23.93000030517578,150497900
2024-12-03 00:00:00-05:00,23.68000030517578,23.75,22.440000534057617,22.469999313354492,138160500
2024-12-04 00:00:00-05:00,22.530000686645508,22.540000915527344,21.809999465942383,21.959999084472656,104649000
2024-12-05 00:00:00-05:00,22.040000915527344,22.190000534057617,20.65999984741211,20.799999237060547,167993500
2024-12-06 00:00:00-05:00,20.950000762939453,21.049999237060547,20.65999984741211,20.920000076293945,78539100
2024-12-09 00:00:00-05:00,20.920000076293945,21.059999465942383,20.729999542236328,20.809999465942383,68818200
2024-12-10 00:00:00-05:00,20.829999923706055,20.860000610351562,19.959999084472656,20.15999984741211,90004800
2024-12-11 00:00:00-05:00,20.139999389648438,20.25,19.8700008392334,20.1200008392334,75209300
2024-12-12 00:00:00-05:00,20.020000457763672,20.899999618530273,19.920000076293945,20.780000686645508,77695000
2024-12-13 00:00:00-05:00,20.600000381469727,20.799999237060547,20.25,20.34000015258789,55104100
2024-12-16 00:00:00-05:00,20.170000076293945,21.100000381469727,20.0,20.829999923706055,73832900
2024-12-17 00:00:00-05:00,20.639999389648438,20.770000457763672,20.290000915527344,20.440000534057617,51767200
2024-12-18 00:00:00-05:00,20.479999542236328,20.579999923706055,19.209999084472656,19.299999237060547,86041200
2024-12-19 00:00:00-05:00,19.530000686645508,19.690000534057617,19.030000686645508,19.059999465942383,69117800
2024-12-20 00:00:00-05:00,18.969999313354492,19.760000228881836,18.899999618530273,19.520000457763672,108453700
2024-12-23 00:00:00-05:00,19.579999923706055,20.229999542236328,19.520000457763672,20.200000762939453,57988400
2024-12-24 00:00:00-05:00,20.219999313354492,20.399999618530273,19.959999084472656,20.399999618530273,29884000
2024-12-26 00:00:00-05:00,20.229999542236328,20.670000076293945,20.079999923706055,20.440000534057617,39846200
2024-12-27 00:00:00-05:00,20.209999084472656,20.610000610351562,20.09000015258789,20.299999237060547,48260800
2024-12-30 00:00:00-05:00,20.010000228881836,20.110000610351562,19.729999542236328,19.81999969482422,59608100
2024-12-31 00:00:00-05:00,19.989999771118164,20.399999618530273,19.8799991607666,20.049999237060547,49846700
2025-01-02 00:00:00-05:00,20.229999542236328,20.43000030517578,20.0,20.219999313354492,46438500
2025-01-03 00:00:00-05:00,20.389999389648438,20.670000076293945,20.059999465942383,20.559999465942383,48983900
2025-01-06 00:00:00-05:00,20.829999923706055,20.979999542236328,19.780000686645508,19.8700008392334,83271000
2025-01-07 00:00:00-05:00,20.020000457763672,20.34000015258789,19.899999618530273,20.010000228881836,61726100
2025-01-08 00:00:00-05:00,19.829999923706055,20.1200008392334,19.709999084472656,19.8799991607666,47897100
2025-01-10 00:00:00-05:00,19.65999984741211,19.65999984741211,18.90999984741211,19.149999618530273,71244600
2025-01-13 00:00:00-05:00,18.920000076293945,19.25,18.729999542236328,19.200000762939453,50669000
2025-01-14 00:00:00-05:00,19.360000610351562,19.520000457763672,18.81999969482422,19.200000762939453,47147500
2025-01-15 00:00:00-05:00,19.399999618530273,19.770000457763672,19.170000076293945,19.719999313354492,56306000
2025-01-16 00:00:00-05:00,19.75,19.950000762939453,19.399999618530273,19.670000076293945,44898100
2025-01-17 00:00:00-05:00,21.260000228881836,21.6200008392334,20.790000915527344,21.489999771118164,166483900
2025-01-21 00:00:00-05:00,22.030000686645508,22.40999984741211,21.75,21.770000457763672,96262200
2025-01-22 00:00:00-05:00,21.729999542236328,22.290000915527344,21.56999969482422,21.860000610351562,60972600
2025-01-23 00:00:00-05:00,21.690000534057617,21.75,21.350000381469727,21.56999969482422,55778200
2025-01-24 00:00:00-05:00,21.360000610351562,21.40999984741211,20.75,20.829999923706055,66300600
2025-01-27 00:00:00-05:00,20.809999465942383,21.059999465942383,20.139999389648438,20.290000915527344,83582100
2025-01-28 00:00:00-05:00,20.34000015258789,20.34000015258789,19.739999771118164,19.799999237060547,73411400
2025-01-29 00:00:00-05:00,19.8700008392334,20.079999923706055,19.65999984741211,19.75,86506800
2025-01-30 00:00:00-05:00,19.719999313354492,20.100000381469727,19.43000030517578,20.010000228881836,108167000
2025-01-31 00:00:00-05:00,20.100000381469727,20.329999923706055,19.3799991607666,19.43000030517578,117081700
2025-02-03 00:00:00-05:00,18.969999313354492,19.75,18.780000686645508,19.3799991607666,77523100
2025-02-04 00:00:00-05:00,19.100000381469727,19.530000686645508,19.020000457763672,19.290000915527344,54098200
2025-02-05 00:00:00-05:00,19.190000534057617,19.770000457763672,18.90999984741211,19.649999618530273,66059200
2025-02-06 00:00:00-05:00,19.510000228881836,19.700000762939453,19.219999313354492,19.3799991607666,45553800
2025-02-07 00:00:00-05:00,19.350000381469727,19.360000610351562,19.030000686645508,19.100000381469727,58277900
2025-02-10 00:00:00-05:00,19.25,20.079999923706055,19.239999771118164,19.770000457763672,73007300
2025-02-11 00:00:00-05:00,19.8700008392334,21.8799991607666,19.860000610351562,20.969999313354492,150960700
2025-02-12 00:00:00-05:00,21.979999542236328,22.559999465942383,20.93000030517578,22.479999542236328,162631200
2025-02-13 00:00:00-05:00,22.84000015258789,24.829999923706055,22.790000915527344,24.1299991607666,248661300
2025-02-14 00:00:00-05:00,24.360000610351562,25.190000534057617,22.860000610351562,23.600000381469727,230254100
2025-02-18 00:00:00-05:00,24.600000381469727,27.549999237060547,24.489999771118164,27.389999389648438,284292200
2025-02-19 00:00:00-05:00,25.979999542236328,26.329999923706055,25.459999084472656,25.719999313354492,151881700
2025-02-20 00:00:00-05:00,25.559999465942383,26.1200008392334,24.479999542236328,26.09000015258789,144939600
2025-02-21 00:00:00-05:00,25.959999084472656,26.290000915527344,24.84000015258789,24.8700008392334,111630900
2025-02-24 00:00:00-05:00,24.549999237060547,24.799999237060547,23.6200008392334,24.270000457763672,91358100
2025-02-25 00:00:00-05:00,24.209999084472656,24.280000686645508,22.770000457763672,22.989999771118164,88886500
2025-02-26 00:00:00-05:00,23.25,23.81999969482422,23.209999084472656,23.520000457763672,67449300
2025-02-27 00:00:00-05:00,23.700000762939453,24.399999618530273,23.06999969482422,23.09000015258789,97871900
2025-02-28 00:00:00-05:00,23.020000457763672,24.440000534057617,22.639999389648438,23.729999542236328,104133800
2025-03-03 00:00:00-05:00,25.0,25.040000915527344,22.520000457763672,22.739999771118164,141348700
2025-03-04 00:00:00-05:00,22.540000915527344,22.6299991607666,20.760000228881836,21.329999923706055,152182200
2025-03-05 00:00:00-05:00,21.329999923706055,21.360000610351562,20.18000030517578,20.809999465942383,127219300
2025-03-06 00:00:00-05:00,20.260000228881836,21.1299991607666,20.0,20.75,96466400
2025-03-07 00:00:00-05:00,20.270000457763672,21.200000762939453,20.110000610351562,20.639999389648438,81099600
2025-03-10 00:00:00-04:00,20.239999771118164,20.510000228881836,19.649999618530273,19.93000030517578,82760600
2025-03-11 00:00:00-04:00,19.969999313354492,20.059999465942383,19.290000915527344,19.780000686645508,80789000
2025-03-12 00:00:00-04:00,20.790000915527344,21.170000076293945,20.209999084472656,20.68000030517578,128671100
2025-03-13 00:00:00-04:00,23.5,24.530000686645508,23.1299991607666,23.700000762939453,243261000
2025-03-14 00:00:00-04:00,23.68000030517578,24.3700008392334,23.520000457763672,24.049999237060547,116901600
2025-03-17 00:00:00-04:00,24.420000076293945,26.149999618530273,24.3700008392334,25.690000534057617,160723600
2025-03-18 00:00:00-04:00,25.549999237060547,26.40999984741211,25.389999389648438,25.920000076293945,132488800
2025-03-19 00:00:00-04:00,24.899999618530273,25.229999542236328,24.030000686645508,24.1200008392334,135491400
2025-03-20 00:00:00-04:00,23.770000457763672,24.309999465942383,23.729999542236328,23.959999084472656,68937600
2025-03-21 00:00:00-04:00,23.600000381469727,24.700000762939453,23.489999771118164,24.260000228881836,94110700
2025-03-24 00:00:00-04:00,24.719999313354492,24.989999771118164,24.1299991607666,24.219999313354492,69169000
2025-03-25 00:00:00-04:00,24.18000030517578,24.75,24.110000610351562,24.200000762939453,51743300
2025-03-26 00:00:00-04:00,24.25,24.420000076293945,23.25,23.420000076293945,59496700
2025-03-27 00:00:00-04:00,23.290000915527344,23.760000228881836,22.860000610351562,23.6200008392334,57720600
2025-03-28 00:00:00-04:00,23.350000381469727,23.579999923706055,22.559999465942383,22.709999084472656,58365300
2025-03-31 00:00:00-04:00,22.3799991607666,22.75,21.75,22.709999084472656,65832000
2025-04-01 00:00:00-04:00,22.559999465942383,22.6200008392334,21.65999984741211,22.049999237060547,64060400
2025-04-02 00:00:00-04:00,21.889999389648438,22.3799991607666,21.700000762939453,21.979999542236328,58878800
2025-04-03 00:00:00-04:00,21.399999618530273,23.899999618530273,20.860000610351562,22.43000030517578,242972100
2025-04-04 00:00:00-04:00,21.700000762939453,22.200000762939453,19.700000762939453,19.850000381469727,175014700
2025-04-07 00:00:00-04:00,19.139999389648438,20.670000076293945,18.559999465942383,19.56999969482422,142491200
2025-04-08 00:00:00-04:00,20.059999465942383,20.389999389648438,17.670000076293945,18.1299991607666,163982700
2025-04-09 00:00:00-04:00,18.06999969482422,21.729999542236328,17.979999542236328,21.530000686645508,224183500
2025-04-10 00:00:00-04:00,20.68000030517578,20.81999969482422,19.15999984741211,19.8799991607666,129064900
2025-04-11 00:00:00-04:00,19.25,19.799999237060547,18.18000030517578,19.739999771118164,128425800
2025-04-14 00:00:00-04:00,20.59000015258789,21.049999237060547,19.979999542236328,20.309999465942383,101964400
2025-04-15 00:00:00-04:00,20.200000762939453,20.469999313354492,19.809999465942383,19.850000381469727,64056900
2025-04-16 00:00:00-04:00,19.34000015258789,19.43000030517578,18.719999313354492,19.229999542236328,89469700
2025-04-17 00:00:00-04:00,18.90999984741211,19.100000381469727,18.559999465942383,18.93000030517578,85646700
2025-04-21 00:00:00-04:00,18.93000030517578,18.989999771118164,18.25,18.84000015258789,72409900
2025-04-22 00:00:00-04:00,19.059999465942383,19.739999771118164,19.040000915527344,19.510000228881836,83365600
2025-04-23 00:00:00-04:00,20.719999313354492,21.030000686645508,20.309999465942383,20.59000015258789,97188100
2025-04-24 00:00:00-04:00,21.040000915527344,21.549999237060547,20.8799991607666,21.489999771118164,117086200
2025-04-25 00:00:00-04:00,19.729999542236328,20.18000030517578,19.34000015258789,20.049999237060547,147711200
2025-04-28 00:00:00-04:00,20.1200008392334,21.079999923706055,20.049999237060547,20.510000228881836,96624400
2025-04-29 00:00:00-04:00,20.309999465942383,20.850000381469727,20.219999313354492,20.34000015258789,70031900
2025-04-30 00:00:00-04:00,19.709999084472656,20.18000030517578,19.549999237060547,20.100000381469727,68297300
2025-05-01 00:00:00-04:00,20.219999313354492,20.649999618530273,19.940000534057617,19.979999542236328,72607500
2025-05-02 00:00:00-04:00,20.260000228881836,20.780000686645508,20.209999084472656,20.6200008392334,63298500
2025-05-05 00:00:00-04:00,20.389999389648438,20.579999923706055,20.239999771118164,20.270000457763672,44237000
2025-05-06 00:00:00-04:00,19.920000076293945,20.1200008392334,19.770000457763672,19.940000534057617,51330800
2025-05-07 00:00:00-04:00,19.969999313354492,20.3700008392334,19.81999969482422,20.309999465942383,61002600
2025-05-08 00:00:00-04:00,21.010000228881836,21.239999771118164,20.639999389648438,21.0,71651700
2025-05-09 00:00:00-04:00,21.200000762939453,21.450000762939453,20.829999923706055,21.420000076293945,51768600
2025-05-12 00:00:00-04:00,22.18000030517578,22.670000076293945,21.8799991607666,22.18000030517578,94578700
2025-05-13 00:00:00-04:00,22.360000610351562,22.8799991607666,22.299999237060547,22.559999465942383,76850400
2025-05-14 00:00:00-04:00,22.350000381469727,22.459999084472656,21.459999084472656,21.520000457763672,91584800
2025-05-15 00:00:00-04:00,21.229999542236328,21.6299991607666,21.190000534057617,21.549999237060547,66705500
2025-05-16 00:00:00-04:00,21.530000686645508,21.760000228881836,21.350000381469727,21.65999984741211,55795100
2025-05-19 00:00:00-04:00,21.18000030517578,21.559999465942383,21.049999237060547,21.3799991607666,64279100
2025-05-20 00:00:00-04:00,21.329999923706055,21.40999984741211,21.1200008392334,21.270000457763672,48497400
2025-05-21 00:00:00-04:00,21.190000534057617,21.6299991607666,20.59000015258789,20.690000534057617,62904700
2025-05-22 00:00:00-04:00,20.729999542236328,20.899999618530273,20.510000228881836,20.549999237060547,56077500
2025-05-23 00:00:00-04:00,20.15999984741211,20.270000457763672,19.940000534057617,20.049999237060547,68206100
2025-05-27 00:00:00-04:00,20.440000534057617,20.670000076293945,20.18000030517578,20.549999237060547,69504600
2025-05-28 00:00:00-04:00,20.56999969482422,20.639999389648438,20.329999923706055,20.3700008392334,46096500
2025-05-29 00:00:00-04:00,20.540000915527344,20.600000381469727,20.100000381469727,20.25,66372200
2025-05-30 00:00:00-04:00,20.260000228881836,20.260000228881836,19.309999465942383,19.549999237060547,114281900
2025-06-02 00:00:00-04:00,19.479999542236328,19.81999969482422,19.3700008392334,19.739999771118164,67885500
2025-06-03 00:00:00-04:00,19.75,20.40999984741211,19.399999618530273,20.290000915527344,80401900
2025-06-04 00:00:00-04:00,20.34000015258789,20.5,20.010000228881836,20.25,71166500
2025-06-05 00:00:00-04:00,20.270000457763672,20.549999237060547,19.850000381469727,19.989999771118164,72458400
2025-06-06 00:00:00-04:00,20.170000076293945,20.440000534057617,20.030000686645508,20.059999465942383,70072800
2025-06-09 00:00:00-04:00,20.219999313354492,20.959999084472656,20.219999313354492,20.479999542236328,92893900
2025-06-10 00:00:00-04:00,20.5,22.440000534057617,20.280000686645508,22.079999923706055,171457000
2025-06-11 00:00:00-04:00,21.780000686645508,21.829999923706055,20.3799991607666,20.68000030517578,146784500
2025-06-12 00:00:00-04:00,20.5,20.979999542236328,20.40999984741211,20.770000457763672,78175900
2025-06-13 00:00:00-04:00,20.329999923706055,20.600000381469727,20.100000381469727,20.139999389648438,87655900
2025-06-16 00:00:00-04:00,20.40999984741211,20.93000030517578,20.299999237060547,20.739999771118164,86745100
2025-06-17 00:00:00-04:00,20.6299991607666,21.479999542236328,20.6200008392334,20.799999237060547,87512200
2025-06-18 00:00:00-04:00,20.809999465942383,21.600000381469727,20.65999984741211,21.489999771118164,94200600
2025-06-20 00:00:00-04:00,21.700000762939453,21.889999389648438,20.8799991607666,21.079999923706055,133472800
2025-06-23 00:00:00-04:00,21.06999969482422,21.579999923706055,20.729999542236328,21.190000534057617,81461000
2025-06-24 00:00:00-04:00,21.34000015258789,22.690000534057617,21.329999923706055,22.549999237060547,130368700
2025-06-25 00:00:00-04:00,22.579999923706055,22.770000457763672,22.1299991607666,22.200000762939453,64975100
2025-06-26 00:00:00-04:00,22.399999618530273,22.6200008392334,22.209999084472656,22.5,63229300
2025-06-27 00:00:00-04:00,22.709999084472656,23.3799991607666,22.420000076293945,22.690000534057617,95542400
2025-06-30 00:00:00-04:00,22.969999313354492,22.969999313354492,22.270000457763672,22.399999618530273,77102400
2025-07-01 00:00:00-04:00,22.329999923706055,23.15999984741211,22.280000686645508,22.850000381469727,79094900
2025-07-02 00:00:00-04:00,22.530000686645508,22.770000457763672,21.520000457763672,21.8799991607666,138245300
2025-07-03 00:00:00-04:00,22.149999618530273,22.6299991607666,21.989999771118164,22.489999771118164,61176000
2025-07-07 00:00:00-04:00,22.209999084472656,22.389999389648438,21.860000610351562,22.0,80725200
2025-07-08 00:00:00-04:00,22.18000030517578,23.790000915527344,22.1299991607666,23.59000015258789,119545500
2025-07-09 00:00:00-04:00,23.290000915527344,23.530000686645508,23.1299991607666,23.440000534057617,70247700
2025-07-10 00:00:00-04:00,23.6299991607666,24.040000915527344,23.479999542236328,23.81999969482422,54599800
2025-07-11 00:00:00-04:00,23.559999465942383,23.65999984741211,23.15999984741211,23.43000030517578,49367900
2025-07-14 00:00:00-04:00,23.239999771118164,23.399999618530273,22.8799991607666,23.299999237060547,48420500
2025-07-15 00:00:00-04:00,23.56999969482422,23.780000686645508,22.899999618530273,22.920000076293945,66099400
2025-07-16 00:00:00-04:00,22.989999771118164,23.1299991607666,22.25,22.690000534057617,58865900
2025-07-17 00:00:00-04:00,22.65999984741211,23.049999237060547,22.59000015258789,22.799999237060547,49384000
2025-07-18 00:00:00-04:00,23.219999313354492,23.59000015258789,22.899999618530273,23.100000381469727,60195600
2025-07-21 00:00:00-04:00,23.399999618530273,23.829999923706055,23.15999984741211,23.260000228881836,61658000
2025-07-22 00:00:00-04:00,23.34000015258789,23.540000915527344,23.079999923706055,23.239999771118164,53969800
2025-07-23 00:00:00-04:00,23.260000228881836,23.6200008392334,22.920000076293945,23.489999771118164,68711700
2025-07-24 00:00:00-04:00,23.489999771118164,23.579999923706055,22.600000381469727,22.6299991607666,131963300
2025-07-25 00:00:00-04:00,20.68000030517578,21.049999237060547,20.360000610351562,20.700000762939453,245077700
2025-07-28 00:00:00-04:00,20.81999969482422,21.290000915527344,20.649999618530273,20.68000030517578,86105600
2025-07-29 00:00:00-04:00,20.690000534057617,20.850000381469727,20.34000015258789,20.40999984741211,100831500
2025-07-30 00:00:00-04:00,20.43000030517578,20.6200008392334,20.079999923706055,20.34000015258789,67420300
2025-07-31 00:00:00-04:00,20.170000076293945,20.229999542236328,19.65999984741211,19.799999237060547,90665200
2025-08-01 00:00:00-04:00,19.5,19.549999237060547,18.969999313354492,19.309999465942383,86496100
2025-08-04 00:00:00-04:00,19.520000457763672,19.59000015258789,19.350000381469727,19.5,69249400
2025-08-05 00:00:00-04:00,19.700000762939453,20.540000915527344,19.68000030517578,20.190000534057617,97338200
2025-08-06 00:00:00-04:00,20.1200008392334,20.479999542236328,19.8700008392334,20.40999984741211,67074200
2025-08-07 00:00:00-04:00,20.0,20.440000534057617,19.600000381469727,19.770000457763672,131382800
2025-08-08 00:00:00-04:00,20.0,20.020000457763672,19.610000610351562,19.950000762939453,75415000
2025-08-11 00:00:00-04:00,20.450000762939453,21.600000381469727,20.440000534057617,20.649999618530273,175545600
2025-08-12 00:00:00-04:00,21.200000762939453,21.860000610351562,20.760000228881836,21.809999465942383,134153600
2025-08-13 00:00:00-04:00,21.6200008392334,22.299999237060547,21.360000610351562,22.219999313354492,86024400
2025-08-14 00:00:00-04:00,21.989999771118164,24.200000762939453,21.899999618530273,23.860000610351562,188052500
2025-08-15 00:00:00-04:00,25.010000228881836,25.649999618530273,24.110000610351562,24.559999465942383,310161100
2025-08-18 00:00:00-04:00,24.0,24.899999618530273,23.209999084472656,23.65999984741211,212515600
2025-08-19 00:00:00-04:00,24.940000534057617,26.530000686645508,24.940000534057617,25.309999465942383,297659200
2025-08-20 00:00:00-04:00,24.899999618530273,24.93000030517578,23.329999923706055,23.540000915527344,161149400
2025-08-21 00:00:00-04:00,23.530000686645508,23.56999969482422,22.780000686645508,23.5,97718300
2025-08-22 00:00:00-04:00,23.649999618530273,25.229999542236328,23.649999618530273,24.799999237060547,200266800
2025-08-25 00:00:00-04:00,25.5,25.8799991607666,24.440000534057617,24.549999237060547,156825600
2025-08-26 00:00:00-04:00,24.579999923706055,24.739999771118164,24.100000381469727,24.350000381469727,78558200
2025-08-27 00:00:00-04:00,24.190000534057617,24.989999771118164,24.049999237060547,24.850000381469727,90934400
2025-08-28 00:00:00-04:00,24.959999084472656,25.139999389648438,24.610000610351562,24.93000030517578,60035100
2025-08-29 00:00:00-04:00,24.760000228881836,24.969999313354492,24.280000686645508,24.350000381469727,63734400
2025-09-02 00:00:00-04:00,23.8799991607666,24.239999771118164,23.68000030517578,24.209999084472656,57661800
2025-09-03 00:00:00-04:00,24.09000015258789,24.09000015258789,23.719999313354492,24.0,47822900
2025-09-04 00:00:00-04:00,23.850000381469727,24.639999389648438,23.75,24.610000610351562,59056500
2025-09-05 00:00:00-04:00,24.600000381469727,24.709999084472656,24.170000076293945,24.489999771118164,55975300
2025-09-08 00:00:00-04:00,24.479999542236328,24.739999771118164,24.1200008392334,24.479999542236328,51122100
2025-09-09 00:00:00-04:00,24.530000686645508,24.809999465942383,24.270000457763672,24.440000534057617,42146200
2025-09-10 00:00:00-04:00,24.420000076293945,24.8700008392334,24.280000686645508,24.770000457763672,61600700
2025-09-11 00:00:00-04:00,24.760000228881836,24.93000030517578,24.56999969482422,24.610000610351562,55536900
2025-09-12 00:00:00-04:00,24.610000610351562,24.6299991607666,24.049999237060547,24.079999923706055,52672800
2025-09-15 00:00:00-04:00,24.329999923706055,25.459999084472656,24.219999313354492,24.770000457763672,83951600
2025-09-16 00:00:00-04:00,24.81999969482422,25.34000015258789,24.690000534057617,25.270000457763672,60336600
2025-09-17 00:00:00-04:00,25.079999923706055,25.260000228881836,24.450000762939453,24.899999618530273,63093700
2025-09-18 00:00:00-04:00,31.780000686645508,32.380001068115234,30.15999984741211,30.56999969482422,523908000
2025-09-19 00:00:00-04:00,30.3799991607666,30.6299991607666,29.329999923706055,29.579999923706055,225702900
2025-09-22 00:00:00-04:00,29.670000076293945,30.100000381469727,28.729999542236328,28.760000228881836,130314500
2025-09-23 00:00:00-04:00,28.989999771118164,30.200000762939453,28.81999969482422,29.34000015258789,126317900
2025-09-24 00:00:00-04:00,29.3799991607666,31.700000762939453,29.229999542236328,31.219999313354492,164458500
2025-09-25 00:00:00-04:00,31.610000610351562,34.25,31.209999084472656,33.9900016784668,295709300
2025-09-26 00:00:00-04:00,35.02000045776367,36.29999923706055,34.4900016784668,35.5,268583300
2025-09-29 00:00:00-04:00,34.52000045776367,35.04999923706055,33.72999954223633,34.47999954223633,152605900
2025-09-30 00:00:00-04:00,33.93000030517578,34.2400016784668,33.02000045776367,33.54999923706055,124818400
2025-10-01 00:00:00-04:00,33.529998779296875,36.060001373291016,33.5,35.939998626708984,162649700
2025-10-02 00:00:00-04:00,35.7599983215332,37.56999969482422,35.439998626708984,37.29999923706055,149361700
2025-10-03 00:00:00-04:00,37.95000076293945,38.08000183105469,36.45000076293945,36.83000183105469,125359300
2025-10-06 00:00:00-04:00,37.189998626708984,38.68000030517578,36.43000030517578,36.59000015258789,112086100
2025-10-07 00:00:00-04:00,36.63999938964844,38.04999923706055,36.349998474121094,37.16999816894531,111140200
2025-10-08 00:00:00-04:00,36.54999923706055,37.790000915527344,35.90999984741211,37.43000030517578,103202100
2025-10-09 00:00:00-04:00,37.529998779296875,38.099998474121094,36.86000061035156,37.79999923706055,89884700
2025-10-10 00:00:00-04:00,38.459999084472656,39.650001525878906,36.29999923706055,36.369998931884766,183063300
2025-10-13 00:00:00-04:00,36.439998626708984,37.5099983215332,36.279998779296875,37.220001220703125,104020700
2025-10-14 00:00:00-04:00,36.0,36.54999923706055,34.689998626708984,35.630001068115234,117908300
2025-10-15 00:00:00-04:00,36.400001525878906,37.4900016784668,35.63999938964844,37.150001525878906,99242700
2025-10-16 00:00:00-04:00,37.150001525878906,38.02000045776367,36.40999984741211,36.84000015258789,83357800
2025-10-17 00:00:00-04:00,36.36000061035156,38.380001068115234,36.08000183105469,37.0099983215332,119394700
2025-10-20 00:00:00-04:00,37.56999969482422,38.52000045776367,37.560001373291016,38.099998474121094,80230200
2025-10-21 00:00:00-04:00,38.13999938964844,38.349998474121094,37.66999816894531,38.119998931884766,73134900
2025-10-22 00:00:00-04:00,37.84000015258789,37.93000030517578,36.040000915527344,36.91999816894531,87099900
2025-10-23 00:00:00-04:00,36.599998474121094,38.400001525878906,36.43000030517578,38.15999984741211,121974200
2025-10-24 00:00:00-04:00,40.02000045776367,41.119998931884766,37.83000183105469,38.279998779296875,246380000
2025-10-27 00:00:00-04:00,38.38999938964844,40.66999816894531,38.22999954223633,39.540000915527344,160007600
2025-10-28 00:00:00-04:00,39.59000015258789,42.47999954223633,39.540000915527344,41.529998779296875,181256400
2025-10-29 00:00:00-04:00,41.599998474121094,42.040000915527344,40.91999816894531,41.34000015258789,106962900
2025-10-30 00:00:00-04:00,40.970001220703125,41.43000030517578,40.11000061035156,40.15999984741211,84855500
2025-10-31 00:00:00-04:00,40.68000030517578,40.83000183105469,39.790000915527344,39.9900016784668,80471400
2025-11-03 00:00:00-05:00,40.25,40.45000076293945,39.04999923706055,39.5,61267500
2025-11-04 00:00:00-05:00,38.13999938964844,38.25,36.630001068115234,37.029998779296875,102250300
2025-11-05 00:00:00-05:00,37.41999816894531,38.689998626708984,37.11000061035156,38.380001068115234,74631600
2025-11-06 00:00:00-05:00,38.34000015258789,39.84000015258789,36.79999923706055,37.2400016784668,77629900
2025-11-07 00:00:00-05:00,37.2599983215332,38.27000045776367,36.970001220703125,38.130001068115234,95521400
2025-11-10 00:00:00-05:00,38.93000030517578,39.529998779296875,37.970001220703125,38.45000076293945,77820300
2025-11-11 00:00:00-05:00,38.150001525878906,38.220001220703125,37.4900016784668,37.880001068115234,53741900
2025-11-12 00:00:00-05:00,38.060001373291016,38.20000076293945,37.349998474121094,37.88999938964844,53876000
2025-11-13 00:00:00-05:00,37.27000045776367,37.310001373291016,35.45000076293945,35.90999984741211,95593200
2025-11-14 00:00:00-05:00,35.029998779296875,36.099998474121094,34.619998931884766,35.52000045776367,71716200
2025-11-17 00:00:00-05:00,35.45000076293945,35.72999954223633,34.22999954223633,34.709999084472656,72580100
2025-11-18 00:00:00-05:00,34.25,34.7599983215332,33.56999969482422,34.33000183105469,61504800
2025-11-19 00:00:00-05:00,34.33000183105469,35.75,34.25,35.11000061035156,67115500
2025-11-20 00:00:00-05:00,36.0,36.68000030517578,33.47999954223633,33.619998931884766,96389100
2025-11-21 00:00:00-05:00,33.5099983215332,34.97999954223633,32.88999938964844,34.5,105641700
2025-11-24 00:00:00-05:00,34.970001220703125,36.15999984741211,34.689998626708984,35.790000915527344,103804200
2025-11-25 00:00:00-05:00,35.54999923706055,36.130001068115234,34.68000030517578,35.83000183105469,62203300
2025-11-26 00:00:00-05:00,36.20000076293945,37.2400016784668,36.130001068115234,36.810001373291016,54563400
2025-11-28 00:00:00-05:00,37.400001525878906,40.59000015258789,37.34000015258789,40.560001373291016,95799500
